/*
 Navicat Premium Data Transfer

 Source Server         : 本地mysql
 Source Server Type    : MySQL
 Source Server Version : 80020
 Source Host           : localhost:3306
 Source Schema         : ry-flowable-plus

 Target Server Type    : MySQL
 Target Server Version : 80020
 File Encoding         : 65001

 Date: 15/08/2024 22:21:27
*/

SET NAMES utf8mb4;
SET FOREIGN_KEY_CHECKS = 0;

-- ----------------------------
-- Table structure for act_evt_log
-- ----------------------------
DROP TABLE IF EXISTS `act_evt_log`;
CREATE TABLE `act_evt_log`  (
  `LOG_NR_` bigint NOT NULL AUTO_INCREMENT,
  `TYPE_` varchar(64) CHARACTER SET utf8 COLLATE utf8_bin NULL DEFAULT NULL,
  `PROC_DEF_ID_` varchar(64) CHARACTER SET utf8 COLLATE utf8_bin NULL DEFAULT NULL,
  `PROC_INST_ID_` varchar(64) CHARACTER SET utf8 COLLATE utf8_bin NULL DEFAULT NULL,
  `EXECUTION_ID_` varchar(64) CHARACTER SET utf8 COLLATE utf8_bin NULL DEFAULT NULL,
  `TASK_ID_` varchar(64) CHARACTER SET utf8 COLLATE utf8_bin NULL DEFAULT NULL,
  `TIME_STAMP_` timestamp(3) NOT NULL DEFAULT CURRENT_TIMESTAMP(3),
  `USER_ID_` varchar(255) CHARACTER SET utf8 COLLATE utf8_bin NULL DEFAULT NULL,
  `DATA_` longblob NULL,
  `LOCK_OWNER_` varchar(255) CHARACTER SET utf8 COLLATE utf8_bin NULL DEFAULT NULL,
  `LOCK_TIME_` timestamp(3) NULL DEFAULT NULL,
  `IS_PROCESSED_` tinyint NULL DEFAULT 0,
  PRIMARY KEY (`LOG_NR_`) USING BTREE
) ENGINE = InnoDB AUTO_INCREMENT = 1 CHARACTER SET = utf8 COLLATE = utf8_bin ROW_FORMAT = DYNAMIC;

-- ----------------------------
-- Records of act_evt_log
-- ----------------------------

-- ----------------------------
-- Table structure for act_ge_bytearray
-- ----------------------------
DROP TABLE IF EXISTS `act_ge_bytearray`;
CREATE TABLE `act_ge_bytearray`  (
  `ID_` varchar(64) CHARACTER SET utf8 COLLATE utf8_bin NOT NULL,
  `REV_` int NULL DEFAULT NULL,
  `NAME_` varchar(255) CHARACTER SET utf8 COLLATE utf8_bin NULL DEFAULT NULL,
  `DEPLOYMENT_ID_` varchar(64) CHARACTER SET utf8 COLLATE utf8_bin NULL DEFAULT NULL,
  `BYTES_` longblob NULL,
  `GENERATED_` tinyint NULL DEFAULT NULL,
  PRIMARY KEY (`ID_`) USING BTREE,
  INDEX `ACT_FK_BYTEARR_DEPL`(`DEPLOYMENT_ID_` ASC) USING BTREE,
  CONSTRAINT `ACT_FK_BYTEARR_DEPL` FOREIGN KEY (`DEPLOYMENT_ID_`) REFERENCES `act_re_deployment` (`ID_`) ON DELETE RESTRICT ON UPDATE RESTRICT
) ENGINE = InnoDB CHARACTER SET = utf8 COLLATE = utf8_bin ROW_FORMAT = DYNAMIC;

-- ----------------------------
-- Records of act_ge_bytearray
-- ----------------------------
INSERT INTO `act_ge_bytearray` VALUES ('171ba6d3-eec5-11ee-a9b2-a0e70b8d65c1', 1, 'var-field103', NULL, 0xACED0005737200136A6176612E7574696C2E41727261794C6973747881D21D99C7619D03000149000473697A65787000000001770400000001737200176A6176612E7574696C2E4C696E6B6564486173684D617034C04E5C106CC0FB0200015A000B6163636573734F72646572787200116A6176612E7574696C2E486173684D61700507DAC1C31660D103000246000A6C6F6164466163746F724900097468726573686F6C6478703F4000000000000C77080000001000000009740006737461747573740007737563636573737400046E616D6574001FE5BEAEE4BFA1E59BBEE789875F32303232303831393231333435352E6A706774000473697A65737200116A6176612E6C616E672E496E746567657212E2A0A4F781873802000149000576616C7565787200106A6176612E6C616E672E4E756D62657286AC951D0B94E08B020000787000033E8A74000A70657263656E746167657371007E000A000000647400037569647372000E6A6176612E6C616E672E4C6F6E673B8BE490CC8F23DF0200014A000576616C75657871007E000B0000018E90A9AD957400037261777371007E00023F400000000000017708000000020000000171007E000F7371007E00100000018E90A9AD957800740008726573706F6E73657371007E00023F4000000000000C77080000001000000003740004636F64657371007E000A000000C87400036D736774000CE6938DE4BD9CE68890E58A9F740004646174617371007E00023F4000000000000C770800000010000000037400056F737349647400133137373431343436353935333539323933343574000375726C74005D687474703A2F2F3139322E3136382E3230302E3132383A393030302F72756F79692D706C75732F63616F62696E2F323032342F30332F33312F63653536336561663538306534313530386435356361393564613734643836312E6A706774000866696C654E616D6574001FE5BEAEE4BFA1E59BBEE789875F32303232303831393231333435352E6A70677800780071007E001F74005D687474703A2F2F3139322E3136382E3230302E3132383A393030302F72756F79692D706C75732F63616F62696E2F323032342F30332F33312F63653536336561663538306534313530386435356361393564613734643836312E6A706771007E001D74001331373734313434363539353335393239333435780078, NULL);
INSERT INTO `act_ge_bytearray` VALUES ('171bcde5-eec5-11ee-a9b2-a0e70b8d65c1', 1, 'hist.var-field103', NULL, 0xACED0005737200136A6176612E7574696C2E41727261794C6973747881D21D99C7619D03000149000473697A65787000000001770400000001737200176A6176612E7574696C2E4C696E6B6564486173684D617034C04E5C106CC0FB0200015A000B6163636573734F72646572787200116A6176612E7574696C2E486173684D61700507DAC1C31660D103000246000A6C6F6164466163746F724900097468726573686F6C6478703F4000000000000C77080000001000000009740006737461747573740007737563636573737400046E616D6574001FE5BEAEE4BFA1E59BBEE789875F32303232303831393231333435352E6A706774000473697A65737200116A6176612E6C616E672E496E746567657212E2A0A4F781873802000149000576616C7565787200106A6176612E6C616E672E4E756D62657286AC951D0B94E08B020000787000033E8A74000A70657263656E746167657371007E000A000000647400037569647372000E6A6176612E6C616E672E4C6F6E673B8BE490CC8F23DF0200014A000576616C75657871007E000B0000018E90A9AD957400037261777371007E00023F400000000000017708000000020000000171007E000F7371007E00100000018E90A9AD957800740008726573706F6E73657371007E00023F4000000000000C77080000001000000003740004636F64657371007E000A000000C87400036D736774000CE6938DE4BD9CE68890E58A9F740004646174617371007E00023F4000000000000C770800000010000000037400056F737349647400133137373431343436353935333539323933343574000375726C74005D687474703A2F2F3139322E3136382E3230302E3132383A393030302F72756F79692D706C75732F63616F62696E2F323032342F30332F33312F63653536336561663538306534313530386435356361393564613734643836312E6A706774000866696C654E616D6574001FE5BEAEE4BFA1E59BBEE789875F32303232303831393231333435352E6A70677800780071007E001F74005D687474703A2F2F3139322E3136382E3230302E3132383A393030302F72756F79692D706C75732F63616F62696E2F323032342F30332F33312F63653536336561663538306534313530386435356361393564613734643836312E6A706771007E001D74001331373734313434363539353335393239333435780078, NULL);
INSERT INTO `act_ge_bytearray` VALUES ('171bf4f6-eec5-11ee-a9b2-a0e70b8d65c1', 1, 'var-field105', NULL, 0xACED0005737200136A6176612E7574696C2E41727261794C6973747881D21D99C7619D03000149000473697A6578700000000277040000000274000A323032342D30332D303674000A323032342D30342D313078, NULL);
INSERT INTO `act_ge_bytearray` VALUES ('171bf4f8-eec5-11ee-a9b2-a0e70b8d65c1', 1, 'hist.var-field105', NULL, 0xACED0005737200136A6176612E7574696C2E41727261794C6973747881D21D99C7619D03000149000473697A6578700000000277040000000274000A323032342D30332D303674000A323032342D30342D313078, NULL);
INSERT INTO `act_ge_bytearray` VALUES ('3296724f-ce06-11ee-83a2-a0e70b8d65c1', 1, 'source', NULL, 0x3C3F786D6C2076657273696F6E3D22312E302220656E636F64696E673D225554462D38223F3E0A3C62706D6E323A646566696E6974696F6E7320786D6C6E733A7873693D22687474703A2F2F7777772E77332E6F72672F323030312F584D4C536368656D612D696E7374616E63652220786D6C6E733A62706D6E323D22687474703A2F2F7777772E6F6D672E6F72672F737065632F42504D4E2F32303130303532342F4D4F44454C2220786D6C6E733A62706D6E64693D22687474703A2F2F7777772E6F6D672E6F72672F737065632F42504D4E2F32303130303532342F44492220786D6C6E733A64633D22687474703A2F2F7777772E6F6D672E6F72672F737065632F44442F32303130303532342F44432220786D6C6E733A64693D22687474703A2F2F7777772E6F6D672E6F72672F737065632F44442F32303130303532342F44492220786D6C6E733A666C6F7761626C653D22687474703A2F2F666C6F7761626C652E6F72672F62706D6E222069643D226469616772616D5F50726F636573735F3137303832313639303535393922207461726765744E616D6573706163653D22687474703A2F2F666C6F7761626C652E6F72672F62706D6E22207873693A736368656D614C6F636174696F6E3D22687474703A2F2F7777772E6F6D672E6F72672F737065632F42504D4E2F32303130303532342F4D4F44454C2042504D4E32302E787364223E0A20203C62706D6E323A70726F636573732069643D2250726F636573735F3137303832313639303535393922206E616D653D22E4B89AE58AA1E6B581E7A88B5F313730383231363930353539392220697345786563757461626C653D2274727565223E0A202020203C62706D6E323A73746172744576656E742069643D224576656E745F316174356E757A2220666C6F7761626C653A666F726D4B65793D226B65795F31373539303131383438313335313036353632223E0A2020202020203C62706D6E323A6F7574676F696E673E466C6F775F30757972776C343C2F62706D6E323A6F7574676F696E673E0A202020203C2F62706D6E323A73746172744576656E743E0A202020203C62706D6E323A656E644576656E742069643D224576656E745F307A3670356E62223E0A2020202020203C62706D6E323A696E636F6D696E673E466C6F775F313866743978613C2F62706D6E323A696E636F6D696E673E0A202020203C2F62706D6E323A656E644576656E743E0A202020203C62706D6E323A757365725461736B2069643D2241637469766974795F306D6F713773762220666C6F7761626C653A666F726D4B65793D226B65795F313735393031313834383133353130363536322220666C6F7761626C653A64617461547970653D2255534552532220666C6F7761626C653A61737369676E65653D22332220666C6F7761626C653A746578743D22E8B0A2E88081E69DBF223E0A2020202020203C62706D6E323A696E636F6D696E673E466C6F775F30757972776C343C2F62706D6E323A696E636F6D696E673E0A2020202020203C62706D6E323A6F7574676F696E673E466C6F775F31776B363431363C2F62706D6E323A6F7574676F696E673E0A202020203C2F62706D6E323A757365725461736B3E0A202020203C62706D6E323A757365725461736B2069643D2241637469766974795F30746A363533392220666C6F7761626C653A64617461547970653D2255534552532220666C6F7761626C653A61737369676E65653D22352220666C6F7761626C653A746578743D22E6B3A2E593A5223E0A2020202020203C62706D6E323A696E636F6D696E673E466C6F775F31776B363431363C2F62706D6E323A696E636F6D696E673E0A2020202020203C62706D6E323A6F7574676F696E673E466C6F775F313866743978613C2F62706D6E323A6F7574676F696E673E0A202020203C2F62706D6E323A757365725461736B3E0A202020203C62706D6E323A73657175656E6365466C6F772069643D22466C6F775F30757972776C342220736F757263655265663D224576656E745F316174356E757A22207461726765745265663D2241637469766974795F306D6F7137737622202F3E0A202020203C62706D6E323A73657175656E6365466C6F772069643D22466C6F775F31776B363431362220736F757263655265663D2241637469766974795F306D6F7137737622207461726765745265663D2241637469766974795F30746A3635333922202F3E0A202020203C62706D6E323A73657175656E6365466C6F772069643D22466C6F775F313866743978612220736F757263655265663D2241637469766974795F30746A3635333922207461726765745265663D224576656E745F307A3670356E6222202F3E0A20203C2F62706D6E323A70726F636573733E0A20203C62706D6E64693A42504D4E4469616772616D2069643D2242504D4E4469616772616D5F31223E0A202020203C62706D6E64693A42504D4E506C616E652069643D2242504D4E506C616E655F31222062706D6E456C656D656E743D2250726F636573735F31373038323136393035353939223E0A2020202020203C62706D6E64693A42504D4E456467652069643D22466C6F775F30757972776C345F6469222062706D6E456C656D656E743D22466C6F775F30757972776C34223E0A20202020202020203C64693A776179706F696E7420783D223232382220793D2231373022202F3E0A20202020202020203C64693A776179706F696E7420783D223239302220793D2231373022202F3E0A2020202020203C2F62706D6E64693A42504D4E456467653E0A2020202020203C62706D6E64693A42504D4E456467652069643D22466C6F775F31776B363431365F6469222062706D6E456C656D656E743D22466C6F775F31776B36343136223E0A20202020202020203C64693A776179706F696E7420783D223339302220793D2231373022202F3E0A20202020202020203C64693A776179706F696E7420783D223435302220793D2231373022202F3E0A2020202020203C2F62706D6E64693A42504D4E456467653E0A2020202020203C62706D6E64693A42504D4E456467652069643D22466C6F775F313866743978615F6469222062706D6E456C656D656E743D22466C6F775F31386674397861223E0A20202020202020203C64693A776179706F696E7420783D223535302220793D2231373022202F3E0A20202020202020203C64693A776179706F696E7420783D223633322220793D2231373022202F3E0A2020202020203C2F62706D6E64693A42504D4E456467653E0A2020202020203C62706D6E64693A42504D4E53686170652069643D224576656E745F316174356E757A5F6469222062706D6E456C656D656E743D224576656E745F316174356E757A223E0A20202020202020203C64633A426F756E647320783D223139322220793D22313532222077696474683D22333622206865696768743D22333622202F3E0A2020202020203C2F62706D6E64693A42504D4E53686170653E0A2020202020203C62706D6E64693A42504D4E53686170652069643D2241637469766974795F306D6F713773765F6469222062706D6E456C656D656E743D2241637469766974795F306D6F71377376223E0A20202020202020203C64633A426F756E647320783D223239302220793D22313330222077696474683D2231303022206865696768743D22383022202F3E0A2020202020203C2F62706D6E64693A42504D4E53686170653E0A2020202020203C62706D6E64693A42504D4E53686170652069643D2241637469766974795F30746A363533395F6469222062706D6E456C656D656E743D2241637469766974795F30746A36353339223E0A20202020202020203C64633A426F756E647320783D223435302220793D22313330222077696474683D2231303022206865696768743D22383022202F3E0A2020202020203C2F62706D6E64693A42504D4E53686170653E0A2020202020203C62706D6E64693A42504D4E53686170652069643D224576656E745F307A3670356E625F6469222062706D6E456C656D656E743D224576656E745F307A3670356E62223E0A20202020202020203C64633A426F756E647320783D223633322220793D22313532222077696474683D22333622206865696768743D22333622202F3E0A2020202020203C2F62706D6E64693A42504D4E53686170653E0A202020203C2F62706D6E64693A42504D4E506C616E653E0A20203C2F62706D6E64693A42504D4E4469616772616D3E0A3C2F62706D6E323A646566696E6974696F6E733E0A, NULL);
INSERT INTO `act_ge_bytearray` VALUES ('5ba39d13-ed11-11ee-82f5-a0e70b8d65c1', 1, 'var-field101', NULL, 0xACED0005737200136A6176612E7574696C2E41727261794C6973747881D21D99C7619D03000149000473697A65787000000001770400000001737200176A6176612E7574696C2E4C696E6B6564486173684D617034C04E5C106CC0FB0200015A000B6163636573734F72646572787200116A6176612E7574696C2E486173684D61700507DAC1C31660D103000246000A6C6F6164466163746F724900097468726573686F6C6478703F4000000000000C77080000001000000009740006737461747573740007737563636573737400046E616D6574001FE5BEAEE4BFA1E59BBEE789875F32303232303831393231333435352E6A706774000473697A65737200116A6176612E6C616E672E496E746567657212E2A0A4F781873802000149000576616C7565787200106A6176612E6C616E672E4E756D62657286AC951D0B94E08B020000787000033E8A74000A70657263656E746167657371007E000A000000647400037569647372000E6A6176612E6C616E672E4C6F6E673B8BE490CC8F23DF0200014A000576616C75657871007E000B0000018E8582C0F07400037261777371007E00023F400000000000017708000000020000000171007E000F7371007E00100000018E8582C0F07800740008726573706F6E73657371007E00023F4000000000000C77080000001000000003740004636F64657371007E000A000000C87400036D736774000CE6938DE4BD9CE68890E58A9F740004646174617371007E00023F4000000000000C770800000010000000037400056F737349647400133137373333353939303239393637303532383274000375726C74005D687474703A2F2F3139322E3136382E3230302E3132383A393030302F72756F79692D706C75732F63616F62696E2F323032342F30332F32382F33316635663333396666376234356466386637393763643563613532666663302E6A706774000866696C654E616D6574001FE5BEAEE4BFA1E59BBEE789875F32303232303831393231333435352E6A70677800780071007E001F74005D687474703A2F2F3139322E3136382E3230302E3132383A393030302F72756F79692D706C75732F63616F62696E2F323032342F30332F32382F33316635663333396666376234356466386637393763643563613532666663302E6A706771007E001D74001331373733333539393032393936373035323832780078, NULL);
INSERT INTO `act_ge_bytearray` VALUES ('5ba46065-ed11-11ee-82f5-a0e70b8d65c1', 1, 'hist.var-field101', NULL, 0xACED0005737200136A6176612E7574696C2E41727261794C6973747881D21D99C7619D03000149000473697A65787000000001770400000001737200176A6176612E7574696C2E4C696E6B6564486173684D617034C04E5C106CC0FB0200015A000B6163636573734F72646572787200116A6176612E7574696C2E486173684D61700507DAC1C31660D103000246000A6C6F6164466163746F724900097468726573686F6C6478703F4000000000000C77080000001000000009740006737461747573740007737563636573737400046E616D6574001FE5BEAEE4BFA1E59BBEE789875F32303232303831393231333435352E6A706774000473697A65737200116A6176612E6C616E672E496E746567657212E2A0A4F781873802000149000576616C7565787200106A6176612E6C616E672E4E756D62657286AC951D0B94E08B020000787000033E8A74000A70657263656E746167657371007E000A000000647400037569647372000E6A6176612E6C616E672E4C6F6E673B8BE490CC8F23DF0200014A000576616C75657871007E000B0000018E8582C0F07400037261777371007E00023F400000000000017708000000020000000171007E000F7371007E00100000018E8582C0F07800740008726573706F6E73657371007E00023F4000000000000C77080000001000000003740004636F64657371007E000A000000C87400036D736774000CE6938DE4BD9CE68890E58A9F740004646174617371007E00023F4000000000000C770800000010000000037400056F737349647400133137373333353939303239393637303532383274000375726C74005D687474703A2F2F3139322E3136382E3230302E3132383A393030302F72756F79692D706C75732F63616F62696E2F323032342F30332F32382F33316635663333396666376234356466386637393763643563613532666663302E6A706774000866696C654E616D6574001FE5BEAEE4BFA1E59BBEE789875F32303232303831393231333435352E6A70677800780071007E001F74005D687474703A2F2F3139322E3136382E3230302E3132383A393030302F72756F79692D706C75732F63616F62696E2F323032342F30332F32382F33316635663333396666376234356466386637393763643563613532666663302E6A706771007E001D74001331373733333539393032393936373035323832780078, NULL);
INSERT INTO `act_ge_bytearray` VALUES ('8dd26786-ed10-11ee-82f5-a0e70b8d65c1', 1, 'source', NULL, 0x3C3F786D6C2076657273696F6E3D22312E302220656E636F64696E673D225554462D38223F3E0A3C62706D6E323A646566696E6974696F6E7320786D6C6E733A7873693D22687474703A2F2F7777772E77332E6F72672F323030312F584D4C536368656D612D696E7374616E63652220786D6C6E733A62706D6E323D22687474703A2F2F7777772E6F6D672E6F72672F737065632F42504D4E2F32303130303532342F4D4F44454C2220786D6C6E733A62706D6E64693D22687474703A2F2F7777772E6F6D672E6F72672F737065632F42504D4E2F32303130303532342F44492220786D6C6E733A64633D22687474703A2F2F7777772E6F6D672E6F72672F737065632F44442F32303130303532342F44432220786D6C6E733A64693D22687474703A2F2F7777772E6F6D672E6F72672F737065632F44442F32303130303532342F44492220786D6C6E733A666C6F7761626C653D22687474703A2F2F666C6F7761626C652E6F72672F62706D6E222069643D226469616772616D5F50726F636573735F3137313136333634353832363622207461726765744E616D6573706163653D22687474703A2F2F666C6F7761626C652E6F72672F62706D6E22207873693A736368656D614C6F636174696F6E3D22687474703A2F2F7777772E6F6D672E6F72672F737065632F42504D4E2F32303130303532342F4D4F44454C2042504D4E32302E787364223E0A20203C62706D6E323A70726F636573732069643D2250726F636573735F3137313136333634353832363622206E616D653D22E4B89AE58AA1E6B581E7A88B5F313731313633363435383236362220697345786563757461626C653D2274727565223E0A202020203C62706D6E323A73746172744576656E742069643D224576656E745F306A6D616B72792220666C6F7761626C653A666F726D4B65793D226B65795F31373733333531363039393035353930323733223E0A2020202020203C62706D6E323A6F7574676F696E673E466C6F775F307538617574363C2F62706D6E323A6F7574676F696E673E0A202020203C2F62706D6E323A73746172744576656E743E0A202020203C62706D6E323A656E644576656E742069643D224576656E745F3134673679736D223E0A2020202020203C62706D6E323A696E636F6D696E673E466C6F775F307931666961753C2F62706D6E323A696E636F6D696E673E0A202020203C2F62706D6E323A656E644576656E743E0A202020203C62706D6E323A757365725461736B2069643D2241637469766974795F30786A766A37742220666C6F7761626C653A666F726D4B65793D22223E0A2020202020203C62706D6E323A696E636F6D696E673E466C6F775F307538617574363C2F62706D6E323A696E636F6D696E673E0A2020202020203C62706D6E323A6F7574676F696E673E466C6F775F316E72706764773C2F62706D6E323A6F7574676F696E673E0A202020203C2F62706D6E323A757365725461736B3E0A202020203C62706D6E323A757365725461736B2069643D2241637469766974795F31307772373763223E0A2020202020203C62706D6E323A696E636F6D696E673E466C6F775F316E72706764773C2F62706D6E323A696E636F6D696E673E0A2020202020203C62706D6E323A6F7574676F696E673E466C6F775F307931666961753C2F62706D6E323A6F7574676F696E673E0A202020203C2F62706D6E323A757365725461736B3E0A202020203C62706D6E323A73657175656E6365466C6F772069643D22466C6F775F307538617574362220736F757263655265663D224576656E745F306A6D616B727922207461726765745265663D2241637469766974795F30786A766A377422202F3E0A202020203C62706D6E323A73657175656E6365466C6F772069643D22466C6F775F316E72706764772220736F757263655265663D2241637469766974795F30786A766A377422207461726765745265663D2241637469766974795F3130777237376322202F3E0A202020203C62706D6E323A73657175656E6365466C6F772069643D22466C6F775F307931666961752220736F757263655265663D2241637469766974795F3130777237376322207461726765745265663D224576656E745F3134673679736D22202F3E0A20203C2F62706D6E323A70726F636573733E0A20203C62706D6E64693A42504D4E4469616772616D2069643D2242504D4E4469616772616D5F31223E0A202020203C62706D6E64693A42504D4E506C616E652069643D2242504D4E506C616E655F31222062706D6E456C656D656E743D2250726F636573735F31373131363336343538323636223E0A2020202020203C62706D6E64693A42504D4E456467652069643D22466C6F775F307538617574365F6469222062706D6E456C656D656E743D22466C6F775F30753861757436223E0A20202020202020203C64693A776179706F696E7420783D223430302220793D2231303822202F3E0A20202020202020203C64693A776179706F696E7420783D223430302220793D2231363022202F3E0A2020202020203C2F62706D6E64693A42504D4E456467653E0A2020202020203C62706D6E64693A42504D4E456467652069643D22466C6F775F316E72706764775F6469222062706D6E456C656D656E743D22466C6F775F316E7270676477223E0A20202020202020203C64693A776179706F696E7420783D223430302220793D2232343022202F3E0A20202020202020203C64693A776179706F696E7420783D223430302220793D2232373022202F3E0A2020202020203C2F62706D6E64693A42504D4E456467653E0A2020202020203C62706D6E64693A42504D4E456467652069643D22466C6F775F307931666961755F6469222062706D6E456C656D656E743D22466C6F775F30793166696175223E0A20202020202020203C64693A776179706F696E7420783D223430302220793D2233353022202F3E0A20202020202020203C64693A776179706F696E7420783D223430302220793D2234323222202F3E0A2020202020203C2F62706D6E64693A42504D4E456467653E0A2020202020203C62706D6E64693A42504D4E53686170652069643D224576656E745F306A6D616B72795F6469222062706D6E456C656D656E743D224576656E745F306A6D616B7279223E0A20202020202020203C64633A426F756E647320783D223338322220793D223732222077696474683D22333622206865696768743D22333622202F3E0A2020202020203C2F62706D6E64693A42504D4E53686170653E0A2020202020203C62706D6E64693A42504D4E53686170652069643D2241637469766974795F313077723737635F6469222062706D6E456C656D656E743D2241637469766974795F31307772373763223E0A20202020202020203C64633A426F756E647320783D223335302220793D22323730222077696474683D2231303022206865696768743D22383022202F3E0A2020202020203C2F62706D6E64693A42504D4E53686170653E0A2020202020203C62706D6E64693A42504D4E53686170652069643D224576656E745F3134673679736D5F6469222062706D6E456C656D656E743D224576656E745F3134673679736D223E0A20202020202020203C64633A426F756E647320783D223338322220793D22343232222077696474683D22333622206865696768743D22333622202F3E0A2020202020203C2F62706D6E64693A42504D4E53686170653E0A2020202020203C62706D6E64693A42504D4E53686170652069643D2241637469766974795F30786A766A37745F6469222062706D6E456C656D656E743D2241637469766974795F30786A766A3774223E0A20202020202020203C64633A426F756E647320783D223335302220793D22313630222077696474683D2231303022206865696768743D22383022202F3E0A2020202020203C2F62706D6E64693A42504D4E53686170653E0A202020203C2F62706D6E64693A42504D4E506C616E653E0A20203C2F62706D6E64693A42504D4E4469616772616D3E0A3C2F62706D6E323A646566696E6974696F6E733E0A, NULL);
INSERT INTO `act_ge_bytearray` VALUES ('92352568-ed10-11ee-82f5-a0e70b8d65c1', 1, '业务流程_1708216905599.bpmn', '92352567-ed10-11ee-82f5-a0e70b8d65c1', 0x3C3F786D6C2076657273696F6E3D22312E302220656E636F64696E673D225554462D38223F3E0A3C62706D6E323A646566696E6974696F6E7320786D6C6E733A7873693D22687474703A2F2F7777772E77332E6F72672F323030312F584D4C536368656D612D696E7374616E63652220786D6C6E733A62706D6E323D22687474703A2F2F7777772E6F6D672E6F72672F737065632F42504D4E2F32303130303532342F4D4F44454C2220786D6C6E733A62706D6E64693D22687474703A2F2F7777772E6F6D672E6F72672F737065632F42504D4E2F32303130303532342F44492220786D6C6E733A64633D22687474703A2F2F7777772E6F6D672E6F72672F737065632F44442F32303130303532342F44432220786D6C6E733A64693D22687474703A2F2F7777772E6F6D672E6F72672F737065632F44442F32303130303532342F44492220786D6C6E733A666C6F7761626C653D22687474703A2F2F666C6F7761626C652E6F72672F62706D6E222069643D226469616772616D5F50726F636573735F3137303832313639303535393922207461726765744E616D6573706163653D22687474703A2F2F666C6F7761626C652E6F72672F62706D6E22207873693A736368656D614C6F636174696F6E3D22687474703A2F2F7777772E6F6D672E6F72672F737065632F42504D4E2F32303130303532342F4D4F44454C2042504D4E32302E787364223E0A20203C62706D6E323A70726F636573732069643D2250726F636573735F3137303832313639303535393922206E616D653D22E4B89AE58AA1E6B581E7A88B5F313730383231363930353539392220697345786563757461626C653D2274727565223E0A202020203C62706D6E323A73746172744576656E742069643D224576656E745F316174356E757A2220666C6F7761626C653A666F726D4B65793D226B65795F31373539303131383438313335313036353632223E0A2020202020203C62706D6E323A6F7574676F696E673E466C6F775F30757972776C343C2F62706D6E323A6F7574676F696E673E0A202020203C2F62706D6E323A73746172744576656E743E0A202020203C62706D6E323A656E644576656E742069643D224576656E745F307A3670356E62223E0A2020202020203C62706D6E323A696E636F6D696E673E466C6F775F313866743978613C2F62706D6E323A696E636F6D696E673E0A202020203C2F62706D6E323A656E644576656E743E0A202020203C62706D6E323A757365725461736B2069643D2241637469766974795F306D6F713773762220666C6F7761626C653A666F726D4B65793D226B65795F313735393031313834383133353130363536322220666C6F7761626C653A64617461547970653D2255534552532220666C6F7761626C653A61737369676E65653D22332220666C6F7761626C653A746578743D22E8B0A2E88081E69DBF223E0A2020202020203C62706D6E323A696E636F6D696E673E466C6F775F30757972776C343C2F62706D6E323A696E636F6D696E673E0A2020202020203C62706D6E323A6F7574676F696E673E466C6F775F31776B363431363C2F62706D6E323A6F7574676F696E673E0A202020203C2F62706D6E323A757365725461736B3E0A202020203C62706D6E323A757365725461736B2069643D2241637469766974795F30746A363533392220666C6F7761626C653A64617461547970653D2255534552532220666C6F7761626C653A61737369676E65653D22352220666C6F7761626C653A746578743D22E6B3A2E593A5223E0A2020202020203C62706D6E323A696E636F6D696E673E466C6F775F31776B363431363C2F62706D6E323A696E636F6D696E673E0A2020202020203C62706D6E323A6F7574676F696E673E466C6F775F313866743978613C2F62706D6E323A6F7574676F696E673E0A202020203C2F62706D6E323A757365725461736B3E0A202020203C62706D6E323A73657175656E6365466C6F772069643D22466C6F775F30757972776C342220736F757263655265663D224576656E745F316174356E757A22207461726765745265663D2241637469766974795F306D6F7137737622202F3E0A202020203C62706D6E323A73657175656E6365466C6F772069643D22466C6F775F31776B363431362220736F757263655265663D2241637469766974795F306D6F7137737622207461726765745265663D2241637469766974795F30746A3635333922202F3E0A202020203C62706D6E323A73657175656E6365466C6F772069643D22466C6F775F313866743978612220736F757263655265663D2241637469766974795F30746A3635333922207461726765745265663D224576656E745F307A3670356E6222202F3E0A20203C2F62706D6E323A70726F636573733E0A20203C62706D6E64693A42504D4E4469616772616D2069643D2242504D4E4469616772616D5F31223E0A202020203C62706D6E64693A42504D4E506C616E652069643D2242504D4E506C616E655F31222062706D6E456C656D656E743D2250726F636573735F31373038323136393035353939223E0A2020202020203C62706D6E64693A42504D4E456467652069643D22466C6F775F30757972776C345F6469222062706D6E456C656D656E743D22466C6F775F30757972776C34223E0A20202020202020203C64693A776179706F696E7420783D223232382220793D2231373022202F3E0A20202020202020203C64693A776179706F696E7420783D223239302220793D2231373022202F3E0A2020202020203C2F62706D6E64693A42504D4E456467653E0A2020202020203C62706D6E64693A42504D4E456467652069643D22466C6F775F31776B363431365F6469222062706D6E456C656D656E743D22466C6F775F31776B36343136223E0A20202020202020203C64693A776179706F696E7420783D223339302220793D2231373022202F3E0A20202020202020203C64693A776179706F696E7420783D223435302220793D2231373022202F3E0A2020202020203C2F62706D6E64693A42504D4E456467653E0A2020202020203C62706D6E64693A42504D4E456467652069643D22466C6F775F313866743978615F6469222062706D6E456C656D656E743D22466C6F775F31386674397861223E0A20202020202020203C64693A776179706F696E7420783D223535302220793D2231373022202F3E0A20202020202020203C64693A776179706F696E7420783D223633322220793D2231373022202F3E0A2020202020203C2F62706D6E64693A42504D4E456467653E0A2020202020203C62706D6E64693A42504D4E53686170652069643D224576656E745F316174356E757A5F6469222062706D6E456C656D656E743D224576656E745F316174356E757A223E0A20202020202020203C64633A426F756E647320783D223139322220793D22313532222077696474683D22333622206865696768743D22333622202F3E0A2020202020203C2F62706D6E64693A42504D4E53686170653E0A2020202020203C62706D6E64693A42504D4E53686170652069643D2241637469766974795F306D6F713773765F6469222062706D6E456C656D656E743D2241637469766974795F306D6F71377376223E0A20202020202020203C64633A426F756E647320783D223239302220793D22313330222077696474683D2231303022206865696768743D22383022202F3E0A2020202020203C2F62706D6E64693A42504D4E53686170653E0A2020202020203C62706D6E64693A42504D4E53686170652069643D2241637469766974795F30746A363533395F6469222062706D6E456C656D656E743D2241637469766974795F30746A36353339223E0A20202020202020203C64633A426F756E647320783D223435302220793D22313330222077696474683D2231303022206865696768743D22383022202F3E0A2020202020203C2F62706D6E64693A42504D4E53686170653E0A2020202020203C62706D6E64693A42504D4E53686170652069643D224576656E745F307A3670356E625F6469222062706D6E456C656D656E743D224576656E745F307A3670356E62223E0A20202020202020203C64633A426F756E647320783D223633322220793D22313532222077696474683D22333622206865696768743D22333622202F3E0A2020202020203C2F62706D6E64693A42504D4E53686170653E0A202020203C2F62706D6E64693A42504D4E506C616E653E0A20203C2F62706D6E64693A42504D4E4469616772616D3E0A3C2F62706D6E323A646566696E6974696F6E733E0A, 0);
INSERT INTO `act_ge_bytearray` VALUES ('92557ea9-ed10-11ee-82f5-a0e70b8d65c1', 1, '业务流程_1708216905599.Process_1708216905599.png', '92352567-ed10-11ee-82f5-a0e70b8d65c1', 0x89504E470D0A1A0A0000000D49484452000002A6000000DC0806000000A25D631100000DB94944415478DAEDDD3F6C55D71D07F00C193A6460C8D02143860C192A91A143870E193A6488D40C38C60F10E1598426410E490A2808D2622541A4C44498284241822648D47205B456953606626C398F882AA2FC09A8144201E362A05003018C93DB732C3F7431D8D8F0FEE1F7F9483FA5F8516CBDFBBB3EDF77EEB9E73EF4100000000000000000000000000000000000000000000000000000000000000000000000000000000000000000000000000000000000000000000000000000000000000000000000000000000000000000000000000000000000000000000000000000000000000000000000000000000000000000000000000000000000000000000000000000000000000000000000000000000000000000000000000000000000000000000000000000000000000000000000000000000000000000000000000000000000000000000000000000000000000000000000000000000000000000000000000000000000000000000000000000000000000000000000000000000000000000000000000000000000000000000000000000000000000000000000000000000000000000000000000000000000000000000000000000000000000000000000000000000000000000000000000000000000005001922479F8D8B163ADBB77EFFE7EC78E1D497B7BBB2A716DDFBE3DE9ECEC3C176AA6FED30FFA0F80AA154341575757D2D7D7975CBF7E5D95A9CE9E3D9BECDAB5EB7F21244CD37F4AFF015095E24C95505031E1E07A7B7BFB21FDA7F41F0055295E3E3528574E85607043FF29FD0740558A6BCC0CC815150C12FDA7F41F0082E91875F9626F726CCF86E4E0F6C6A18AFF3B7ECD602E18E83FFD0700250B06972EF42407FEB62CF9C75F16DE52F16BF13503BA60A0FFF41F009424189C3CF8E7DB4241BE4E1D6C33A00B06FA4FFF01406982C1A12F568E1A0CE26B0674C140FFE93F0028493038D0FEDB5183417CCD802E18E83FFD0700828160A0FFF48DFE03A07A8241BC0B7AB460105F33A00B06FA4FFF01404982C191EEB5A30683F89A015D30D07FFA0F004A120CCEF7EC4B0E7CFE9BDB2FA386AFC5D70CE88281FED37F0050926010EBDBBF7F725B30885F33980B06FA4FFF0140E982C1B56BC9912F3FBAFD326AF85A7CCD802E18E83FFD0700450F06F1C93AFFEC6E1E758D5F7CCDD3770403FDA7FF00A078C1E0DAB5A4F7C8CE64FF5F978C1A0AF215FF4EFCBB66AF0403FDA7FF00A0A0C1E06EB35466AF0403FDA7FF00A024C1603CB35463CD5E19E00503FDA7FF00A020C1E05E4341BE0CF08281FED37F00509060A00403FDA7FF289D175E7861CAF4E9D3A7856A0E950BD51B2A4955FC73AEB6B6F6E3BABABA99A11EF5AE41999D3A756AEAD6AD5B3FF8F0C30F0F2C5DBAF4D2FCF9F3BF9F3163C6CD1377EEDCB9036FBCF1C6F9E5CB9777AE5AB5EA57E144FF91774D30100CF49FD27F952A04CD67C3F8D51682E6E088207AD70AFF9FF650CF3DFDF4D30F7B27A1449224793897CB2D5AB3664D6F089EC98A152B922D5BB6247BF7EE4D7A7A7A92C1C1C124EFFCF9F3C9BE7DFB926DDBB6256BD7AE4D42301D5CB870E197D96C76AA775230100CF49FD27F952204CB9F8650B97BA2617494DA13FEAD67BCAB5064BB76EDCAAE5EBDFAD2CB2FBF9CB4B6B626BDBDBDC9445CB87061E897EC2BAFBC72A3A1A1A13B9CBC8F7B570503C140FF29FD572E71763384C815779A215DBC78F1D058D7DDDD9D9C387122B97AF5EAD05836303030F4E7DDBB770F4DCC2C5BB66CB480DAEC4A21146996B4A5A5657F369B4D366FDE7CF3E4BC57715635CEA2CE9A35EB467D7DFD62EFB0602018E83FA5FF4A6DC68C198F8D9C250DE352B261C386094FBC1C3F7E3C59BF7E7DBC3238329CEE8FDFC7BB0D05124ECEC79B9B9BFB162C583074E21552FCF75E7BEDB5AB73E7CEDDE453A5602018E83FA5FF4A2504D2273399CCE974888C4BD3FAFAFAEE6B5C8B4BD81A1B1B4786D393AE1042814269BC741F2F53C4CBF0C510675FDF79E79D2BF5F5F59F59302E180806FA4F09A6A598294D87D2384BDAD1D171CB3D12F7ABABAB6BE8DF154EA140E2E5FB38531A43E9FD5EBA1FCFA5FDB7DF7EBB3F9CC4EBBDF3828160A0FF94605A2CC36B4A6F5EBE8F3BC91C3E7CB828635B5C833AE2D2FEFE9A9A9A471C05B807714D69BC7CDFDFDF9F94420CBF0D0D0DFDE197C422C15430100CF49F124C8B21DEE8949E292D56284D87D3F4368AF18628470126A8B3B3736EBCD1A9D06B4AC7B3E6349CC057C327CA27045303B260A0FF94605A48C35B42DDBCFB3E5EBE2F8578597FC47EA7B69282F18A97F0DF7FFFFDCBF1EEFB72D8B265CBC5104EB708A60664C140FF29C1B4C0B3A5BBD3373A15724DE9DD8CB8216A8F7B2A609CE2E6F9719FD262AF2B1D6BBD69369B3D93C9649E124C9560A0FFF49F605A08C34F74BA7909FF7EEFBEBF97BBF5D3EB4DE313A21C151887A6A6A6DEB8A17039B5B5B5C5BB173F154C9560A0FFF49F605A08F131A3F95018F7292D874D9B36DDF2F8524705EEE2D4A95353E3634627BAB170A1C5ADA93299CC7FAB756F53C14030D07F4A302D9C30964C49AF2D2DD718176769D33742859FE9514707C6B075EBD60FDE7BEFBDA412BCF9E69B7BE2A597C9F4FEC64FC8A17E2E180806FA4F09A6A5EBEB1002A7A51F335A4EE9C797869F7BA623086358B366CDC1F8DCDF4AB071E3C6FD936D5B8DF4259C10BA7F26180806FA4F09A6C5EFEB3896E4FF5EB997AAC53136FFB3849FF7634710C6B074E9D24B7BF7EEAD8860FAF5D75F1F09276E6E32FE024DD56777FAA42F180806FA4F09A685EBEB3896E45FEFEEEE2EEBD816F7354DFDAC394710C6307FFEFCEFCBBDBE34EFDCB97397C349DB3BC97F81DEFCA49FFE452A180806FA4F09A685EBEB3896E4BF7EE2C489B28E6D3D3D3DE99FB3D7118431C445D9A5DCD7ED6EE2895B0DBF40D39FF4E3A528C14030D07F4A302D5C5FA7FF3C303050D6712D7EFFF4CFE308C25D4EF04A328E5F3893B20483CA2AFDA7F4DFE4A94A1BDB240F7870664C2F55D18CE9D00E04F92781080666ACF49F32635AB8BE4E7FBD5C0F8F31630AF7E0A5975EBA5E296B4CCF9C3973A00AD698DE1208F20403C140FF29C1B4707D9D5E637AFCF8716B4CE141B168D1A2FF54CA5DF9B95CAE6312DF959F8B8FA31BED59C9828160A0FF94605AB8BE76573E3CA01A1B1B3FAF947D4C9B9A9ADA26E13EA6779CA1120C0403FDA704D3E2F5757A1FD3969616FB98C28362E5CA957356AD5AF5432504D379F3E6B54DB6273F8D97602018E83F25981634BC7AF2133C88E2B3E9B3D9ECC0F9F3E7CBBD87695C5F7A36FE3C82A9120CF49FFEE33EC7B629614CB9910F84478F1E2DCBD8D6D7D7976432991F52C1F4514707EE227C9AFCA2ADADADACC1B4B9B9F9F7E1A4FDB45A8F81602018E83F2598167CD6B42D1F08D7AD5B5796B16DD3A64DB73C00C0518171C866B3535F7CF1C5C1726DA931383878329CB0FF0A9F2A9F124C9560A0FFF49F605A087169583E14CE9A356B68F6B294E295C8D9B367A7674B9F7354609C5E7DF5D55DE5BA09EADD77DFDD184EDAD66A7EFF0503C140FF29C1B428B3A637EFCE6F6C6C2CE9BEDDF1FBA5B7B4BADB4D88404A4D4DCD8FE7CC9973BDD4FBBD7DF3CD37BBC2097B297CFF27045303B260A0FF94605A48CF3FFFFC2FD27B9E76747494646CEBEAEABA65AFD5BABABA671C0D98A04C26D3B060C182EF4A7549FFCA952B07C3F73C184EDA5F57FB7B2F180806FA4F09A6459B35FD5D3E20C6A71DC6D058EC7D4B67CE9CF9432A98363B0A708FEAEBEB3F59BE7C79D1C3E9E0E0E0F16C36BB339CB01F79D70503C140FF29C1B458861F519A4B87D3626DBA1F43E9ECD9B3BF4F85D2FD3535358F380A701F2770088C7F7AEBADB7FA8B154EE34C6908C05FC475A5D5BA3D94602018E83FA5FF4A2784D1C7C29873241D4EE365FD42AE398D33B123664A4F867ADCBB0F0508A7994C665D4343437FA1D79CC635A5C397EF3F124A0503C140FF29FD572A3124A6C369FE86A8FBBD5B3FDE7D3FE24627A1148AA1B6B6767EF85479B9A5A5E5C2C0C0C07D6F09357CF7FD256B4A0503C140FF29FD57C699D35C3A44C6ADA4366CD890F4F6F64E78F3FCB84F697A4BA8FCE57BA1148A24DEAD5F5757F7C770E25D6C6D6D3D1A3E19DE98E8139DE2E6F9E1DF381C2FDD87FF3EE95D150C0403FDA7F45FB9C4AB82B5B5B5AB4784C9A15AB26449D2D2D232B406355E31CC4FCAC4FFF6F4F40CAD21DDB66DDBD06346D34F744ADFE8644D299466F6F427A13E0E2762FFEBAFBFBE77FDFAF57BBFFAEAABA3A74F9FBE92CAA1976210CDE5721D4D4D4D6DF3E6CD8B4FDD381BC2E8E66ADE3C5F30100CF49FD27F9567782BA9DC9D02EA3DD41E5B424119C475A1C32773DC7E23DEC0F46DFA79C4A17A874FF4E6F8D40DEB480503C140FF29FD57E1132FCF0E3FBEF4C64403697CCC687CA293CDF301C1400906FA4FFF51C889972921A44E8F132BC3132CBD2382E8D0C44BBC7A18C2E8CCB8D4CDBB0608064A30D07FFA0F000403C140FF29FD078060A00403FDA7FF004030100CF49FD27F0008064A30D07FFA0F000403C140FF29FD078060AA0403FDA7FF004030100CF49FD27F0008A64A30D07FFA0F00040325982AFD0780606A40160CF49F124C01100C9460EAB8EB3F00100C0403FDA704530004032518E83FFD0700828160A0FF94FE034030508281FED37F0020180806FA4FE93F002AD58E1D3B0CC89553574330B8A1FF94FE03A02A757676F6F6F5F519942BA07A7A7AFE1082C121FDA7F41F005569E7CE9DBFECE8E8B878E6CC99EF0CCEE59BA98AA160FBF6EDFF0E354DFF29FD0740D50A83D1B3EDEDED7BE265BCB8C64C95BCE2FB7EA85A4381FED37F000000000000000000000000000000000000000000000000E3F67F628F2FCD3099F4A00000000049454E44AE426082, 1);
INSERT INTO `act_ge_bytearray` VALUES ('925e8ec1-ce06-11ee-83a2-a0e70b8d65c1', 1, '业务流程_1708216905599.bpmn', '925e67b0-ce06-11ee-83a2-a0e70b8d65c1', 0x3C3F786D6C2076657273696F6E3D22312E302220656E636F64696E673D225554462D38223F3E0A3C62706D6E323A646566696E6974696F6E7320786D6C6E733A7873693D22687474703A2F2F7777772E77332E6F72672F323030312F584D4C536368656D612D696E7374616E63652220786D6C6E733A62706D6E323D22687474703A2F2F7777772E6F6D672E6F72672F737065632F42504D4E2F32303130303532342F4D4F44454C2220786D6C6E733A62706D6E64693D22687474703A2F2F7777772E6F6D672E6F72672F737065632F42504D4E2F32303130303532342F44492220786D6C6E733A64633D22687474703A2F2F7777772E6F6D672E6F72672F737065632F44442F32303130303532342F44432220786D6C6E733A64693D22687474703A2F2F7777772E6F6D672E6F72672F737065632F44442F32303130303532342F44492220786D6C6E733A666C6F7761626C653D22687474703A2F2F666C6F7761626C652E6F72672F62706D6E222069643D226469616772616D5F50726F636573735F3137303832313639303535393922207461726765744E616D6573706163653D22687474703A2F2F666C6F7761626C652E6F72672F62706D6E22207873693A736368656D614C6F636174696F6E3D22687474703A2F2F7777772E6F6D672E6F72672F737065632F42504D4E2F32303130303532342F4D4F44454C2042504D4E32302E787364223E0A20203C62706D6E323A70726F636573732069643D2250726F636573735F3137303832313639303535393922206E616D653D22E4B89AE58AA1E6B581E7A88B5F313730383231363930353539392220697345786563757461626C653D2274727565223E0A202020203C62706D6E323A73746172744576656E742069643D224576656E745F316174356E757A2220666C6F7761626C653A666F726D4B65793D226B65795F31373539303131383438313335313036353632223E0A2020202020203C62706D6E323A6F7574676F696E673E466C6F775F30757972776C343C2F62706D6E323A6F7574676F696E673E0A202020203C2F62706D6E323A73746172744576656E743E0A202020203C62706D6E323A656E644576656E742069643D224576656E745F307A3670356E62223E0A2020202020203C62706D6E323A696E636F6D696E673E466C6F775F313866743978613C2F62706D6E323A696E636F6D696E673E0A202020203C2F62706D6E323A656E644576656E743E0A202020203C62706D6E323A757365725461736B2069643D2241637469766974795F306D6F713773762220666C6F7761626C653A666F726D4B65793D226B65795F313735393031313834383133353130363536322220666C6F7761626C653A64617461547970653D2255534552532220666C6F7761626C653A61737369676E65653D22332220666C6F7761626C653A746578743D22E8B0A2E88081E69DBF223E0A2020202020203C62706D6E323A696E636F6D696E673E466C6F775F30757972776C343C2F62706D6E323A696E636F6D696E673E0A2020202020203C62706D6E323A6F7574676F696E673E466C6F775F31776B363431363C2F62706D6E323A6F7574676F696E673E0A202020203C2F62706D6E323A757365725461736B3E0A202020203C62706D6E323A757365725461736B2069643D2241637469766974795F30746A363533392220666C6F7761626C653A64617461547970653D2255534552532220666C6F7761626C653A61737369676E65653D22352220666C6F7761626C653A746578743D22E6B3A2E593A5223E0A2020202020203C62706D6E323A696E636F6D696E673E466C6F775F31776B363431363C2F62706D6E323A696E636F6D696E673E0A2020202020203C62706D6E323A6F7574676F696E673E466C6F775F313866743978613C2F62706D6E323A6F7574676F696E673E0A202020203C2F62706D6E323A757365725461736B3E0A202020203C62706D6E323A73657175656E6365466C6F772069643D22466C6F775F30757972776C342220736F757263655265663D224576656E745F316174356E757A22207461726765745265663D2241637469766974795F306D6F7137737622202F3E0A202020203C62706D6E323A73657175656E6365466C6F772069643D22466C6F775F31776B363431362220736F757263655265663D2241637469766974795F306D6F7137737622207461726765745265663D2241637469766974795F30746A3635333922202F3E0A202020203C62706D6E323A73657175656E6365466C6F772069643D22466C6F775F313866743978612220736F757263655265663D2241637469766974795F30746A3635333922207461726765745265663D224576656E745F307A3670356E6222202F3E0A20203C2F62706D6E323A70726F636573733E0A20203C62706D6E64693A42504D4E4469616772616D2069643D2242504D4E4469616772616D5F31223E0A202020203C62706D6E64693A42504D4E506C616E652069643D2242504D4E506C616E655F31222062706D6E456C656D656E743D2250726F636573735F31373038323136393035353939223E0A2020202020203C62706D6E64693A42504D4E456467652069643D22466C6F775F30757972776C345F6469222062706D6E456C656D656E743D22466C6F775F30757972776C34223E0A20202020202020203C64693A776179706F696E7420783D223232382220793D2231373022202F3E0A20202020202020203C64693A776179706F696E7420783D223239302220793D2231373022202F3E0A2020202020203C2F62706D6E64693A42504D4E456467653E0A2020202020203C62706D6E64693A42504D4E456467652069643D22466C6F775F31776B363431365F6469222062706D6E456C656D656E743D22466C6F775F31776B36343136223E0A20202020202020203C64693A776179706F696E7420783D223339302220793D2231373022202F3E0A20202020202020203C64693A776179706F696E7420783D223435302220793D2231373022202F3E0A2020202020203C2F62706D6E64693A42504D4E456467653E0A2020202020203C62706D6E64693A42504D4E456467652069643D22466C6F775F313866743978615F6469222062706D6E456C656D656E743D22466C6F775F31386674397861223E0A20202020202020203C64693A776179706F696E7420783D223535302220793D2231373022202F3E0A20202020202020203C64693A776179706F696E7420783D223633322220793D2231373022202F3E0A2020202020203C2F62706D6E64693A42504D4E456467653E0A2020202020203C62706D6E64693A42504D4E53686170652069643D224576656E745F316174356E757A5F6469222062706D6E456C656D656E743D224576656E745F316174356E757A223E0A20202020202020203C64633A426F756E647320783D223139322220793D22313532222077696474683D22333622206865696768743D22333622202F3E0A2020202020203C2F62706D6E64693A42504D4E53686170653E0A2020202020203C62706D6E64693A42504D4E53686170652069643D2241637469766974795F306D6F713773765F6469222062706D6E456C656D656E743D2241637469766974795F306D6F71377376223E0A20202020202020203C64633A426F756E647320783D223239302220793D22313330222077696474683D2231303022206865696768743D22383022202F3E0A2020202020203C2F62706D6E64693A42504D4E53686170653E0A2020202020203C62706D6E64693A42504D4E53686170652069643D2241637469766974795F30746A363533395F6469222062706D6E456C656D656E743D2241637469766974795F30746A36353339223E0A20202020202020203C64633A426F756E647320783D223435302220793D22313330222077696474683D2231303022206865696768743D22383022202F3E0A2020202020203C2F62706D6E64693A42504D4E53686170653E0A2020202020203C62706D6E64693A42504D4E53686170652069643D224576656E745F307A3670356E625F6469222062706D6E456C656D656E743D224576656E745F307A3670356E62223E0A20202020202020203C64633A426F756E647320783D223633322220793D22313532222077696474683D22333622206865696768743D22333622202F3E0A2020202020203C2F62706D6E64693A42504D4E53686170653E0A202020203C2F62706D6E64693A42504D4E506C616E653E0A20203C2F62706D6E64693A42504D4E4469616772616D3E0A3C2F62706D6E323A646566696E6974696F6E733E0A, 0);
INSERT INTO `act_ge_bytearray` VALUES ('930d1e42-ce06-11ee-83a2-a0e70b8d65c1', 1, '业务流程_1708216905599.Process_1708216905599.png', '925e67b0-ce06-11ee-83a2-a0e70b8d65c1', 0x89504E470D0A1A0A0000000D49484452000002A6000000DC0806000000A25D631100000DB94944415478DAEDDD3F6C55D71D07F00C193A6460C8D02143860C192A91A143870E193A6488D40C38C60F10E1598426410E490A2808D2622541A4C44498284241822648D47205B456953606626C398F882AA2FC09A8144201E362A05003018C93DB732C3F7431D8D8F0FEE1F7F9483FA5F8516CBDFBBB3EDF77EEB9E73EF4100000000000000000000000000000000000000000000000000000000000000000000000000000000000000000000000000000000000000000000000000000000000000000000000000000000000000000000000000000000000000000000000000000000000000000000000000000000000000000000000000000000000000000000000000000000000000000000000000000000000000000000000000000000000000000000000000000000000000000000000000000000000000000000000000000000000000000000000000000000000000000000000000000000000000000000000000000000000000000000000000000000000000000000000000000000000000000000000000000000000000000000000000000000000000000000000000000000000000000000000000000000000000000000000000000000000000000000000000000000000000000000000000000000000005001922479F8D8B163ADBB77EFFE7EC78E1D497B7BBB2A716DDFBE3DE9ECEC3C176AA6FED30FFA0F80AA154341575757D2D7D7975CBF7E5D95A9CE9E3D9BECDAB5EB7F21244CD37F4AFF015095E24C95505031E1E07A7B7BFB21FDA7F41F0055295E3E3528574E85607043FF29FD0740558A6BCC0CC815150C12FDA7F41F0082E91875F9626F726CCF86E4E0F6C6A18AFF3B7ECD602E18E83FFD0700250B06972EF42407FEB62CF9C75F16DE52F16BF13503BA60A0FFF41F009424189C3CF8E7DB4241BE4E1D6C33A00B06FA4FFF01406982C1A12F568E1A0CE26B0674C140FFE93F0028493038D0FEDB5183417CCD802E18E83FFD0700828160A0FFF48DFE03A07A8241BC0B7AB460105F33A00B06FA4FFF01404982C191EEB5A30683F89A015D30D07FFA0F004A120CCEF7EC4B0E7CFE9BDB2FA386AFC5D70CE88281FED37F0050926010EBDBBF7F725B30885F33980B06FA4FFF0140E982C1B56BC9912F3FBAFD326AF85A7CCD802E18E83FFD0700450F06F1C93AFFEC6E1E758D5F7CCDD3770403FDA7FF00A078C1E0DAB5A4F7C8CE64FF5F978C1A0AF215FF4EFCBB66AF0403FDA7FF00A0A0C1E06EB35466AF0403FDA7FF00A024C1603CB35463CD5E19E00503FDA7FF00A020C1E05E4341BE0CF08281FED37F00509060A00403FDA7FF289D175E7861CAF4E9D3A7856A0E950BD51B2A4955FC73AEB6B6F6E3BABABA99A11EF5AE41999D3A756AEAD6AD5B3FF8F0C30F0F2C5DBAF4D2FCF9F3BF9F3163C6CD1377EEDCB9036FBCF1C6F9E5CB9777AE5AB5EA57E144FF91774D30100CF49FD27F952A04CD67C3F8D51682E6E088207AD70AFF9FF650CF3DFDF4D30F7B27A1449224793897CB2D5AB3664D6F089EC98A152B922D5BB6247BF7EE4D7A7A7A92C1C1C124EFFCF9F3C9BE7DFB926DDBB6256BD7AE4D42301D5CB870E197D96C76AA775230100CF49FD27F952204CB9F8650B97BA2617494DA13FEAD67BCAB5064BB76EDCAAE5EBDFAD2CB2FBF9CB4B6B626BDBDBDC9445CB87061E897EC2BAFBC72A3A1A1A13B9CBC8F7B570503C140FF29FD572E71763384C815779A215DBC78F1D058D7DDDD9D9C387122B97AF5EAD05836303030F4E7DDBB770F4DCC2C5BB66CB480DAEC4A21146996B4A5A5657F369B4D366FDE7CF3E4BC57715635CEA2CE9A35EB467D7DFD62EFB0602018E83FA5FF4A6DC68C198F8D9C250DE352B261C386094FBC1C3F7E3C59BF7E7DBC3238329CEE8FDFC7BB0D05124ECEC79B9B9BFB162C583074E21552FCF75E7BEDB5AB73E7CEDDE453A5602018E83FA5FF4A2504D2273399CCE974888C4BD3FAFAFAEE6B5C8B4BD81A1B1B4786D393AE1042814269BC741F2F53C4CBF0C510675FDF79E79D2BF5F5F59F59302E180806FA4F09A6A598294D87D2384BDAD1D171CB3D12F7ABABAB6BE8DF154EA140E2E5FB38531A43E9FD5EBA1FCFA5FDB7DF7EBB3F9CC4EBBDF3828160A0FF94605A2CC36B4A6F5EBE8F3BC91C3E7CB828635B5C833AE2D2FEFE9A9A9A471C05B807714D69BC7CDFDFDF9F94420CBF0D0D0DFDE197C422C15430100CF49F124C8B21DEE8949E292D56284D87D3F4368AF18628470126A8B3B3736EBCD1A9D06B4AC7B3E6349CC057C327CA27045303B260A0FF94605A48C35B42DDBCFB3E5EBE2F8578597FC47EA7B69282F18A97F0DF7FFFFDCBF1EEFB72D8B265CBC5104EB708A60664C140FF29C1B4C0B3A5BBD3373A15724DE9DD8CB8216A8F7B2A609CE2E6F9719FD262AF2B1D6BBD69369B3D93C9649E124C9560A0FFF49F605A08C34F74BA7909FF7EEFBEBF97BBF5D3EB4DE313A21C151887A6A6A6DEB8A17039B5B5B5C5BB173F154C9560A0FFF49F605A08F131A3F95018F7292D874D9B36DDF2F8524705EEE2D4A95353E3634627BAB170A1C5ADA93299CC7FAB756F53C14030D07F4A302D9C30964C49AF2D2DD718176769D33742859FE9514707C6B075EBD60FDE7BEFBDA412BCF9E69B7BE2A597C9F4FEC64FC8A17E2E180806FA4F09A6A5EBEB1002A7A51F335A4EE9C797869F7BA623086358B366CDC1F8DCDF4AB071E3C6FD936D5B8DF4259C10BA7F26180806FA4F09A6C5EFEB3896E4FF5EB997AAC53136FFB3849FF7634710C6B074E9D24B7BF7EEAD8860FAF5D75F1F09276E6E32FE024DD56777FAA42F180806FA4F09A685EBEB3896E45FEFEEEE2EEBD816F7354DFDAC394710C6307FFEFCEFCBBDBE34EFDCB97397C349DB3BC97F81DEFCA49FFE452A180806FA4F09A685EBEB3896E4BF7EE2C489B28E6D3D3D3DE99FB3D7118431C445D9A5DCD7ED6EE2895B0DBF40D39FF4E3A528C14030D07F4A302D5C5FA7FF3C303050D6712D7EFFF4CFE308C25D4EF04A328E5F3893B20483CA2AFDA7F4DFE4A94A1BDB240F7870664C2F55D18CE9D00E04F92781080666ACF49F32635AB8BE4E7FBD5C0F8F31630AF7E0A5975EBA5E296B4CCF9C3973A00AD698DE1208F20403C140FF29C1B4707D9D5E637AFCF8716B4CE141B168D1A2FF54CA5DF9B95CAE6312DF959F8B8FA31BED59C9828160A0FF94605AB8BE76573E3CA01A1B1B3FAF947D4C9B9A9ADA26E13EA6779CA1120C0403FDA704D3E2F5757A1FD3969616FB98C28362E5CA957356AD5AF5432504D379F3E6B54DB6273F8D97602018E83F25981634BC7AF2133C88E2B3E9B3D9ECC0F9F3E7CBBD87695C5F7A36FE3C82A9120CF49FFEE33EC7B629614CB9910F84478F1E2DCBD8D6D7D7976432991F52C1F4514707EE227C9AFCA2ADADADACC1B4B9B9F9F7E1A4FDB45A8F81602018E83F2598167CD6B42D1F08D7AD5B5796B16DD3A64DB73C00C0518171C866B3535F7CF1C5C1726DA931383878329CB0FF0A9F2A9F124C9560A0FFF49F605A087169583E14CE9A356B68F6B294E295C8D9B367A7674B9F7354609C5E7DF5D55DE5BA09EADD77DFDD184EDAD66A7EFF0503C140FF29C1B428B3A637EFCE6F6C6C2CE9BEDDF1FBA5B7B4BADB4D88404A4D4DCD8FE7CC9973BDD4FBBD7DF3CD37BBC2097B297CFF27045303B260A0FF94605A48CF3FFFFC2FD27B9E76747494646CEBEAEABA65AFD5BABABA671C0D98A04C26D3B060C182EF4A7549FFCA952B07C3F73C184EDA5F57FB7B2F180806FA4F09A6459B35FD5D3E20C6A71DC6D058EC7D4B67CE9CF9432A98363B0A708FEAEBEB3F59BE7C79D1C3E9E0E0E0F16C36BB339CB01F79D70503C140FF29C1B458861F519A4B87D3626DBA1F43E9ECD9B3BF4F85D2FD3535358F380A701F2770088C7F7AEBADB7FA8B154EE34C6908C05FC475A5D5BA3D94602018E83FA5FF4A2784D1C7C29873241D4EE365FD42AE398D33B123664A4F867ADCBB0F0508A7994C665D4343437FA1D79CC635A5C397EF3F124A0503C140FF29FD572A3124A6C369FE86A8FBBD5B3FDE7D3FE24627A1148AA1B6B6767EF85479B9A5A5E5C2C0C0C07D6F09357CF7FD256B4A0503C140FF29FD57C699D35C3A44C6ADA4366CD890F4F6F64E78F3FCB84F697A4BA8FCE57BA1148A24DEAD5F5757F7C770E25D6C6D6D3D1A3E19DE98E8139DE2E6F9E1DF381C2FDD87FF3EE95D150C0403FDA7F45FB9C4AB82B5B5B5AB4784C9A15AB26449D2D2D232B406355E31CC4FCAC4FFF6F4F40CAD21DDB66DDBD06346D34F744ADFE8644D299466F6F427A13E0E2762FFEBAFBFBE77FDFAF57BBFFAEAABA3A74F9FBE92CAA1976210CDE5721D4D4D4D6DF3E6CD8B4FDD381BC2E8E66ADE3C5F30100CF49FD27F9567782BA9DC9D02EA3DD41E5B424119C475A1C32773DC7E23DEC0F46DFA79C4A17A874FF4E6F8D40DEB480503C140FF29FD57E1132FCF0E3FBEF4C64403697CCC687CA293CDF301C1400906FA4FFF51C889972921A44E8F132BC3132CBD2382E8D0C44BBC7A18C2E8CCB8D4CDBB0608064A30D07FFA0F000403C140FF29FD078060A00403FDA7FF004030100CF49FD27F0008064A30D07FFA0F000403C140FF29FD078060AA0403FDA7FF004030100CF49FD27F0008A64A30D07FFA0F00040325982AFD0780606A40160CF49F124C01100C9460EAB8EB3F00100C0403FDA704530004032518E83FFD0700828160A0FF94FE034030508281FED37F0020180806FA4FE93F002AD58E1D3B0CC89553574330B8A1FF94FE03A02A757676F6F6F5F519942BA07A7A7AFE1082C121FDA7F41F005569E7CE9DBFECE8E8B878E6CC99EF0CCEE59BA98AA160FBF6EDFF0E354DFF29FD0740D50A83D1B3EDEDED7BE265BCB8C64C95BCE2FB7EA85A4381FED37F000000000000000000000000000000000000000000000000E3F67F628F2FCD3099F4A00000000049454E44AE426082, 1);
INSERT INTO `act_ge_bytearray` VALUES ('d3dadf0c-ed10-11ee-82f5-a0e70b8d65c1', 1, 'source', NULL, 0x3C3F786D6C2076657273696F6E3D22312E302220656E636F64696E673D225554462D38223F3E0A3C62706D6E323A646566696E6974696F6E7320786D6C6E733A7873693D22687474703A2F2F7777772E77332E6F72672F323030312F584D4C536368656D612D696E7374616E63652220786D6C6E733A62706D6E323D22687474703A2F2F7777772E6F6D672E6F72672F737065632F42504D4E2F32303130303532342F4D4F44454C2220786D6C6E733A62706D6E64693D22687474703A2F2F7777772E6F6D672E6F72672F737065632F42504D4E2F32303130303532342F44492220786D6C6E733A64633D22687474703A2F2F7777772E6F6D672E6F72672F737065632F44442F32303130303532342F44432220786D6C6E733A64693D22687474703A2F2F7777772E6F6D672E6F72672F737065632F44442F32303130303532342F44492220786D6C6E733A666C6F7761626C653D22687474703A2F2F666C6F7761626C652E6F72672F62706D6E222069643D226469616772616D5F50726F636573735F3137313136333634353832363622207461726765744E616D6573706163653D22687474703A2F2F666C6F7761626C652E6F72672F62706D6E22207873693A736368656D614C6F636174696F6E3D22687474703A2F2F7777772E6F6D672E6F72672F737065632F42504D4E2F32303130303532342F4D4F44454C2042504D4E32302E787364223E0A20203C62706D6E323A70726F636573732069643D2250726F636573735F3137313136333634353832363622206E616D653D22E4B89AE58AA1E6B581E7A88B5F313731313633363435383236362220697345786563757461626C653D2274727565223E0A202020203C62706D6E323A73746172744576656E742069643D224576656E745F306A6D616B72792220666C6F7761626C653A666F726D4B65793D226B65795F31373733333531363039393035353930323733223E0A2020202020203C62706D6E323A6F7574676F696E673E466C6F775F307538617574363C2F62706D6E323A6F7574676F696E673E0A202020203C2F62706D6E323A73746172744576656E743E0A202020203C62706D6E323A656E644576656E742069643D224576656E745F3134673679736D223E0A2020202020203C62706D6E323A696E636F6D696E673E466C6F775F307931666961753C2F62706D6E323A696E636F6D696E673E0A202020203C2F62706D6E323A656E644576656E743E0A202020203C62706D6E323A757365725461736B2069643D2241637469766974795F30786A766A37742220666C6F7761626C653A666F726D4B65793D222220666C6F7761626C653A64617461547970653D2255534552532220666C6F7761626C653A61737369676E65653D22342220666C6F7761626C653A746578743D22E69BB9E88081E69DBF223E0A2020202020203C62706D6E323A696E636F6D696E673E466C6F775F307538617574363C2F62706D6E323A696E636F6D696E673E0A2020202020203C62706D6E323A6F7574676F696E673E466C6F775F316E72706764773C2F62706D6E323A6F7574676F696E673E0A202020203C2F62706D6E323A757365725461736B3E0A202020203C62706D6E323A757365725461736B2069643D2241637469766974795F313077723737632220666C6F7761626C653A64617461547970653D2255534552532220666C6F7761626C653A61737369676E65653D22332220666C6F7761626C653A746578743D22E8B0A2E88081E69DBF223E0A2020202020203C62706D6E323A696E636F6D696E673E466C6F775F316E72706764773C2F62706D6E323A696E636F6D696E673E0A2020202020203C62706D6E323A6F7574676F696E673E466C6F775F307931666961753C2F62706D6E323A6F7574676F696E673E0A202020203C2F62706D6E323A757365725461736B3E0A202020203C62706D6E323A73657175656E6365466C6F772069643D22466C6F775F307538617574362220736F757263655265663D224576656E745F306A6D616B727922207461726765745265663D2241637469766974795F30786A766A377422202F3E0A202020203C62706D6E323A73657175656E6365466C6F772069643D22466C6F775F316E72706764772220736F757263655265663D2241637469766974795F30786A766A377422207461726765745265663D2241637469766974795F3130777237376322202F3E0A202020203C62706D6E323A73657175656E6365466C6F772069643D22466C6F775F307931666961752220736F757263655265663D2241637469766974795F3130777237376322207461726765745265663D224576656E745F3134673679736D22202F3E0A20203C2F62706D6E323A70726F636573733E0A20203C62706D6E64693A42504D4E4469616772616D2069643D2242504D4E4469616772616D5F31223E0A202020203C62706D6E64693A42504D4E506C616E652069643D2242504D4E506C616E655F31222062706D6E456C656D656E743D2250726F636573735F31373131363336343538323636223E0A2020202020203C62706D6E64693A42504D4E456467652069643D22466C6F775F307931666961755F6469222062706D6E456C656D656E743D22466C6F775F30793166696175223E0A20202020202020203C64693A776179706F696E7420783D223430302220793D2233353022202F3E0A20202020202020203C64693A776179706F696E7420783D223430302220793D2234323222202F3E0A2020202020203C2F62706D6E64693A42504D4E456467653E0A2020202020203C62706D6E64693A42504D4E456467652069643D22466C6F775F316E72706764775F6469222062706D6E456C656D656E743D22466C6F775F316E7270676477223E0A20202020202020203C64693A776179706F696E7420783D223430302220793D2232343022202F3E0A20202020202020203C64693A776179706F696E7420783D223430302220793D2232373022202F3E0A2020202020203C2F62706D6E64693A42504D4E456467653E0A2020202020203C62706D6E64693A42504D4E456467652069643D22466C6F775F307538617574365F6469222062706D6E456C656D656E743D22466C6F775F30753861757436223E0A20202020202020203C64693A776179706F696E7420783D223430302220793D2231303822202F3E0A20202020202020203C64693A776179706F696E7420783D223430302220793D2231363022202F3E0A2020202020203C2F62706D6E64693A42504D4E456467653E0A2020202020203C62706D6E64693A42504D4E53686170652069643D224576656E745F306A6D616B72795F6469222062706D6E456C656D656E743D224576656E745F306A6D616B7279223E0A20202020202020203C64633A426F756E647320783D223338322220793D223732222077696474683D22333622206865696768743D22333622202F3E0A2020202020203C2F62706D6E64693A42504D4E53686170653E0A2020202020203C62706D6E64693A42504D4E53686170652069643D224576656E745F3134673679736D5F6469222062706D6E456C656D656E743D224576656E745F3134673679736D223E0A20202020202020203C64633A426F756E647320783D223338322220793D22343232222077696474683D22333622206865696768743D22333622202F3E0A2020202020203C2F62706D6E64693A42504D4E53686170653E0A2020202020203C62706D6E64693A42504D4E53686170652069643D2241637469766974795F30786A766A37745F6469222062706D6E456C656D656E743D2241637469766974795F30786A766A3774223E0A20202020202020203C64633A426F756E647320783D223335302220793D22313630222077696474683D2231303022206865696768743D22383022202F3E0A2020202020203C2F62706D6E64693A42504D4E53686170653E0A2020202020203C62706D6E64693A42504D4E53686170652069643D2241637469766974795F313077723737635F6469222062706D6E456C656D656E743D2241637469766974795F31307772373763223E0A20202020202020203C64633A426F756E647320783D223335302220793D22323730222077696474683D2231303022206865696768743D22383022202F3E0A2020202020203C2F62706D6E64693A42504D4E53686170653E0A202020203C2F62706D6E64693A42504D4E506C616E653E0A20203C2F62706D6E64693A42504D4E4469616772616D3E0A3C2F62706D6E323A646566696E6974696F6E733E0A, NULL);
INSERT INTO `act_ge_bytearray` VALUES ('d5192b6e-ed10-11ee-82f5-a0e70b8d65c1', 1, '业务流程_1711636458266.bpmn', 'd5192b6d-ed10-11ee-82f5-a0e70b8d65c1', 0x3C3F786D6C2076657273696F6E3D22312E302220656E636F64696E673D225554462D38223F3E0A3C62706D6E323A646566696E6974696F6E7320786D6C6E733A7873693D22687474703A2F2F7777772E77332E6F72672F323030312F584D4C536368656D612D696E7374616E63652220786D6C6E733A62706D6E323D22687474703A2F2F7777772E6F6D672E6F72672F737065632F42504D4E2F32303130303532342F4D4F44454C2220786D6C6E733A62706D6E64693D22687474703A2F2F7777772E6F6D672E6F72672F737065632F42504D4E2F32303130303532342F44492220786D6C6E733A64633D22687474703A2F2F7777772E6F6D672E6F72672F737065632F44442F32303130303532342F44432220786D6C6E733A64693D22687474703A2F2F7777772E6F6D672E6F72672F737065632F44442F32303130303532342F44492220786D6C6E733A666C6F7761626C653D22687474703A2F2F666C6F7761626C652E6F72672F62706D6E222069643D226469616772616D5F50726F636573735F3137313136333634353832363622207461726765744E616D6573706163653D22687474703A2F2F666C6F7761626C652E6F72672F62706D6E22207873693A736368656D614C6F636174696F6E3D22687474703A2F2F7777772E6F6D672E6F72672F737065632F42504D4E2F32303130303532342F4D4F44454C2042504D4E32302E787364223E0A20203C62706D6E323A70726F636573732069643D2250726F636573735F3137313136333634353832363622206E616D653D22E4B89AE58AA1E6B581E7A88B5F313731313633363435383236362220697345786563757461626C653D2274727565223E0A202020203C62706D6E323A73746172744576656E742069643D224576656E745F306A6D616B72792220666C6F7761626C653A666F726D4B65793D226B65795F31373733333531363039393035353930323733223E0A2020202020203C62706D6E323A6F7574676F696E673E466C6F775F307538617574363C2F62706D6E323A6F7574676F696E673E0A202020203C2F62706D6E323A73746172744576656E743E0A202020203C62706D6E323A656E644576656E742069643D224576656E745F3134673679736D223E0A2020202020203C62706D6E323A696E636F6D696E673E466C6F775F307931666961753C2F62706D6E323A696E636F6D696E673E0A202020203C2F62706D6E323A656E644576656E743E0A202020203C62706D6E323A757365725461736B2069643D2241637469766974795F30786A766A37742220666C6F7761626C653A666F726D4B65793D222220666C6F7761626C653A64617461547970653D2255534552532220666C6F7761626C653A61737369676E65653D22342220666C6F7761626C653A746578743D22E69BB9E88081E69DBF223E0A2020202020203C62706D6E323A696E636F6D696E673E466C6F775F307538617574363C2F62706D6E323A696E636F6D696E673E0A2020202020203C62706D6E323A6F7574676F696E673E466C6F775F316E72706764773C2F62706D6E323A6F7574676F696E673E0A202020203C2F62706D6E323A757365725461736B3E0A202020203C62706D6E323A757365725461736B2069643D2241637469766974795F313077723737632220666C6F7761626C653A64617461547970653D2255534552532220666C6F7761626C653A61737369676E65653D22332220666C6F7761626C653A746578743D22E8B0A2E88081E69DBF223E0A2020202020203C62706D6E323A696E636F6D696E673E466C6F775F316E72706764773C2F62706D6E323A696E636F6D696E673E0A2020202020203C62706D6E323A6F7574676F696E673E466C6F775F307931666961753C2F62706D6E323A6F7574676F696E673E0A202020203C2F62706D6E323A757365725461736B3E0A202020203C62706D6E323A73657175656E6365466C6F772069643D22466C6F775F307538617574362220736F757263655265663D224576656E745F306A6D616B727922207461726765745265663D2241637469766974795F30786A766A377422202F3E0A202020203C62706D6E323A73657175656E6365466C6F772069643D22466C6F775F316E72706764772220736F757263655265663D2241637469766974795F30786A766A377422207461726765745265663D2241637469766974795F3130777237376322202F3E0A202020203C62706D6E323A73657175656E6365466C6F772069643D22466C6F775F307931666961752220736F757263655265663D2241637469766974795F3130777237376322207461726765745265663D224576656E745F3134673679736D22202F3E0A20203C2F62706D6E323A70726F636573733E0A20203C62706D6E64693A42504D4E4469616772616D2069643D2242504D4E4469616772616D5F31223E0A202020203C62706D6E64693A42504D4E506C616E652069643D2242504D4E506C616E655F31222062706D6E456C656D656E743D2250726F636573735F31373131363336343538323636223E0A2020202020203C62706D6E64693A42504D4E456467652069643D22466C6F775F307931666961755F6469222062706D6E456C656D656E743D22466C6F775F30793166696175223E0A20202020202020203C64693A776179706F696E7420783D223430302220793D2233353022202F3E0A20202020202020203C64693A776179706F696E7420783D223430302220793D2234323222202F3E0A2020202020203C2F62706D6E64693A42504D4E456467653E0A2020202020203C62706D6E64693A42504D4E456467652069643D22466C6F775F316E72706764775F6469222062706D6E456C656D656E743D22466C6F775F316E7270676477223E0A20202020202020203C64693A776179706F696E7420783D223430302220793D2232343022202F3E0A20202020202020203C64693A776179706F696E7420783D223430302220793D2232373022202F3E0A2020202020203C2F62706D6E64693A42504D4E456467653E0A2020202020203C62706D6E64693A42504D4E456467652069643D22466C6F775F307538617574365F6469222062706D6E456C656D656E743D22466C6F775F30753861757436223E0A20202020202020203C64693A776179706F696E7420783D223430302220793D2231303822202F3E0A20202020202020203C64693A776179706F696E7420783D223430302220793D2231363022202F3E0A2020202020203C2F62706D6E64693A42504D4E456467653E0A2020202020203C62706D6E64693A42504D4E53686170652069643D224576656E745F306A6D616B72795F6469222062706D6E456C656D656E743D224576656E745F306A6D616B7279223E0A20202020202020203C64633A426F756E647320783D223338322220793D223732222077696474683D22333622206865696768743D22333622202F3E0A2020202020203C2F62706D6E64693A42504D4E53686170653E0A2020202020203C62706D6E64693A42504D4E53686170652069643D224576656E745F3134673679736D5F6469222062706D6E456C656D656E743D224576656E745F3134673679736D223E0A20202020202020203C64633A426F756E647320783D223338322220793D22343232222077696474683D22333622206865696768743D22333622202F3E0A2020202020203C2F62706D6E64693A42504D4E53686170653E0A2020202020203C62706D6E64693A42504D4E53686170652069643D2241637469766974795F30786A766A37745F6469222062706D6E456C656D656E743D2241637469766974795F30786A766A3774223E0A20202020202020203C64633A426F756E647320783D223335302220793D22313630222077696474683D2231303022206865696768743D22383022202F3E0A2020202020203C2F62706D6E64693A42504D4E53686170653E0A2020202020203C62706D6E64693A42504D4E53686170652069643D2241637469766974795F313077723737635F6469222062706D6E456C656D656E743D2241637469766974795F31307772373763223E0A20202020202020203C64633A426F756E647320783D223335302220793D22323730222077696474683D2231303022206865696768743D22383022202F3E0A2020202020203C2F62706D6E64693A42504D4E53686170653E0A202020203C2F62706D6E64693A42504D4E506C616E653E0A20203C2F62706D6E64693A42504D4E4469616772616D3E0A3C2F62706D6E323A646566696E6974696F6E733E0A, 0);
INSERT INTO `act_ge_bytearray` VALUES ('d525ae8f-ed10-11ee-82f5-a0e70b8d65c1', 1, '业务流程_1711636458266.Process_1711636458266.png', 'd5192b6d-ed10-11ee-82f5-a0e70b8d65c1', 0x89504E470D0A1A0A0000000D49484452000001CC000001D40806000000B75E1870000011314944415478DAEDDD4F6C9565BEC0F159B098C52CEEE22E66310B17B398C54DBC0B162EBB98850B927141E9690B014BD0F14F2AEA052211676854828338A118638604AFD7C421BD29DC6926CED816FB27D89A4E0CC31F31C3801DA19EDB422F0C7FACA5D5E73E0FF6E0A17F4128E73DEDE793FCA2F61020EF39F19BE77DDFF3BC3FF801000000000000000000000000000000000000000000000000000000000000000000000000000000000000000000000000000000000000000000000000000000000000000000000000000000000000000000000000000000000000000000000000000000000000000000000000000000000000000000000000000000000000000000B0E09D3D7BF6FEFDFBF7FFF6F5D75F3FF6FCF3CF5F7EF2C927BFAEADAD0DB95CEEFAAC5BB7EEDAB3CF3E3BBC75EBD6AE1D3B76FC72CD9A353F74D400581442084B7A7A7A36EEDAB52B1F8318B66DDB169A9B9BC3E1C387C3C0C040181F1F0F05C3C3C3E1C89123E1C0810361F7EEDD2106737CC3860D1FD6D5D5DDEF4802B060757676D6BDF6DA6B971F7FFCF1D0D4D414F2F97CB81D172E5C08ADADADE189279E18ABAFAF3F1457A1F739AA002CA855E5BE7DFB8EC6956178F7DD77C3C8C848B81369159A569DAB56AD1A5BBB76ED26471880B2175791F73536360EAD5FBF3EF4F7F787BB29FD7E4F3FFDF4C8BA75EBDE717D1380B28E653A05BB65CB96EBA753E7435AADBEF4D24B57E34AF3BD8A8A8A258E3A0065259D864D2BCB14CB3B3D057B2BA7685F7CF1C54BAB56ADDAE3C8035056D235CB741AF6D2A54BE15E4851AEAFAFBF545B5BBBD1D107A02C747575AD4B37F8DCED6B96B7724D330673A4B2B2F2A7DE0500322D9D8A7DF5D557AFA4BB614BA1B9B9F9628C66B37702804C4B9B12A4EF59CEF775CBD9AE67C6D5ED604D4DCDBF7B3700C8AC9D3B77E6D3A604A5D4D2D2722697CBFD977703804C4A7BC3A6EDEE6E77079FBB2D7D8525AE30FFCF773301C8A4B491FA2BAFBC12B2E0B9E79EEBABAAAA5AE65D01207376EDDA753C6DA49E056FBDF5D6D15C2ED7E85D012073D223BAD25347B2E0E38F3F3E1983D9E35D012073D2F32C4B7DFDB2E0FCF9F3576230F3DE150032273DFCB9F87996A5961E42ED5D01207352A0B2443001B0C29CDB65C10420931E7BECB1D1AC5CC31C1C1C3CE61A260099B471E3C6FFCDCA5DB23D3D3D1DEE920520931A1A1ADECFCAF73077EEDCD9E27B980064D2F6EDDB1FDEB163C7375908E6A38F3EDA62A71F003229EDDD5A5757776D7878B8D4DFC14CD72FCFD94B1680CCDAB469D3072D2D2D250D666363E37F7A5A090099165798F73FF2C823E3257C1EE699EAEAEABF7B1E260099F7D4534F7596EAE69F975F7EF9ADB8BA6CF22E0090799595953F7EF8E18747FBFBFBEF692C3FF9E493CE18CBCBF1CFFFA9770180B250535353BF7EFDFA2FEFD5A9D9AB57AF1E8F7FE6F118CCFF70F401282B6BD7AE7D7BEBD6ADF31ECDF1F1F1FEBABABA8331966F38EA00949D8A8A8A253164FFF3C20B2F5C9AAF68A695650CF307E9BAA5AF910050D6D1ACA9A979B3BEBEFED2DDBEA699AE594E9C867D432C015810AAAAAA9EACADADBDB26FDFBE0BD7AE5DBBE3AF8E4CDC0D7BD9354B00169C74F76C7575F57FAF5EBDFA625353D3A9E1E1E1B1DBDDC1276D4A107F8F4FD329D8F8CF9F39AA002CE4D5E6BFC5F95D4D4DCDA5679E79E6F09E3D7B0E7FF4D147A7BEF8E28BABC5CFB34C814C4F1D491BA9A7BD61D376773192EFDA94008045255D775CB162C5CF63087F1327DDB8F3599CB1F4E0E789C9A74774A5A78EA48DD45DA704802229968E02000826000826000826000826000826000826000826002098002098002098002098002098002098002098008060028060028060028060028060028060028060028060020082090082090082090082090082090082090082090008260008260008260008260008260008260008260020980020980020980020980050CA38B6A440CE317D8E14008B3D984BE38CCD16CCAAAAAA658E1400A299CBBD374B307B2A2A2A96384A0008E6B7ABCC6983595D5DFD90230400DF4573BA6B997D56970030759539E6DA2500CC210672BFD52500CC1DCC078AAE5D3EE88800C00C0AD732AD2E0160F6602EB5D30F00F32A84B0E4F4E9D34DBDBDBD5FB7B7B787D6D656738FA7ADAD2D7475759D8FB3D2271220A3522CBBBBBBC3D0D050181D1D35259A73E7CE85CECECE7FC6782EF7A904C8A0B4B214CBCC447334AE384FF8540264503A0D2B56D99918CC319F4A800C4AD7D0842A53C174F312403907F3CAC57C38DDB7371C6F6BB83EE9DFD3CF444E30010473622E5F1808C7FEBC25FCF58F1B6E9AF4B3F49AD009268060C63973FC0F53625998B3C75B844E30010433CD890FB6CF18CCF49AD009268060C639D6FAEB1983995E133AC104104CC1144C006E2D98E9AED89982995E133AC10410CC38270FED9E3198E935A1134C00C18C333C70241C7BFF57534FC7C69FA5D7844E30010473623EFBCBDB5382997E26728209209885F9EAAB70F2C337A69E8E8D3F4BAF099D60022CFA60A69D7CFE76A871C66B98E935BBFD0826C0E20D665C39E64F1E0C47FFB479C6581626FD9AF46BAD36051360510573AE55A5D5A6600208669C5B5955CEB6DA143EC1045814C1FCBEB12C8CF00926C0A208A6114C0004533001104CC1044030051300C1348209209846300104D3082680601AC1044030051300C1144C0004533001104CC10440308D600208A6114C00C13482092098463001104CC1044030051300C1144C0004D3082680601AC104104C2398008269041300C1144C0004533001104CC10440308D600208A6114C00C13482092098463001045330051300C1144C0004533001104CC10440308D600208A6114C00C13482092098463001104CC1044030051300C1144C0004D3082680601AC104104C2398008269041300C1144C0004533001104CC104403005D3A71240308D600208A6114C00C134820920984225980008A660022098820980600A2600D9D0DEDE2E54D9999118CC319F4A800CEAEAEACA0F0D0D895506666060E0F73198277C2A0132E8E0C183BFE8E8E8B8383838F8A568956E659962D9D6D6F68F38CB7D2A01322AFE4F7A595CD9F4A5D381E91A5A394E2E970BE5FA779F38EE27C41280799782E9280080600280600280600280600280600280600280600200820900820900820900820900820900820900820900082600082600082600082600943A8E2D2990734C9F2305C0620FE6D23863B305B3AAAA6A9923058068E672EFCD12CC9E8A8A8A258E120082F9ED2A73DA605657573FE40801C077D19CEE5A669FD525004C5D658EB9760900738881DC6F7509007307F381A26B970F3A22003083C2B54CAB4B00983D984BEDF403C0BC0A212C397DFA74536F6FEFD7EDEDEDA1B5B5D5DCE3696B6B0B5D5D5DE7E3ACF48904C8A814CBEEEEEE303434144647474D89E6DCB973A1B3B3F39F319ECB7D2A013228AD2CC53233D11C8D2BCE133E950019944EC38A5576260673CCA7122083D23534A1CA5430DDBC0450CEC1BC72311F4EF7ED0DC7DB1AAE4FFAF7F43391134C00C19C98CB1706C2B13F6F097FFDE3869B26FD2CBD26748209209871CE1CFFC3945816E6ECF116A1134C00C14C73E283ED330633BD267482092098718EB5FE7AC660A6D7844E30010453300513805B0B66BA2B76A660A6D7844E30010433CEC943BB670C667A4DE804134030E30C0F1C09C7DEFFD5D4D3B1F167E935A1134C00C19C98CFFEF2F69460A69F899C6002086661BEFA2A9CFCF08DA9A763E3CFD26B422798008B3E9869279FBF1D6A9CF11A667ACD6E3F8209B0788319578EF99307C3D13F6D9E31968549BF26FD5AAB4DC1045854C19C6B5569B52998008219E7565695B3AD36854F3001164530BF6F2C0B237C8209B0288269041300C1144C0004533001104CC10440308D600208A6114C00C13482092098463001104CC1044030051300C1144C0004533001104C2398008269041340308D600208A6114C0004533001104CC1044030051300C1348209209846300104D3082680601AC1044030051300C1144C0004533001104C2398008269041340308D600208A6114C00C1144CC1044030051300C1144C0004533001104C2398008269041340308D600208A6114C0004533001104CC1044030051300C1348209209846300104D3082680601AC1044030051300C1144C0004533001104CC1F4A904104C2398008269041340308D600208A6500926008229980008A66002209882094036B4B7B70B557666240673CCA7122083BABABAF2434343629581191818F87D0CE6099F4A800C3A78F0E02F3A3A3A2E0E0E0E7E295AA55B59A658B6B5B5FD23CE729F4A808C8AFF935E1657367DE97460BA86568E93CBE542B9FEDD278EFB09B10460DEA5603A0A00209800209800209800209800209800209800209800806002806002806002806002806002806002806002008209008209008209008209008209008209008209008209000826000826000826000826000826000826000826002098002098002098002098002098002098002098008060028060028060028060028060028060028060028060020082090082090082090082090082090082090082090008260008260008260008260008260008260008260008A66002806002C0EDC7B12505728EE973A40058ECC15C1A676CB6605655552D73A40010CD5CEEBD5982D9535151B1C451024030BF5D654E1BCCEAEAEA871C2100F82E9AD35DCBECB3BA0480A9ABCC31D72E01600E3190FBAD2E0160EE603E5074EDF2414704006650B8966975090013D6AC59F32F318ECBE334A6AF8FC4C94FBAE927FD774F5C79FE2EAE3857C6F957470D804523DDCC9356923180E3B7B0CBCFE4AF99B4A6AF9A588102B060A53B6163EC7A6F3792336D97E73A27000B4A5A0DC6B86D9B6E45B969D3A6D0D4D4140E1D3A143EFFFCF330323212926BD7AE5DFFEFDEDEDED0DCDC1CB66CD93253381BD7AC59F343471980B2565B5BFB93C9ABCA55AB5685BD7BF7867C3E1F6E477F7F7FD8B3674F88819C1CCDA3E9CF71B401284B31943FABA9A9F9A2386EDBB66D0B434343E14E0C0F0F87868686C9D13C13E73E471D80B25B5916C732AD2A3B3A3AC2F8F878B85BBABBBBAFFFBEA20940599AB86679E3346C8C67F8F4D34FC37C48D738279DA23D5A5959F923EF020099976EF0295E59CE572C8BA399A25C7C23907701804C9BF8EAC88DBB61D369D87B219D9E9DF47D4D5F390120D3ABCBDEE21B7CEEE635CBB94CBA11C8E6ED0064D3C40E3E374EC5DEE9DDB0DFE7EED9E2EB991E3E0D4026153F043A7DCFB214DE79E79D9BB6D1F3AE0090296923F5E26B97B7BB29C1DD9256B5C53700D9B01D80ACAD2E97176F77574AC5DBE8A5A79C787700C852301B0B914A7BC39652DA7BB6F077498F06F3EE0090A560F614229536522FA5F4BDCCA2BB657BBC3B00642998371EFE9C9E32524A030303373D84DABB03409682792352E9D15CA594FEFCE2BF8F7707804C06330B041380CC07B3F010682B4C00981ACC1BD730D3839E5DC30480E983E92E5900B88560DEF81EE6BE7DFB7C0F13006608A69D7E00602E692FD918A8B142A84E9D3A55B2BD646B6A6ABEB1972C00595E65DE785AC99B6FBEE9692500309D2C3C0F73F5EAD5DF781E2600E5B0CABC71B76C434343181F1FBF67C14C7F5ED1DDB17D1515154BBC230064D28A152B7E5EBC69404747C73D89657777F74D9B15C4D5E583DE0D00B2BECAFC4D215CE961CE2966F3FDBDCB952B577E5314CC46EF020099974E85169F9A4DD19CAFCD0C522C57AF5EFD75512C8F565656FEC8BB0040598891FC498CD7C9E268A6D3B377F39A665AB94E5A599E89739FA30F405949F12A8E66E146A03BBD7B36DD0D3BE9061FB1046041AC347B8AE396BE72B277EFDE90CFE76F7B5382F43DCBE2AF8E144EC38A2500652F5DD3ACAAAA7A6D52E4AECFE6CD9BAFEF3D9BAE71A6A79C141E3E9DFE999E3A92AE511E3870E0FA7677C53BF814DFE0E39A25000BCAC4574E7AA60BE7F7983E5F1D0160419BD811A8A578EFD95B9DB4DD5DDAC1C7A604002C1A69C3F618CFDCC4A3C17A8A1F425D78F873FA797A44577AEA486565E58F1D350000000000000000000000000080C5E3FF01F9E3C9655155C98C0000000049454E44AE426082, 1);
INSERT INTO `act_ge_bytearray` VALUES ('ed873c6b-ee3e-11ee-a7e7-a0e70b8d65c1', 1, 'source', NULL, 0x3C3F786D6C2076657273696F6E3D22312E302220656E636F64696E673D225554462D38223F3E0A3C62706D6E323A646566696E6974696F6E7320786D6C6E733A7873693D22687474703A2F2F7777772E77332E6F72672F323030312F584D4C536368656D612D696E7374616E63652220786D6C6E733A62706D6E323D22687474703A2F2F7777772E6F6D672E6F72672F737065632F42504D4E2F32303130303532342F4D4F44454C2220786D6C6E733A62706D6E64693D22687474703A2F2F7777772E6F6D672E6F72672F737065632F42504D4E2F32303130303532342F44492220786D6C6E733A64633D22687474703A2F2F7777772E6F6D672E6F72672F737065632F44442F32303130303532342F44432220786D6C6E733A64693D22687474703A2F2F7777772E6F6D672E6F72672F737065632F44442F32303130303532342F44492220786D6C6E733A666C6F7761626C653D22687474703A2F2F666C6F7761626C652E6F72672F62706D6E222069643D226469616772616D5F50726F636573735F3137313137363536313437393922207461726765744E616D6573706163653D22687474703A2F2F666C6F7761626C652E6F72672F62706D6E22207873693A736368656D614C6F636174696F6E3D22687474703A2F2F7777772E6F6D672E6F72672F737065632F42504D4E2F32303130303532342F4D4F44454C2042504D4E32302E787364223E0A20203C62706D6E323A70726F636573732069643D2250726F636573735F3137313137363536313437393922206E616D653D22E4B89AE58AA1E6B581E7A88B5F313731313736353631343739392220697345786563757461626C653D2274727565223E0A202020203C62706D6E323A73746172744576656E742069643D224576656E745F3165306E6A68782220666C6F7761626C653A666F726D4B65793D226B65795F31373733383934383939323130303736313631223E0A2020202020203C62706D6E323A6F7574676F696E673E466C6F775F313171363233683C2F62706D6E323A6F7574676F696E673E0A202020203C2F62706D6E323A73746172744576656E743E0A202020203C62706D6E323A656E644576656E742069643D224576656E745F31386737386336223E0A2020202020203C62706D6E323A696E636F6D696E673E466C6F775F30376F676538673C2F62706D6E323A696E636F6D696E673E0A202020203C2F62706D6E323A656E644576656E743E0A202020203C62706D6E323A757365725461736B2069643D2241637469766974795F30687A7967736F2220666C6F7761626C653A64617461547970653D2255534552532220666C6F7761626C653A61737369676E65653D22342220666C6F7761626C653A746578743D22E69BB9E88081E69DBF223E0A2020202020203C62706D6E323A696E636F6D696E673E466C6F775F313171363233683C2F62706D6E323A696E636F6D696E673E0A2020202020203C62706D6E323A6F7574676F696E673E466C6F775F31376E36736D773C2F62706D6E323A6F7574676F696E673E0A202020203C2F62706D6E323A757365725461736B3E0A202020203C62706D6E323A757365725461736B2069643D2241637469766974795F3163316A63737A2220666C6F7761626C653A64617461547970653D2255534552532220666C6F7761626C653A61737369676E65653D22332220666C6F7761626C653A746578743D22E8B0A2E88081E69DBF223E0A2020202020203C62706D6E323A696E636F6D696E673E466C6F775F31376E36736D773C2F62706D6E323A696E636F6D696E673E0A2020202020203C62706D6E323A6F7574676F696E673E466C6F775F30376F676538673C2F62706D6E323A6F7574676F696E673E0A202020203C2F62706D6E323A757365725461736B3E0A202020203C62706D6E323A73657175656E6365466C6F772069643D22466C6F775F313171363233682220736F757263655265663D224576656E745F3165306E6A687822207461726765745265663D2241637469766974795F30687A7967736F22202F3E0A202020203C62706D6E323A73657175656E6365466C6F772069643D22466C6F775F31376E36736D772220736F757263655265663D2241637469766974795F30687A7967736F22207461726765745265663D2241637469766974795F3163316A63737A22202F3E0A202020203C62706D6E323A73657175656E6365466C6F772069643D22466C6F775F30376F676538672220736F757263655265663D2241637469766974795F3163316A63737A22207461726765745265663D224576656E745F3138673738633622202F3E0A20203C2F62706D6E323A70726F636573733E0A20203C62706D6E64693A42504D4E4469616772616D2069643D2242504D4E4469616772616D5F31223E0A202020203C62706D6E64693A42504D4E506C616E652069643D2242504D4E506C616E655F31222062706D6E456C656D656E743D2250726F636573735F31373131373635363134373939223E0A2020202020203C62706D6E64693A42504D4E456467652069643D22466C6F775F313171363233685F6469222062706D6E456C656D656E743D22466C6F775F31317136323368223E0A20202020202020203C64693A776179706F696E7420783D223439302220793D2231333822202F3E0A20202020202020203C64693A776179706F696E7420783D223439302220793D2232303022202F3E0A2020202020203C2F62706D6E64693A42504D4E456467653E0A2020202020203C62706D6E64693A42504D4E456467652069643D22466C6F775F31376E36736D775F6469222062706D6E456C656D656E743D22466C6F775F31376E36736D77223E0A20202020202020203C64693A776179706F696E7420783D223439302220793D2232383022202F3E0A20202020202020203C64693A776179706F696E7420783D223439302220793D2233343022202F3E0A2020202020203C2F62706D6E64693A42504D4E456467653E0A2020202020203C62706D6E64693A42504D4E456467652069643D22466C6F775F30376F676538675F6469222062706D6E456C656D656E743D22466C6F775F30376F67653867223E0A20202020202020203C64693A776179706F696E7420783D223439302220793D2234323022202F3E0A20202020202020203C64693A776179706F696E7420783D223439302220793D2234393222202F3E0A2020202020203C2F62706D6E64693A42504D4E456467653E0A2020202020203C62706D6E64693A42504D4E53686170652069643D224576656E745F3165306E6A68785F6469222062706D6E456C656D656E743D224576656E745F3165306E6A6878223E0A20202020202020203C64633A426F756E647320783D223437322220793D22313032222077696474683D22333622206865696768743D22333622202F3E0A2020202020203C2F62706D6E64693A42504D4E53686170653E0A2020202020203C62706D6E64693A42504D4E53686170652069643D224576656E745F313867373863365F6469222062706D6E456C656D656E743D224576656E745F31386737386336223E0A20202020202020203C64633A426F756E647320783D223437322220793D22343932222077696474683D22333622206865696768743D22333622202F3E0A2020202020203C2F62706D6E64693A42504D4E53686170653E0A2020202020203C62706D6E64693A42504D4E53686170652069643D2241637469766974795F30687A7967736F5F6469222062706D6E456C656D656E743D2241637469766974795F30687A7967736F223E0A20202020202020203C64633A426F756E647320783D223434302220793D22323030222077696474683D2231303022206865696768743D22383022202F3E0A2020202020203C2F62706D6E64693A42504D4E53686170653E0A2020202020203C62706D6E64693A42504D4E53686170652069643D2241637469766974795F3163316A63737A5F6469222062706D6E456C656D656E743D2241637469766974795F3163316A63737A223E0A20202020202020203C64633A426F756E647320783D223434302220793D22333430222077696474683D2231303022206865696768743D22383022202F3E0A2020202020203C2F62706D6E64693A42504D4E53686170653E0A202020203C2F62706D6E64693A42504D4E506C616E653E0A20203C2F62706D6E64693A42504D4E4469616772616D3E0A3C2F62706D6E323A646566696E6974696F6E733E0A, NULL);
INSERT INTO `act_ge_bytearray` VALUES ('f5bddfdd-eea5-11ee-a7e7-a0e70b8d65c1', 1, '业务流程_1711765614799.bpmn', 'f5bddfdc-eea5-11ee-a7e7-a0e70b8d65c1', 0x3C3F786D6C2076657273696F6E3D22312E302220656E636F64696E673D225554462D38223F3E0A3C62706D6E323A646566696E6974696F6E7320786D6C6E733A7873693D22687474703A2F2F7777772E77332E6F72672F323030312F584D4C536368656D612D696E7374616E63652220786D6C6E733A62706D6E323D22687474703A2F2F7777772E6F6D672E6F72672F737065632F42504D4E2F32303130303532342F4D4F44454C2220786D6C6E733A62706D6E64693D22687474703A2F2F7777772E6F6D672E6F72672F737065632F42504D4E2F32303130303532342F44492220786D6C6E733A64633D22687474703A2F2F7777772E6F6D672E6F72672F737065632F44442F32303130303532342F44432220786D6C6E733A64693D22687474703A2F2F7777772E6F6D672E6F72672F737065632F44442F32303130303532342F44492220786D6C6E733A666C6F7761626C653D22687474703A2F2F666C6F7761626C652E6F72672F62706D6E222069643D226469616772616D5F50726F636573735F3137313137363536313437393922207461726765744E616D6573706163653D22687474703A2F2F666C6F7761626C652E6F72672F62706D6E22207873693A736368656D614C6F636174696F6E3D22687474703A2F2F7777772E6F6D672E6F72672F737065632F42504D4E2F32303130303532342F4D4F44454C2042504D4E32302E787364223E0A20203C62706D6E323A70726F636573732069643D2250726F636573735F3137313137363536313437393922206E616D653D22E4B89AE58AA1E6B581E7A88B5F313731313736353631343739392220697345786563757461626C653D2274727565223E0A202020203C62706D6E323A73746172744576656E742069643D224576656E745F3165306E6A68782220666C6F7761626C653A666F726D4B65793D226B65795F31373733383934383939323130303736313631223E0A2020202020203C62706D6E323A6F7574676F696E673E466C6F775F313171363233683C2F62706D6E323A6F7574676F696E673E0A202020203C2F62706D6E323A73746172744576656E743E0A202020203C62706D6E323A656E644576656E742069643D224576656E745F31386737386336223E0A2020202020203C62706D6E323A696E636F6D696E673E466C6F775F30376F676538673C2F62706D6E323A696E636F6D696E673E0A202020203C2F62706D6E323A656E644576656E743E0A202020203C62706D6E323A757365725461736B2069643D2241637469766974795F30687A7967736F2220666C6F7761626C653A64617461547970653D2255534552532220666C6F7761626C653A61737369676E65653D22342220666C6F7761626C653A746578743D22E69BB9E88081E69DBF223E0A2020202020203C62706D6E323A696E636F6D696E673E466C6F775F313171363233683C2F62706D6E323A696E636F6D696E673E0A2020202020203C62706D6E323A6F7574676F696E673E466C6F775F31376E36736D773C2F62706D6E323A6F7574676F696E673E0A202020203C2F62706D6E323A757365725461736B3E0A202020203C62706D6E323A757365725461736B2069643D2241637469766974795F3163316A63737A2220666C6F7761626C653A64617461547970653D2255534552532220666C6F7761626C653A61737369676E65653D22332220666C6F7761626C653A746578743D22E8B0A2E88081E69DBF223E0A2020202020203C62706D6E323A696E636F6D696E673E466C6F775F31376E36736D773C2F62706D6E323A696E636F6D696E673E0A2020202020203C62706D6E323A6F7574676F696E673E466C6F775F30376F676538673C2F62706D6E323A6F7574676F696E673E0A202020203C2F62706D6E323A757365725461736B3E0A202020203C62706D6E323A73657175656E6365466C6F772069643D22466C6F775F313171363233682220736F757263655265663D224576656E745F3165306E6A687822207461726765745265663D2241637469766974795F30687A7967736F22202F3E0A202020203C62706D6E323A73657175656E6365466C6F772069643D22466C6F775F31376E36736D772220736F757263655265663D2241637469766974795F30687A7967736F22207461726765745265663D2241637469766974795F3163316A63737A22202F3E0A202020203C62706D6E323A73657175656E6365466C6F772069643D22466C6F775F30376F676538672220736F757263655265663D2241637469766974795F3163316A63737A22207461726765745265663D224576656E745F3138673738633622202F3E0A20203C2F62706D6E323A70726F636573733E0A20203C62706D6E64693A42504D4E4469616772616D2069643D2242504D4E4469616772616D5F31223E0A202020203C62706D6E64693A42504D4E506C616E652069643D2242504D4E506C616E655F31222062706D6E456C656D656E743D2250726F636573735F31373131373635363134373939223E0A2020202020203C62706D6E64693A42504D4E456467652069643D22466C6F775F313171363233685F6469222062706D6E456C656D656E743D22466C6F775F31317136323368223E0A20202020202020203C64693A776179706F696E7420783D223439302220793D2231333822202F3E0A20202020202020203C64693A776179706F696E7420783D223439302220793D2232303022202F3E0A2020202020203C2F62706D6E64693A42504D4E456467653E0A2020202020203C62706D6E64693A42504D4E456467652069643D22466C6F775F31376E36736D775F6469222062706D6E456C656D656E743D22466C6F775F31376E36736D77223E0A20202020202020203C64693A776179706F696E7420783D223439302220793D2232383022202F3E0A20202020202020203C64693A776179706F696E7420783D223439302220793D2233343022202F3E0A2020202020203C2F62706D6E64693A42504D4E456467653E0A2020202020203C62706D6E64693A42504D4E456467652069643D22466C6F775F30376F676538675F6469222062706D6E456C656D656E743D22466C6F775F30376F67653867223E0A20202020202020203C64693A776179706F696E7420783D223439302220793D2234323022202F3E0A20202020202020203C64693A776179706F696E7420783D223439302220793D2234393222202F3E0A2020202020203C2F62706D6E64693A42504D4E456467653E0A2020202020203C62706D6E64693A42504D4E53686170652069643D224576656E745F3165306E6A68785F6469222062706D6E456C656D656E743D224576656E745F3165306E6A6878223E0A20202020202020203C64633A426F756E647320783D223437322220793D22313032222077696474683D22333622206865696768743D22333622202F3E0A2020202020203C2F62706D6E64693A42504D4E53686170653E0A2020202020203C62706D6E64693A42504D4E53686170652069643D224576656E745F313867373863365F6469222062706D6E456C656D656E743D224576656E745F31386737386336223E0A20202020202020203C64633A426F756E647320783D223437322220793D22343932222077696474683D22333622206865696768743D22333622202F3E0A2020202020203C2F62706D6E64693A42504D4E53686170653E0A2020202020203C62706D6E64693A42504D4E53686170652069643D2241637469766974795F30687A7967736F5F6469222062706D6E456C656D656E743D2241637469766974795F30687A7967736F223E0A20202020202020203C64633A426F756E647320783D223434302220793D22323030222077696474683D2231303022206865696768743D22383022202F3E0A2020202020203C2F62706D6E64693A42504D4E53686170653E0A2020202020203C62706D6E64693A42504D4E53686170652069643D2241637469766974795F3163316A63737A5F6469222062706D6E456C656D656E743D2241637469766974795F3163316A63737A223E0A20202020202020203C64633A426F756E647320783D223434302220793D22333430222077696474683D2231303022206865696768743D22383022202F3E0A2020202020203C2F62706D6E64693A42504D4E53686170653E0A202020203C2F62706D6E64693A42504D4E506C616E653E0A20203C2F62706D6E64693A42504D4E4469616772616D3E0A3C2F62706D6E323A646566696E6974696F6E733E0A, 0);
INSERT INTO `act_ge_bytearray` VALUES ('f64b79de-eea5-11ee-a7e7-a0e70b8d65c1', 1, '业务流程_1711765614799.Process_1711765614799.png', 'f5bddfdc-eea5-11ee-a7e7-a0e70b8d65c1', 0x89504E470D0A1A0A0000000D49484452000002260000021A080600000014768690000013164944415478DAEDDD4F6C5665BEC071162C66318BBBB88B59CCC2C52C66711367C1C26517B37041322E28EF9FD28025E8A804512F10093843A3121CC41B8A314612BC5E1387F406B8D34C9CB12DF64FB0984E0C232066B86047A8EFA5D00BC31F0B6DF199F3347DC96B4B297FCA795F3C9F4FF28BDA970839E74DFCFA9CE79C336F1E0000000000000000000000000000000000000000000000000000000000000000000000000000000000000000000000000000000000000000000000000000000000000000000000000000000000000000000000000000000000000000000000000000000000000000000000000000000000000000000000000000000000000000000000000000000000000000000000000000000000000000000000000000000000000000000000000000000000000000000000000000000000000000000000000000000000000000000000000000000000000000000000000000000F90D3A74F3FBC77EFDEFF78F3CD378F6CD8B0E1D2CA952BAF373434847C3E3F312B56AC187DE1851786376DDAD4B375EBD65F2F5BB6EC478E1A0030674208F3FBFAFAD66EDFBEBD948447D8BC7973D8B3674F3874E850181C1C0CE3E3E3A16C7878387CFEF9E761DFBE7D61C78E1D210993F1356BD67CD2D4D4F4B0230900DC93EEEEEEA637DE78E3D2D34F3F1D5A5B5B43A9540A77E2FCF9F3A1BDBD3D3CF3CC3363AB56AD3A90CFE71F725401803B12574976EFDE7DB8A9A9297CF0C10761646424DC8BB8AA1257511A1B1BC7962F5FBECE1106006E4BA9547AA8A5A56568F5EAD561606020CCA5F8EF7BEEB9E74656AC58F1BEFD2700C0AC51122FDD6CDCB871E232CCFD10575F5E79E5952BCB972FFFB0AEAE6EBEA30E004C132FDFC495921825F77AE9E6762EEDBCFCF2CB171B1B1B773AF200C034714F49BC7C73F1E2C59086183FAB56ADBAD8D0D0B0D6D107006EE8E9E9591137BACEF59E92DBD9739284C9487D7DFDCF9C050060E212CEEBAFBF7E39DE7D530D7BF6ECB990C4C91E67020098171F9E169F5372BFF795DC6ABF495353D39962B1F80B670300326EDBB66DA5F8F0B46A6A6B6B3B95CFE7FFCBD900800C8BEFBE898F99BFD327BACEB5786B72B158FC7FCF3601800C8B2FE47BEDB5D7422D78F1C517FB73B9DC42670500326AFBF6ED47E30BF96AC1BBEFBE7B389FCFB7382B0090511B366CB814DF125C0B3EFBECB3E34998F4392B0090512B57AEBC5EEDFD2565E7CE9DBB9C8449C95901808C6A686898B85DB7562461129C1500C8A81802B54498004086D5D88AC92561020019F6D4534F5DAB953D2667CE9C39628F090064D8DAB56BFFAF56EECAE9EBEBEB72570E0064587373F347B5F21C936DDBB6B5798E090064D8962D5B1EDFBA75EB77B510264F3EF9649B27BF024086C577D33435358D0E0F0F57FB1926717FC959EFCA01808C5BB76EDDC76D6D6D550D93969696FFF4766100605E5353D3C34F3CF1C4F8C8C84855A2647C7CFC54A150F8DF62B1F80B67030098F7ECB3CF76576B13ECABAFBEFA6E3E9F6F7516008009F5F5F53F79FCF1C7AF0D0C0CA41A255F7CF1457712259792DFFF67CE02007043B1585CB57AF5EA6FD3BAA473E5CA95A3C9EF793409937F77F4018069962F5FFEDEA64D9BEE7B9C8C8F8F0F343535ED4FA2E42D471D00B8A9BABABAF94930FCCF4B2FBD74F17EC5495C294902E8E3B8AFC4EDC100C0AC71522C16DF5EB56AD5C5B9DE7312F7944C5EBE794B940000B72D97CBAD6C6868B8BC7BF7EEF3A3A3A3F77C4BF0E4DD3797EC290100EE4ABC5BA75028FCF7D2A54B2FB4B6B69E181E1E1EBBD327BAC687A725FF8E2FE3A59BE4AF3F775401807B92CBE5FE2D99778AC5E2C5E79F7FFED0CE9D3B0F7DFAE9A727BEF9E69B2B151D722986487C4B707C215F7CF74D7CCC7C12231F78781A0030E7E2BE90C58B17FF32098EDF251337B07E95CC583261724AC9F4C5B704C717F2D9470200A42E4689A300000813000061020008130000610200081300006102000813000061020008130000610200081300006102000813000061020008130000610200204C0000610200204C0000610200204C0000610200204C0000610200204C0000610200204C0000610200204C0000610200204C0000610200204C0000840900204C0000840900204C0000840900204C0000840900204C0000840900204C0000840900204C0000840900204C0000840900803001008409002042DA6288CC32FD8E14009046982C4866EC566192CBE5163A5200405A71F2E12DC2A4AFAEAE6EBEA30400A415260B660A9342A1F098230400A41D2737DB6BD26FB50400A846984CDB6B626F090050354988ECB55A0200D44A983C52B1B7E451470400A8AAF25E13AB2500402D84C9024F7E05801F8010C2FC93274FB61E3C78F07A676767686F6F37294F474747E8E9E93997CC12DF4800322D46496F6F6F181A1A0AD7AE5D33559AB367CF86EEEEEE7F2491B2C8B71280CC8A2B25A2A466E2E45A7B7BFB31DF4A00322B5EBE1105B53349988CF956029059718F8320A8A930B18917006132DB5CBE500A27FB7785A31DCD1313FF3EFE4C4C08130048354C2E9D1F0C47FEBC31FCF58F6BBE37F167F13341214C0020B5303975F40FD3A2A43CA78FB6090A610200E985C9B18FB7CC1826F13341214C0020B53039D2FEDB19C3247E26288409000813610200D90B937817CE4C61123F1314C20400520B93E30776CC1826F13341214C0020B530191EFC3C1CF9E837D32FE3243F8B9F090A610200A985499CAFFEF2DEB430893F1313C20400D20D93AB57C3F14FDE9A7E1927F959FC4C5008130048254CE2935DFF76A065C63D26F1334F7F152600707FC3E4EAD5503ABE3F1CFED3FA19A3A43CF1D7C45F6BF5449800C09C87C96CAB24564F840900A41626B7B34A72ABD51381214C0060CEC2E46EA3A43C02439800C09C8589112600204C8C300140980802610200C2C40813001026C204008489112600204C8409000813234C00409808130010264698008030112600204C8C30010061224C00409818610200C2449800803031C20400848930010061628409000813234C00409808130010264698008030112600204C8C30010061224C00409818610200C2449800803031C20400848930010061628409000813610200C2C40813001026C204008489112600204C8489300140980802610200C2C40813001026C204008489112600204C8409000813234C00409808130010264698008030112600204C8C30010061224C00409818610200C2449800803031C20400848930010061628409000813234C00409808130010264698008030112600204C8C30010061224C00E0C1D1D9D929086A6746923019F3AD0420B37A7A7A4A434343A2A006667070F0F749981CF3AD0420B3F6EFDFFFABAEAEAE0B67CE9CF9561C546FA52446494747C7DF9359E45B0940A625FF315C98FC9F7A7FBC8C10F7383C8893CFE7C383FA679F3CEEC7440900FC40C43071140000610200204C0000610200204C0000610200204C0000610200204C0000610200204C0000610200204C0000610200204C0000610200204C0000840900204C0000840900204C0000840900204C0000840900204C0000840900204C0000840900204C0000840900204C0000840900204C00008409008030010084090080300100840900803001008409008030010084090080300100840900803001008409008030010084090080300100B217216D314466997E470A0048234C16243376AB30C9E5720B1D290020AD38F9F01661D257575737DF510200D20A9305338549A15078CC110200D28E939BED35E9B75A020054234CA6ED35B1B70400A89A2444F65A2D01006A254C1EA9D85BF2A8230200545579AF89D51200A016C2648127BF02C00F400861FEC993275B0F1E3C78BDB3B333B4B7B79B94A7A3A323F4F4F49C4B66896F24009916A3A4B7B7370C0D0D856BD7AE992ACDD9B367437777F73F924859E45B094066C595125152337172ADBDBDFD986F250099152FDF8882DA99244CC67C2B01C8ACB8C74110D45498D8C40B8030996D2E5F288593FDBBC2D18EE689897F1F7F2626840900A41A2697CE0F86237FDE18FEFAC735DF9BF8B3F899A0102600905A989C3AFA876951529ED347DB0485300180F4C2E4D8C75B660C93F899A0102600905A981C69FFED8C61123F1314C204008489300180EC8549BC0B67A630899F090A610200A985C9F1033B660C93F899A0102600905A980C0F7E1E8E7CF49BE99771929FC5CF0485300180D4C224CE577F796F5A98C49F8909610200E986C9D5ABE1F8276F4DBF8C93FC2C7E2628840900A41226F1C9AE7F3BD032E31E93F899A7BF0A1300B8BF6172F56A281DDF1F0EFF69FD8C51529EF86BE2AFB57A224C0060CEC364B65512AB27C20400520B93DB5925B9D5EA89C010260030676172B751521E81214C0060CEC2C40813001026469800204C048130010061628409000813610200C2C40813001026C204008489112600204C8409000813234C00409808130010264698008030112600204C8C30010061224C00409818610200C2449800803031C204008489112600204C8409000813234C00409808130010264698008030112600204C8C30010061224C00409818610200C2449800803031C20400848930010061628409000813610200C2C40813001026C2449800204C048130010061628409000813610200C2C40813001026C204008489112600204C8409000813234C00409808130010264698008030112600204C8C30010061224C00409818610200C2449800803031C204008489112600204C8409000813234C00409808130010264698008030112600F0E0E8ECEC1404B5332349988CF9560290593D3D3DA5A1A121515003333838F8FB244C8EF956029059FBF7EFFF555757D7853367CE7C2B0EAAB75212A3A4A3A3E3EFC92CF2AD0420D392FF182E4CFE4FBD3F5E46887B1C1EC4C9E7F3E141FDB34F1EF763A204007E206298380A00803001001026008030010010260080300100102600803001001026008030010010260080300100102600803001001026008030010010260000C2040010260000C2040010260000C2040010260000C2040010260000C2040010260000C2040010260000C2040010260000C2040010260000C2040040980000C2040040980000C2040040980000C2040040980000C2040040980000C2040040980000C2040040980000C2040040980000081300409800000813004098000008130040980000081300409800000813004098000008130040980000CC7584B4C5109965FA1D2900208D305990CCD8ADC22497CB2D74A40080B4E2E4C35B84495F5D5DDD7C470900482B4C16CC14268542E131470800483B4E6EB6D7A4DF6A0900508D3099B6D7C4DE1200A06A9210D96BB50400A8953079A4626FC9A38E08005055E5BD26564B0080542D5BB6EC5F920859944C4BBC2D3899D294CDAFF19FFB72B9DC3B8542614932FFEAA80100732A6E6A8D2B2349688CDFC6535FA7DE3EDC1E6F21B6A20200DC9378E74D121507EF3446667A4CBD7D2800C01D8BAB1B49446CBED90AC9BA75EB426B6B6B3870E040F8FAEBAFC3C8C8488846474727FEF9E0C18361CF9E3D61E3C68D33054ACBB265CB7EE4280300B36A6868F8E9D45592C6C6C6B06BD7AE502A95C29D181818083B77EE0C49884C8D93C3F1F771B40180192541F2F362B1F84D65446CDEBC390C0D0D857B313C3C1C9A9B9BA7C6C9A9641E72D4018069E20A466594C45592AEAEAE303E3E1EE64A6F6FEFC4BF579C0000339ADC5372E3F24D1229E1CB2FBF0CF743DC8332E5D2CEE1FAFAFA1F3B0B00C084B8D1B572A5E47E4549659CC4F8A9DC10EB2C0000E55B826FDC7D132FDFA4215ED699F2BC13B7120340D6555EC2891B5DE7724FC96CA66C88F5124000C8B2C927BADEB88473AF77DFDCCDDD3A95FB4DE213629D1500C8A8F20BF8E2C4E79454C3FBEFBFFFBDC7D73B2B009041F1857C957B4BEEF4E1697325AED2546E84F5E23F00C8E66AC9A2CAC7CC5753E5E3EBE35B899D1D00C85E98B4946320BEFBA69AE2BB75CA7F965C2EF78EB30300D90B93BE720CC417F255537CAE49C5DD397DCE0E00642F4C4AE518886F05AEA6C1C1C1CA3029393B0090BD30B91103A3A3A3550D93F8FB57FE799C1D00C87098D402610200C26462464646AC980000550D931B7B4C060606EC310100AA1A26EECA01006A264C6E3CC764F7EEDD9E63020054354C3CF91500A80DF15D3949088C9583E0C48913557B574EB158FCCEBB7200C0AAC98DB70BBFFDF6DBDE2E0C00544F2E975B588E82C6C6C689D58B340D0F0F87A54B9756AE963CE6AC00408655DE9DD3DCDC1CC6C7C7530B93F8FB55DC8DD35F575737DF1901800C5BBC78F12F2B1F6ED6D5D5954A94F4F6F67EEFA16A8542E15167030088AB26BF2B07424343C34434DCEFE7962C59B2E4BB8A30697116008009F1124AE5259D1827F7EBA16B314A962E5D7ABD224A0ED7D7D7FFD85900006E4862E4A749241CAF8C937859672EF79CC49598292B25A79279C8D10700A68991501927E50DB1F77AB74EBCFB66CA4657510200CC6E72E5A4AF3222E2ADC4BB76ED0AA552E98E1F9E169F5352794B70F9F28D2801006E4BDC7392CBE5DE98121313B37EFDFA8977EBC43D28F1ADC4A3A3A3131112FF1ADF121CF790ECDBB76FE231F3954F74ADDCE86A4F090070C7266F25EEBB59A0DCC5F4BB251800B867934F886DAB7CB7CEED4E7CCC7C7CA2AB87A70100732ABEF82F89947CBC1C33B992529A1222F19FFB925FF34E7C4B707D7DFD4F1C350000000000000000000000000000000080E9FE092EDD1A8C26BB2C170000000049454E44AE426082, 1);

-- ----------------------------
-- Table structure for act_ge_property
-- ----------------------------
DROP TABLE IF EXISTS `act_ge_property`;
CREATE TABLE `act_ge_property`  (
  `NAME_` varchar(64) CHARACTER SET utf8 COLLATE utf8_bin NOT NULL,
  `VALUE_` varchar(300) CHARACTER SET utf8 COLLATE utf8_bin NULL DEFAULT NULL,
  `REV_` int NULL DEFAULT NULL,
  PRIMARY KEY (`NAME_`) USING BTREE
) ENGINE = InnoDB CHARACTER SET = utf8 COLLATE = utf8_bin ROW_FORMAT = DYNAMIC;

-- ----------------------------
-- Records of act_ge_property
-- ----------------------------
INSERT INTO `act_ge_property` VALUES ('batch.schema.version', '6.8.0.0', 1);
INSERT INTO `act_ge_property` VALUES ('cfg.execution-related-entities-count', 'true', 1);
INSERT INTO `act_ge_property` VALUES ('cfg.task-related-entities-count', 'true', 1);
INSERT INTO `act_ge_property` VALUES ('common.schema.version', '6.8.0.0', 1);
INSERT INTO `act_ge_property` VALUES ('entitylink.schema.version', '6.8.0.0', 1);
INSERT INTO `act_ge_property` VALUES ('eventsubscription.schema.version', '6.8.0.0', 1);
INSERT INTO `act_ge_property` VALUES ('identitylink.schema.version', '6.8.0.0', 1);
INSERT INTO `act_ge_property` VALUES ('job.schema.version', '6.8.0.0', 1);
INSERT INTO `act_ge_property` VALUES ('next.dbid', '1', 1);
INSERT INTO `act_ge_property` VALUES ('schema.history', 'create(6.8.0.0)', 1);
INSERT INTO `act_ge_property` VALUES ('schema.version', '6.8.0.0', 1);
INSERT INTO `act_ge_property` VALUES ('task.schema.version', '6.8.0.0', 1);
INSERT INTO `act_ge_property` VALUES ('variable.schema.version', '6.8.0.0', 1);

-- ----------------------------
-- Table structure for act_hi_actinst
-- ----------------------------
DROP TABLE IF EXISTS `act_hi_actinst`;
CREATE TABLE `act_hi_actinst`  (
  `ID_` varchar(64) CHARACTER SET utf8 COLLATE utf8_bin NOT NULL,
  `REV_` int NULL DEFAULT 1,
  `PROC_DEF_ID_` varchar(64) CHARACTER SET utf8 COLLATE utf8_bin NOT NULL,
  `PROC_INST_ID_` varchar(64) CHARACTER SET utf8 COLLATE utf8_bin NOT NULL,
  `EXECUTION_ID_` varchar(64) CHARACTER SET utf8 COLLATE utf8_bin NOT NULL,
  `ACT_ID_` varchar(255) CHARACTER SET utf8 COLLATE utf8_bin NOT NULL,
  `TASK_ID_` varchar(64) CHARACTER SET utf8 COLLATE utf8_bin NULL DEFAULT NULL,
  `CALL_PROC_INST_ID_` varchar(64) CHARACTER SET utf8 COLLATE utf8_bin NULL DEFAULT NULL,
  `ACT_NAME_` varchar(255) CHARACTER SET utf8 COLLATE utf8_bin NULL DEFAULT NULL,
  `ACT_TYPE_` varchar(255) CHARACTER SET utf8 COLLATE utf8_bin NOT NULL,
  `ASSIGNEE_` varchar(255) CHARACTER SET utf8 COLLATE utf8_bin NULL DEFAULT NULL,
  `START_TIME_` datetime(3) NOT NULL,
  `END_TIME_` datetime(3) NULL DEFAULT NULL,
  `TRANSACTION_ORDER_` int NULL DEFAULT NULL,
  `DURATION_` bigint NULL DEFAULT NULL,
  `DELETE_REASON_` varchar(4000) CHARACTER SET utf8 COLLATE utf8_bin NULL DEFAULT NULL,
  `TENANT_ID_` varchar(255) CHARACTER SET utf8 COLLATE utf8_bin NULL DEFAULT '',
  PRIMARY KEY (`ID_`) USING BTREE,
  INDEX `ACT_IDX_HI_ACT_INST_START`(`START_TIME_` ASC) USING BTREE,
  INDEX `ACT_IDX_HI_ACT_INST_END`(`END_TIME_` ASC) USING BTREE,
  INDEX `ACT_IDX_HI_ACT_INST_PROCINST`(`PROC_INST_ID_` ASC, `ACT_ID_` ASC) USING BTREE,
  INDEX `ACT_IDX_HI_ACT_INST_EXEC`(`EXECUTION_ID_` ASC, `ACT_ID_` ASC) USING BTREE
) ENGINE = InnoDB CHARACTER SET = utf8 COLLATE = utf8_bin ROW_FORMAT = DYNAMIC;

-- ----------------------------
-- Records of act_hi_actinst
-- ----------------------------
INSERT INTO `act_hi_actinst` VALUES ('171bf4fc-eec5-11ee-a9b2-a0e70b8d65c1', 1, 'Process_1711765614799:1:f64bef0f-eea5-11ee-a7e7-a0e70b8d65c1', '171abc6f-eec5-11ee-a9b2-a0e70b8d65c1', '171bf4fb-eec5-11ee-a9b2-a0e70b8d65c1', 'Event_1e0njhx', NULL, NULL, NULL, 'startEvent', NULL, '2024-03-31 02:41:15.874', '2024-03-31 02:41:15.877', 1, 3, NULL, '');
INSERT INTO `act_hi_actinst` VALUES ('171c6a2d-eec5-11ee-a9b2-a0e70b8d65c1', 1, 'Process_1711765614799:1:f64bef0f-eea5-11ee-a7e7-a0e70b8d65c1', '171abc6f-eec5-11ee-a9b2-a0e70b8d65c1', '171bf4fb-eec5-11ee-a9b2-a0e70b8d65c1', 'Flow_11q623h', NULL, NULL, NULL, 'sequenceFlow', NULL, '2024-03-31 02:41:15.877', '2024-03-31 02:41:15.877', 2, 0, NULL, '');
INSERT INTO `act_hi_actinst` VALUES ('171c6a2e-eec5-11ee-a9b2-a0e70b8d65c1', 5, 'Process_1711765614799:1:f64bef0f-eea5-11ee-a7e7-a0e70b8d65c1', '171abc6f-eec5-11ee-a9b2-a0e70b8d65c1', '171bf4fb-eec5-11ee-a9b2-a0e70b8d65c1', 'Activity_0hzygso', '171d066f-eec5-11ee-a9b2-a0e70b8d65c1', NULL, NULL, 'userTask', '5', '2024-03-31 02:41:15.877', '2024-03-31 23:17:12.690', 3, 74156813, NULL, '');
INSERT INTO `act_hi_actinst` VALUES ('1a18db9a-ce0c-11ee-83a2-a0e70b8d65c1', 1, 'Process_1708216905599:1:930d6c63-ce06-11ee-83a2-a0e70b8d65c1', '1a181844-ce0c-11ee-83a2-a0e70b8d65c1', '1a18db99-ce0c-11ee-83a2-a0e70b8d65c1', 'Event_1at5nuz', NULL, NULL, NULL, 'startEvent', NULL, '2024-02-18 11:16:26.783', '2024-02-18 11:16:26.786', 1, 3, NULL, '');
INSERT INTO `act_hi_actinst` VALUES ('1a199eeb-ce0c-11ee-83a2-a0e70b8d65c1', 1, 'Process_1708216905599:1:930d6c63-ce06-11ee-83a2-a0e70b8d65c1', '1a181844-ce0c-11ee-83a2-a0e70b8d65c1', '1a18db99-ce0c-11ee-83a2-a0e70b8d65c1', 'Flow_0uyrwl4', NULL, NULL, NULL, 'sequenceFlow', NULL, '2024-02-18 11:16:26.788', '2024-02-18 11:16:26.788', 2, 0, NULL, '');
INSERT INTO `act_hi_actinst` VALUES ('1a199eec-ce0c-11ee-83a2-a0e70b8d65c1', 2, 'Process_1708216905599:1:930d6c63-ce06-11ee-83a2-a0e70b8d65c1', '1a181844-ce0c-11ee-83a2-a0e70b8d65c1', '1a18db99-ce0c-11ee-83a2-a0e70b8d65c1', 'Activity_0moq7sv', '1a1cfa4d-ce0c-11ee-83a2-a0e70b8d65c1', NULL, NULL, 'userTask', '3', '2024-02-18 11:16:26.788', '2024-02-18 11:16:26.894', 3, 106, NULL, '');
INSERT INTO `act_hi_actinst` VALUES ('1a29f2a2-ce0c-11ee-83a2-a0e70b8d65c1', 1, 'Process_1708216905599:1:930d6c63-ce06-11ee-83a2-a0e70b8d65c1', '1a181844-ce0c-11ee-83a2-a0e70b8d65c1', '1a18db99-ce0c-11ee-83a2-a0e70b8d65c1', 'Flow_1wk6416', NULL, NULL, NULL, 'sequenceFlow', NULL, '2024-02-18 11:16:26.895', '2024-02-18 11:16:26.895', 1, 0, NULL, '');
INSERT INTO `act_hi_actinst` VALUES ('1a29f2a3-ce0c-11ee-83a2-a0e70b8d65c1', 1, 'Process_1708216905599:1:930d6c63-ce06-11ee-83a2-a0e70b8d65c1', '1a181844-ce0c-11ee-83a2-a0e70b8d65c1', '1a18db99-ce0c-11ee-83a2-a0e70b8d65c1', 'Activity_0tj6539', '1a29f2a4-ce0c-11ee-83a2-a0e70b8d65c1', NULL, NULL, 'userTask', '5', '2024-02-18 11:16:26.895', NULL, 2, NULL, NULL, '');
INSERT INTO `act_hi_actinst` VALUES ('5ba4877b-ed11-11ee-82f5-a0e70b8d65c1', 1, 'Process_1711636458266:1:d525ae90-ed10-11ee-82f5-a0e70b8d65c1', '5ba2d9c1-ed11-11ee-82f5-a0e70b8d65c1', '5ba4877a-ed11-11ee-82f5-a0e70b8d65c1', 'Event_0jmakry', NULL, NULL, NULL, 'startEvent', NULL, '2024-03-28 22:42:10.280', '2024-03-28 22:42:10.284', 1, 4, NULL, '');
INSERT INTO `act_hi_actinst` VALUES ('5ba54acc-ed11-11ee-82f5-a0e70b8d65c1', 1, 'Process_1711636458266:1:d525ae90-ed10-11ee-82f5-a0e70b8d65c1', '5ba2d9c1-ed11-11ee-82f5-a0e70b8d65c1', '5ba4877a-ed11-11ee-82f5-a0e70b8d65c1', 'Flow_0u8aut6', NULL, NULL, NULL, 'sequenceFlow', NULL, '2024-03-28 22:42:10.285', '2024-03-28 22:42:10.285', 2, 0, NULL, '');
INSERT INTO `act_hi_actinst` VALUES ('5ba54acd-ed11-11ee-82f5-a0e70b8d65c1', 1, 'Process_1711636458266:1:d525ae90-ed10-11ee-82f5-a0e70b8d65c1', '5ba2d9c1-ed11-11ee-82f5-a0e70b8d65c1', '5ba4877a-ed11-11ee-82f5-a0e70b8d65c1', 'Activity_0xjvj7t', '5ba598ee-ed11-11ee-82f5-a0e70b8d65c1', NULL, NULL, 'userTask', '4', '2024-03-28 22:42:10.285', NULL, 3, NULL, NULL, '');
INSERT INTO `act_hi_actinst` VALUES ('776306ea-ef73-11ee-a9a4-a0e70b8d65c1', 1, 'Process_1711765614799:1:f64bef0f-eea5-11ee-a7e7-a0e70b8d65c1', '171abc6f-eec5-11ee-a9b2-a0e70b8d65c1', '776306e9-ef73-11ee-a9a4-a0e70b8d65c1', 'Activity_0hzygso', '776306eb-ef73-11ee-a9a4-a0e70b8d65c1', NULL, NULL, 'userTask', '4', '2024-03-31 23:29:29.832', NULL, 1, NULL, NULL, '');
INSERT INTO `act_hi_actinst` VALUES ('93b47802-ef64-11ee-a9a4-a0e70b8d65c1', 1, 'Process_1708216905599:2:9256690a-ed10-11ee-82f5-a0e70b8d65c1', '93b3b4ac-ef64-11ee-a9a4-a0e70b8d65c1', '93b47801-ef64-11ee-a9a4-a0e70b8d65c1', 'Event_1at5nuz', NULL, NULL, NULL, 'startEvent', NULL, '2024-03-31 21:42:54.891', '2024-03-31 21:42:54.895', 1, 4, NULL, '');
INSERT INTO `act_hi_actinst` VALUES ('93b53b53-ef64-11ee-a9a4-a0e70b8d65c1', 1, 'Process_1708216905599:2:9256690a-ed10-11ee-82f5-a0e70b8d65c1', '93b3b4ac-ef64-11ee-a9a4-a0e70b8d65c1', '93b47801-ef64-11ee-a9a4-a0e70b8d65c1', 'Flow_0uyrwl4', NULL, NULL, NULL, 'sequenceFlow', NULL, '2024-03-31 21:42:54.896', '2024-03-31 21:42:54.896', 2, 0, NULL, '');
INSERT INTO `act_hi_actinst` VALUES ('93b56264-ef64-11ee-a9a4-a0e70b8d65c1', 1, 'Process_1708216905599:2:9256690a-ed10-11ee-82f5-a0e70b8d65c1', '93b3b4ac-ef64-11ee-a9a4-a0e70b8d65c1', '93b47801-ef64-11ee-a9a4-a0e70b8d65c1', 'Activity_0moq7sv', '93b82185-ef64-11ee-a9a4-a0e70b8d65c1', NULL, NULL, 'userTask', '3', '2024-03-31 21:42:54.897', NULL, 3, NULL, NULL, '');
INSERT INTO `act_hi_actinst` VALUES ('c0041583-ef71-11ee-a9a4-a0e70b8d65c1', 1, 'Process_1711765614799:1:f64bef0f-eea5-11ee-a7e7-a0e70b8d65c1', '171abc6f-eec5-11ee-a9b2-a0e70b8d65c1', '171bf4fb-eec5-11ee-a9b2-a0e70b8d65c1', 'Flow_17n6smw', NULL, NULL, NULL, 'sequenceFlow', NULL, '2024-03-31 23:17:12.690', '2024-03-31 23:17:12.690', 1, 0, NULL, '');
INSERT INTO `act_hi_actinst` VALUES ('c0041584-ef71-11ee-a9a4-a0e70b8d65c1', 2, 'Process_1711765614799:1:f64bef0f-eea5-11ee-a7e7-a0e70b8d65c1', '171abc6f-eec5-11ee-a9b2-a0e70b8d65c1', '171bf4fb-eec5-11ee-a9b2-a0e70b8d65c1', 'Activity_1c1jcsz', 'c0041585-ef71-11ee-a9a4-a0e70b8d65c1', NULL, NULL, 'userTask', '3', '2024-03-31 23:17:12.690', '2024-03-31 23:29:29.827', 2, 737137, 'Change activity to Activity_0hzygso', '');

-- ----------------------------
-- Table structure for act_hi_attachment
-- ----------------------------
DROP TABLE IF EXISTS `act_hi_attachment`;
CREATE TABLE `act_hi_attachment`  (
  `ID_` varchar(64) CHARACTER SET utf8 COLLATE utf8_bin NOT NULL,
  `REV_` int NULL DEFAULT NULL,
  `USER_ID_` varchar(255) CHARACTER SET utf8 COLLATE utf8_bin NULL DEFAULT NULL,
  `NAME_` varchar(255) CHARACTER SET utf8 COLLATE utf8_bin NULL DEFAULT NULL,
  `DESCRIPTION_` varchar(4000) CHARACTER SET utf8 COLLATE utf8_bin NULL DEFAULT NULL,
  `TYPE_` varchar(255) CHARACTER SET utf8 COLLATE utf8_bin NULL DEFAULT NULL,
  `TASK_ID_` varchar(64) CHARACTER SET utf8 COLLATE utf8_bin NULL DEFAULT NULL,
  `PROC_INST_ID_` varchar(64) CHARACTER SET utf8 COLLATE utf8_bin NULL DEFAULT NULL,
  `URL_` varchar(4000) CHARACTER SET utf8 COLLATE utf8_bin NULL DEFAULT NULL,
  `CONTENT_ID_` varchar(64) CHARACTER SET utf8 COLLATE utf8_bin NULL DEFAULT NULL,
  `TIME_` datetime(3) NULL DEFAULT NULL,
  PRIMARY KEY (`ID_`) USING BTREE
) ENGINE = InnoDB CHARACTER SET = utf8 COLLATE = utf8_bin ROW_FORMAT = DYNAMIC;

-- ----------------------------
-- Records of act_hi_attachment
-- ----------------------------

-- ----------------------------
-- Table structure for act_hi_comment
-- ----------------------------
DROP TABLE IF EXISTS `act_hi_comment`;
CREATE TABLE `act_hi_comment`  (
  `ID_` varchar(64) CHARACTER SET utf8 COLLATE utf8_bin NOT NULL,
  `TYPE_` varchar(255) CHARACTER SET utf8 COLLATE utf8_bin NULL DEFAULT NULL,
  `TIME_` datetime(3) NOT NULL,
  `USER_ID_` varchar(255) CHARACTER SET utf8 COLLATE utf8_bin NULL DEFAULT NULL,
  `TASK_ID_` varchar(64) CHARACTER SET utf8 COLLATE utf8_bin NULL DEFAULT NULL,
  `PROC_INST_ID_` varchar(64) CHARACTER SET utf8 COLLATE utf8_bin NULL DEFAULT NULL,
  `ACTION_` varchar(255) CHARACTER SET utf8 COLLATE utf8_bin NULL DEFAULT NULL,
  `MESSAGE_` varchar(4000) CHARACTER SET utf8 COLLATE utf8_bin NULL DEFAULT NULL,
  `FULL_MSG_` longblob NULL,
  PRIMARY KEY (`ID_`) USING BTREE
) ENGINE = InnoDB CHARACTER SET = utf8 COLLATE = utf8_bin ROW_FORMAT = DYNAMIC;

-- ----------------------------
-- Records of act_hi_comment
-- ----------------------------
INSERT INTO `act_hi_comment` VALUES ('1a26be50-ce0c-11ee-83a2-a0e70b8d65c1', '1', '2024-02-18 11:16:26.874', '3', '1a1cfa4d-ce0c-11ee-83a2-a0e70b8d65c1', '1a181844-ce0c-11ee-83a2-a0e70b8d65c1', 'AddComment', '谢老板发起流程申请', 0xE8B0A2E88081E69DBFE58F91E8B5B7E6B581E7A88BE794B3E8AFB7);
INSERT INTO `act_hi_comment` VALUES ('232f6c0d-ef70-11ee-a9a4-a0e70b8d65c1', '4', '2024-03-31 23:05:40.075', '4', '171d066f-eec5-11ee-a9b2-a0e70b8d65c1', '171abc6f-eec5-11ee-a9b2-a0e70b8d65c1', 'AddComment', '同意', 0xE5908CE6848F);
INSERT INTO `act_hi_comment` VALUES ('5583a038-ef6c-11ee-a9a4-a0e70b8d65c1', '4', '2024-03-31 22:38:26.526', NULL, '171d066f-eec5-11ee-a9b2-a0e70b8d65c1', '171abc6f-eec5-11ee-a9b2-a0e70b8d65c1', 'AddComment', '曹老板->波哥: 你看看', 0xE69BB9E88081E69DBF2D3EE6B3A2E593A53A20E4BDA0E79C8BE79C8B);
INSERT INTO `act_hi_comment` VALUES ('5586113a-ef6c-11ee-a9a4-a0e70b8d65c1', 'event', '2024-03-31 22:38:26.542', NULL, '171d066f-eec5-11ee-a9b2-a0e70b8d65c1', NULL, 'AddUserLink', '4_|_owner', NULL);
INSERT INTO `act_hi_comment` VALUES ('775dafb8-ef73-11ee-a9a4-a0e70b8d65c1', '2', '2024-03-31 23:29:29.797', NULL, 'c0041585-ef71-11ee-a9a4-a0e70b8d65c1', '171abc6f-eec5-11ee-a9b2-a0e70b8d65c1', 'AddComment', '我要退回到上一个节点了咯', 0xE68891E8A681E98080E59B9EE588B0E4B88AE4B880E4B8AAE88A82E782B9E4BA86E592AF);
INSERT INTO `act_hi_comment` VALUES ('8115658f-ef71-11ee-a9a4-a0e70b8d65c1', '5', '2024-03-31 23:15:27.107', '4', '171d066f-eec5-11ee-a9b2-a0e70b8d65c1', '171abc6f-eec5-11ee-a9b2-a0e70b8d65c1', 'AddComment', '曹老板->波哥: 转办给你了老铁', 0xE69BB9E88081E69DBF2D3EE6B3A2E593A53A20E8BDACE58A9EE7BB99E4BDA0E4BA86E88081E99381);
INSERT INTO `act_hi_comment` VALUES ('8117d691-ef71-11ee-a9a4-a0e70b8d65c1', 'event', '2024-03-31 23:15:27.123', '4', '171d066f-eec5-11ee-a9b2-a0e70b8d65c1', NULL, 'AddUserLink', '5_|_assignee', NULL);
INSERT INTO `act_hi_comment` VALUES ('c0015662-ef71-11ee-a9a4-a0e70b8d65c1', '1', '2024-03-31 23:17:12.672', NULL, '171d066f-eec5-11ee-a9b2-a0e70b8d65c1', '171abc6f-eec5-11ee-a9b2-a0e70b8d65c1', 'AddComment', '完成转办', 0xE5AE8CE68890E8BDACE58A9E);

-- ----------------------------
-- Table structure for act_hi_detail
-- ----------------------------
DROP TABLE IF EXISTS `act_hi_detail`;
CREATE TABLE `act_hi_detail`  (
  `ID_` varchar(64) CHARACTER SET utf8 COLLATE utf8_bin NOT NULL,
  `TYPE_` varchar(255) CHARACTER SET utf8 COLLATE utf8_bin NOT NULL,
  `PROC_INST_ID_` varchar(64) CHARACTER SET utf8 COLLATE utf8_bin NULL DEFAULT NULL,
  `EXECUTION_ID_` varchar(64) CHARACTER SET utf8 COLLATE utf8_bin NULL DEFAULT NULL,
  `TASK_ID_` varchar(64) CHARACTER SET utf8 COLLATE utf8_bin NULL DEFAULT NULL,
  `ACT_INST_ID_` varchar(64) CHARACTER SET utf8 COLLATE utf8_bin NULL DEFAULT NULL,
  `NAME_` varchar(255) CHARACTER SET utf8 COLLATE utf8_bin NOT NULL,
  `VAR_TYPE_` varchar(255) CHARACTER SET utf8 COLLATE utf8_bin NULL DEFAULT NULL,
  `REV_` int NULL DEFAULT NULL,
  `TIME_` datetime(3) NOT NULL,
  `BYTEARRAY_ID_` varchar(64) CHARACTER SET utf8 COLLATE utf8_bin NULL DEFAULT NULL,
  `DOUBLE_` double NULL DEFAULT NULL,
  `LONG_` bigint NULL DEFAULT NULL,
  `TEXT_` varchar(4000) CHARACTER SET utf8 COLLATE utf8_bin NULL DEFAULT NULL,
  `TEXT2_` varchar(4000) CHARACTER SET utf8 COLLATE utf8_bin NULL DEFAULT NULL,
  PRIMARY KEY (`ID_`) USING BTREE,
  INDEX `ACT_IDX_HI_DETAIL_PROC_INST`(`PROC_INST_ID_` ASC) USING BTREE,
  INDEX `ACT_IDX_HI_DETAIL_ACT_INST`(`ACT_INST_ID_` ASC) USING BTREE,
  INDEX `ACT_IDX_HI_DETAIL_TIME`(`TIME_` ASC) USING BTREE,
  INDEX `ACT_IDX_HI_DETAIL_NAME`(`NAME_` ASC) USING BTREE,
  INDEX `ACT_IDX_HI_DETAIL_TASK_ID`(`TASK_ID_` ASC) USING BTREE
) ENGINE = InnoDB CHARACTER SET = utf8 COLLATE = utf8_bin ROW_FORMAT = DYNAMIC;

-- ----------------------------
-- Records of act_hi_detail
-- ----------------------------

-- ----------------------------
-- Table structure for act_hi_entitylink
-- ----------------------------
DROP TABLE IF EXISTS `act_hi_entitylink`;
CREATE TABLE `act_hi_entitylink`  (
  `ID_` varchar(64) CHARACTER SET utf8 COLLATE utf8_bin NOT NULL,
  `LINK_TYPE_` varchar(255) CHARACTER SET utf8 COLLATE utf8_bin NULL DEFAULT NULL,
  `CREATE_TIME_` datetime(3) NULL DEFAULT NULL,
  `SCOPE_ID_` varchar(255) CHARACTER SET utf8 COLLATE utf8_bin NULL DEFAULT NULL,
  `SUB_SCOPE_ID_` varchar(255) CHARACTER SET utf8 COLLATE utf8_bin NULL DEFAULT NULL,
  `SCOPE_TYPE_` varchar(255) CHARACTER SET utf8 COLLATE utf8_bin NULL DEFAULT NULL,
  `SCOPE_DEFINITION_ID_` varchar(255) CHARACTER SET utf8 COLLATE utf8_bin NULL DEFAULT NULL,
  `PARENT_ELEMENT_ID_` varchar(255) CHARACTER SET utf8 COLLATE utf8_bin NULL DEFAULT NULL,
  `REF_SCOPE_ID_` varchar(255) CHARACTER SET utf8 COLLATE utf8_bin NULL DEFAULT NULL,
  `REF_SCOPE_TYPE_` varchar(255) CHARACTER SET utf8 COLLATE utf8_bin NULL DEFAULT NULL,
  `REF_SCOPE_DEFINITION_ID_` varchar(255) CHARACTER SET utf8 COLLATE utf8_bin NULL DEFAULT NULL,
  `ROOT_SCOPE_ID_` varchar(255) CHARACTER SET utf8 COLLATE utf8_bin NULL DEFAULT NULL,
  `ROOT_SCOPE_TYPE_` varchar(255) CHARACTER SET utf8 COLLATE utf8_bin NULL DEFAULT NULL,
  `HIERARCHY_TYPE_` varchar(255) CHARACTER SET utf8 COLLATE utf8_bin NULL DEFAULT NULL,
  PRIMARY KEY (`ID_`) USING BTREE,
  INDEX `ACT_IDX_HI_ENT_LNK_SCOPE`(`SCOPE_ID_` ASC, `SCOPE_TYPE_` ASC, `LINK_TYPE_` ASC) USING BTREE,
  INDEX `ACT_IDX_HI_ENT_LNK_REF_SCOPE`(`REF_SCOPE_ID_` ASC, `REF_SCOPE_TYPE_` ASC, `LINK_TYPE_` ASC) USING BTREE,
  INDEX `ACT_IDX_HI_ENT_LNK_ROOT_SCOPE`(`ROOT_SCOPE_ID_` ASC, `ROOT_SCOPE_TYPE_` ASC, `LINK_TYPE_` ASC) USING BTREE,
  INDEX `ACT_IDX_HI_ENT_LNK_SCOPE_DEF`(`SCOPE_DEFINITION_ID_` ASC, `SCOPE_TYPE_` ASC, `LINK_TYPE_` ASC) USING BTREE
) ENGINE = InnoDB CHARACTER SET = utf8 COLLATE = utf8_bin ROW_FORMAT = DYNAMIC;

-- ----------------------------
-- Records of act_hi_entitylink
-- ----------------------------

-- ----------------------------
-- Table structure for act_hi_identitylink
-- ----------------------------
DROP TABLE IF EXISTS `act_hi_identitylink`;
CREATE TABLE `act_hi_identitylink`  (
  `ID_` varchar(64) CHARACTER SET utf8 COLLATE utf8_bin NOT NULL,
  `GROUP_ID_` varchar(255) CHARACTER SET utf8 COLLATE utf8_bin NULL DEFAULT NULL,
  `TYPE_` varchar(255) CHARACTER SET utf8 COLLATE utf8_bin NULL DEFAULT NULL,
  `USER_ID_` varchar(255) CHARACTER SET utf8 COLLATE utf8_bin NULL DEFAULT NULL,
  `TASK_ID_` varchar(64) CHARACTER SET utf8 COLLATE utf8_bin NULL DEFAULT NULL,
  `CREATE_TIME_` datetime(3) NULL DEFAULT NULL,
  `PROC_INST_ID_` varchar(64) CHARACTER SET utf8 COLLATE utf8_bin NULL DEFAULT NULL,
  `SCOPE_ID_` varchar(255) CHARACTER SET utf8 COLLATE utf8_bin NULL DEFAULT NULL,
  `SUB_SCOPE_ID_` varchar(255) CHARACTER SET utf8 COLLATE utf8_bin NULL DEFAULT NULL,
  `SCOPE_TYPE_` varchar(255) CHARACTER SET utf8 COLLATE utf8_bin NULL DEFAULT NULL,
  `SCOPE_DEFINITION_ID_` varchar(255) CHARACTER SET utf8 COLLATE utf8_bin NULL DEFAULT NULL,
  PRIMARY KEY (`ID_`) USING BTREE,
  INDEX `ACT_IDX_HI_IDENT_LNK_USER`(`USER_ID_` ASC) USING BTREE,
  INDEX `ACT_IDX_HI_IDENT_LNK_SCOPE`(`SCOPE_ID_` ASC, `SCOPE_TYPE_` ASC) USING BTREE,
  INDEX `ACT_IDX_HI_IDENT_LNK_SUB_SCOPE`(`SUB_SCOPE_ID_` ASC, `SCOPE_TYPE_` ASC) USING BTREE,
  INDEX `ACT_IDX_HI_IDENT_LNK_SCOPE_DEF`(`SCOPE_DEFINITION_ID_` ASC, `SCOPE_TYPE_` ASC) USING BTREE,
  INDEX `ACT_IDX_HI_IDENT_LNK_TASK`(`TASK_ID_` ASC) USING BTREE,
  INDEX `ACT_IDX_HI_IDENT_LNK_PROCINST`(`PROC_INST_ID_` ASC) USING BTREE
) ENGINE = InnoDB CHARACTER SET = utf8 COLLATE = utf8_bin ROW_FORMAT = DYNAMIC;

-- ----------------------------
-- Records of act_hi_identitylink
-- ----------------------------
INSERT INTO `act_hi_identitylink` VALUES ('171ae380-eec5-11ee-a9b2-a0e70b8d65c1', NULL, 'starter', '1', NULL, '2024-03-31 02:41:15.867', '171abc6f-eec5-11ee-a9b2-a0e70b8d65c1', NULL, NULL, NULL, NULL);
INSERT INTO `act_hi_identitylink` VALUES ('172013b0-eec5-11ee-a9b2-a0e70b8d65c1', NULL, 'assignee', '4', '171d066f-eec5-11ee-a9b2-a0e70b8d65c1', '2024-03-31 02:41:15.901', NULL, NULL, NULL, NULL, NULL);
INSERT INTO `act_hi_identitylink` VALUES ('172013b1-eec5-11ee-a9b2-a0e70b8d65c1', NULL, 'participant', '4', NULL, '2024-03-31 02:41:15.901', '171abc6f-eec5-11ee-a9b2-a0e70b8d65c1', NULL, NULL, NULL, NULL);
INSERT INTO `act_hi_identitylink` VALUES ('1a183f55-ce0c-11ee-83a2-a0e70b8d65c1', NULL, 'starter', '3', NULL, '2024-02-18 11:16:26.780', '1a181844-ce0c-11ee-83a2-a0e70b8d65c1', NULL, NULL, NULL, NULL);
INSERT INTO `act_hi_identitylink` VALUES ('1a1d486e-ce0c-11ee-83a2-a0e70b8d65c1', NULL, 'assignee', '3', '1a1cfa4d-ce0c-11ee-83a2-a0e70b8d65c1', '2024-02-18 11:16:26.812', NULL, NULL, NULL, NULL, NULL);
INSERT INTO `act_hi_identitylink` VALUES ('1a1d486f-ce0c-11ee-83a2-a0e70b8d65c1', NULL, 'participant', '3', NULL, '2024-02-18 11:16:26.812', '1a181844-ce0c-11ee-83a2-a0e70b8d65c1', NULL, NULL, NULL, NULL);
INSERT INTO `act_hi_identitylink` VALUES ('1a295661-ce0c-11ee-83a2-a0e70b8d65c1', NULL, 'participant', '3', NULL, '2024-02-18 11:16:26.891', '1a181844-ce0c-11ee-83a2-a0e70b8d65c1', NULL, NULL, NULL, NULL);
INSERT INTO `act_hi_identitylink` VALUES ('1a2a19b5-ce0c-11ee-83a2-a0e70b8d65c1', NULL, 'assignee', '5', '1a29f2a4-ce0c-11ee-83a2-a0e70b8d65c1', '2024-02-18 11:16:26.896', NULL, NULL, NULL, NULL, NULL);
INSERT INTO `act_hi_identitylink` VALUES ('1a2a19b6-ce0c-11ee-83a2-a0e70b8d65c1', NULL, 'participant', '5', NULL, '2024-02-18 11:16:26.896', '1a181844-ce0c-11ee-83a2-a0e70b8d65c1', NULL, NULL, NULL, NULL);
INSERT INTO `act_hi_identitylink` VALUES ('23318eee-ef70-11ee-a9a4-a0e70b8d65c1', NULL, 'assignee', '4', '171d066f-eec5-11ee-a9b2-a0e70b8d65c1', '2024-03-31 23:05:40.089', NULL, NULL, NULL, NULL, NULL);
INSERT INTO `act_hi_identitylink` VALUES ('558526d9-ef6c-11ee-a9a4-a0e70b8d65c1', NULL, 'owner', '4', '171d066f-eec5-11ee-a9b2-a0e70b8d65c1', '2024-03-31 22:38:26.536', NULL, NULL, NULL, NULL, NULL);
INSERT INTO `act_hi_identitylink` VALUES ('558b8f7b-ef6c-11ee-a9a4-a0e70b8d65c1', NULL, 'assignee', '5', '171d066f-eec5-11ee-a9b2-a0e70b8d65c1', '2024-03-31 22:38:26.578', NULL, NULL, NULL, NULL, NULL);
INSERT INTO `act_hi_identitylink` VALUES ('558b8f7c-ef6c-11ee-a9a4-a0e70b8d65c1', NULL, 'participant', '5', NULL, '2024-03-31 22:38:26.578', '171abc6f-eec5-11ee-a9b2-a0e70b8d65c1', NULL, NULL, NULL, NULL);
INSERT INTO `act_hi_identitylink` VALUES ('5ba39d12-ed11-11ee-82f5-a0e70b8d65c1', NULL, 'starter', '1', NULL, '2024-03-28 22:42:10.274', '5ba2d9c1-ed11-11ee-82f5-a0e70b8d65c1', NULL, NULL, NULL, NULL);
INSERT INTO `act_hi_identitylink` VALUES ('5ba7e2df-ed11-11ee-82f5-a0e70b8d65c1', NULL, 'assignee', '4', '5ba598ee-ed11-11ee-82f5-a0e70b8d65c1', '2024-03-28 22:42:10.302', NULL, NULL, NULL, NULL, NULL);
INSERT INTO `act_hi_identitylink` VALUES ('5ba7e2e0-ed11-11ee-82f5-a0e70b8d65c1', NULL, 'participant', '4', NULL, '2024-03-28 22:42:10.302', '5ba2d9c1-ed11-11ee-82f5-a0e70b8d65c1', NULL, NULL, NULL, NULL);
INSERT INTO `act_hi_identitylink` VALUES ('776306ec-ef73-11ee-a9a4-a0e70b8d65c1', NULL, 'assignee', '4', '776306eb-ef73-11ee-a9a4-a0e70b8d65c1', '2024-03-31 23:29:29.832', NULL, NULL, NULL, NULL, NULL);
INSERT INTO `act_hi_identitylink` VALUES ('81178870-ef71-11ee-a9a4-a0e70b8d65c1', NULL, 'assignee', '5', '171d066f-eec5-11ee-a9b2-a0e70b8d65c1', '2024-03-31 23:15:27.121', NULL, NULL, NULL, NULL, NULL);
INSERT INTO `act_hi_identitylink` VALUES ('93b3dbbd-ef64-11ee-a9a4-a0e70b8d65c1', NULL, 'starter', '4', NULL, '2024-03-31 21:42:54.888', '93b3b4ac-ef64-11ee-a9a4-a0e70b8d65c1', NULL, NULL, NULL, NULL);
INSERT INTO `act_hi_identitylink` VALUES ('93b82186-ef64-11ee-a9a4-a0e70b8d65c1', NULL, 'assignee', '3', '93b82185-ef64-11ee-a9a4-a0e70b8d65c1', '2024-03-31 21:42:54.915', NULL, NULL, NULL, NULL, NULL);
INSERT INTO `act_hi_identitylink` VALUES ('93b82187-ef64-11ee-a9a4-a0e70b8d65c1', NULL, 'participant', '3', NULL, '2024-03-31 21:42:54.915', '93b3b4ac-ef64-11ee-a9a4-a0e70b8d65c1', NULL, NULL, NULL, NULL);
INSERT INTO `act_hi_identitylink` VALUES ('c0041586-ef71-11ee-a9a4-a0e70b8d65c1', NULL, 'assignee', '3', 'c0041585-ef71-11ee-a9a4-a0e70b8d65c1', '2024-03-31 23:17:12.690', NULL, NULL, NULL, NULL, NULL);
INSERT INTO `act_hi_identitylink` VALUES ('c0041587-ef71-11ee-a9a4-a0e70b8d65c1', NULL, 'participant', '3', NULL, '2024-03-31 23:17:12.690', '171abc6f-eec5-11ee-a9b2-a0e70b8d65c1', NULL, NULL, NULL, NULL);

-- ----------------------------
-- Table structure for act_hi_procinst
-- ----------------------------
DROP TABLE IF EXISTS `act_hi_procinst`;
CREATE TABLE `act_hi_procinst`  (
  `ID_` varchar(64) CHARACTER SET utf8 COLLATE utf8_bin NOT NULL,
  `REV_` int NULL DEFAULT 1,
  `PROC_INST_ID_` varchar(64) CHARACTER SET utf8 COLLATE utf8_bin NOT NULL,
  `BUSINESS_KEY_` varchar(255) CHARACTER SET utf8 COLLATE utf8_bin NULL DEFAULT NULL,
  `PROC_DEF_ID_` varchar(64) CHARACTER SET utf8 COLLATE utf8_bin NOT NULL,
  `START_TIME_` datetime(3) NOT NULL,
  `END_TIME_` datetime(3) NULL DEFAULT NULL,
  `DURATION_` bigint NULL DEFAULT NULL,
  `START_USER_ID_` varchar(255) CHARACTER SET utf8 COLLATE utf8_bin NULL DEFAULT NULL,
  `START_ACT_ID_` varchar(255) CHARACTER SET utf8 COLLATE utf8_bin NULL DEFAULT NULL,
  `END_ACT_ID_` varchar(255) CHARACTER SET utf8 COLLATE utf8_bin NULL DEFAULT NULL,
  `SUPER_PROCESS_INSTANCE_ID_` varchar(64) CHARACTER SET utf8 COLLATE utf8_bin NULL DEFAULT NULL,
  `DELETE_REASON_` varchar(4000) CHARACTER SET utf8 COLLATE utf8_bin NULL DEFAULT NULL,
  `TENANT_ID_` varchar(255) CHARACTER SET utf8 COLLATE utf8_bin NULL DEFAULT '',
  `NAME_` varchar(255) CHARACTER SET utf8 COLLATE utf8_bin NULL DEFAULT NULL,
  `CALLBACK_ID_` varchar(255) CHARACTER SET utf8 COLLATE utf8_bin NULL DEFAULT NULL,
  `CALLBACK_TYPE_` varchar(255) CHARACTER SET utf8 COLLATE utf8_bin NULL DEFAULT NULL,
  `REFERENCE_ID_` varchar(255) CHARACTER SET utf8 COLLATE utf8_bin NULL DEFAULT NULL,
  `REFERENCE_TYPE_` varchar(255) CHARACTER SET utf8 COLLATE utf8_bin NULL DEFAULT NULL,
  `PROPAGATED_STAGE_INST_ID_` varchar(255) CHARACTER SET utf8 COLLATE utf8_bin NULL DEFAULT NULL,
  `BUSINESS_STATUS_` varchar(255) CHARACTER SET utf8 COLLATE utf8_bin NULL DEFAULT NULL,
  PRIMARY KEY (`ID_`) USING BTREE,
  UNIQUE INDEX `PROC_INST_ID_`(`PROC_INST_ID_` ASC) USING BTREE,
  INDEX `ACT_IDX_HI_PRO_INST_END`(`END_TIME_` ASC) USING BTREE,
  INDEX `ACT_IDX_HI_PRO_I_BUSKEY`(`BUSINESS_KEY_` ASC) USING BTREE,
  INDEX `ACT_IDX_HI_PRO_SUPER_PROCINST`(`SUPER_PROCESS_INSTANCE_ID_` ASC) USING BTREE
) ENGINE = InnoDB CHARACTER SET = utf8 COLLATE = utf8_bin ROW_FORMAT = DYNAMIC;

-- ----------------------------
-- Records of act_hi_procinst
-- ----------------------------
INSERT INTO `act_hi_procinst` VALUES ('171abc6f-eec5-11ee-a9b2-a0e70b8d65c1', 1, '171abc6f-eec5-11ee-a9b2-a0e70b8d65c1', NULL, 'Process_1711765614799:1:f64bef0f-eea5-11ee-a7e7-a0e70b8d65c1', '2024-03-31 02:41:15.866', NULL, NULL, '1', 'Event_1e0njhx', NULL, NULL, NULL, '', NULL, NULL, NULL, NULL, NULL, NULL, NULL);
INSERT INTO `act_hi_procinst` VALUES ('1a181844-ce0c-11ee-83a2-a0e70b8d65c1', 1, '1a181844-ce0c-11ee-83a2-a0e70b8d65c1', NULL, 'Process_1708216905599:1:930d6c63-ce06-11ee-83a2-a0e70b8d65c1', '2024-02-18 11:16:26.778', NULL, NULL, '3', 'Event_1at5nuz', NULL, NULL, NULL, '', NULL, NULL, NULL, NULL, NULL, NULL, NULL);
INSERT INTO `act_hi_procinst` VALUES ('5ba2d9c1-ed11-11ee-82f5-a0e70b8d65c1', 1, '5ba2d9c1-ed11-11ee-82f5-a0e70b8d65c1', NULL, 'Process_1711636458266:1:d525ae90-ed10-11ee-82f5-a0e70b8d65c1', '2024-03-28 22:42:10.269', NULL, NULL, '1', 'Event_0jmakry', NULL, NULL, NULL, '', NULL, NULL, NULL, NULL, NULL, NULL, NULL);
INSERT INTO `act_hi_procinst` VALUES ('93b3b4ac-ef64-11ee-a9a4-a0e70b8d65c1', 1, '93b3b4ac-ef64-11ee-a9a4-a0e70b8d65c1', NULL, 'Process_1708216905599:2:9256690a-ed10-11ee-82f5-a0e70b8d65c1', '2024-03-31 21:42:54.886', NULL, NULL, '4', 'Event_1at5nuz', NULL, NULL, NULL, '', NULL, NULL, NULL, NULL, NULL, NULL, NULL);

-- ----------------------------
-- Table structure for act_hi_taskinst
-- ----------------------------
DROP TABLE IF EXISTS `act_hi_taskinst`;
CREATE TABLE `act_hi_taskinst`  (
  `ID_` varchar(64) CHARACTER SET utf8 COLLATE utf8_bin NOT NULL,
  `REV_` int NULL DEFAULT 1,
  `PROC_DEF_ID_` varchar(64) CHARACTER SET utf8 COLLATE utf8_bin NULL DEFAULT NULL,
  `TASK_DEF_ID_` varchar(64) CHARACTER SET utf8 COLLATE utf8_bin NULL DEFAULT NULL,
  `TASK_DEF_KEY_` varchar(255) CHARACTER SET utf8 COLLATE utf8_bin NULL DEFAULT NULL,
  `PROC_INST_ID_` varchar(64) CHARACTER SET utf8 COLLATE utf8_bin NULL DEFAULT NULL,
  `EXECUTION_ID_` varchar(64) CHARACTER SET utf8 COLLATE utf8_bin NULL DEFAULT NULL,
  `SCOPE_ID_` varchar(255) CHARACTER SET utf8 COLLATE utf8_bin NULL DEFAULT NULL,
  `SUB_SCOPE_ID_` varchar(255) CHARACTER SET utf8 COLLATE utf8_bin NULL DEFAULT NULL,
  `SCOPE_TYPE_` varchar(255) CHARACTER SET utf8 COLLATE utf8_bin NULL DEFAULT NULL,
  `SCOPE_DEFINITION_ID_` varchar(255) CHARACTER SET utf8 COLLATE utf8_bin NULL DEFAULT NULL,
  `PROPAGATED_STAGE_INST_ID_` varchar(255) CHARACTER SET utf8 COLLATE utf8_bin NULL DEFAULT NULL,
  `NAME_` varchar(255) CHARACTER SET utf8 COLLATE utf8_bin NULL DEFAULT NULL,
  `PARENT_TASK_ID_` varchar(64) CHARACTER SET utf8 COLLATE utf8_bin NULL DEFAULT NULL,
  `DESCRIPTION_` varchar(4000) CHARACTER SET utf8 COLLATE utf8_bin NULL DEFAULT NULL,
  `OWNER_` varchar(255) CHARACTER SET utf8 COLLATE utf8_bin NULL DEFAULT NULL,
  `ASSIGNEE_` varchar(255) CHARACTER SET utf8 COLLATE utf8_bin NULL DEFAULT NULL,
  `START_TIME_` datetime(3) NOT NULL,
  `CLAIM_TIME_` datetime(3) NULL DEFAULT NULL,
  `END_TIME_` datetime(3) NULL DEFAULT NULL,
  `DURATION_` bigint NULL DEFAULT NULL,
  `DELETE_REASON_` varchar(4000) CHARACTER SET utf8 COLLATE utf8_bin NULL DEFAULT NULL,
  `PRIORITY_` int NULL DEFAULT NULL,
  `DUE_DATE_` datetime(3) NULL DEFAULT NULL,
  `FORM_KEY_` varchar(255) CHARACTER SET utf8 COLLATE utf8_bin NULL DEFAULT NULL,
  `CATEGORY_` varchar(255) CHARACTER SET utf8 COLLATE utf8_bin NULL DEFAULT NULL,
  `TENANT_ID_` varchar(255) CHARACTER SET utf8 COLLATE utf8_bin NULL DEFAULT '',
  `LAST_UPDATED_TIME_` datetime(3) NULL DEFAULT NULL,
  PRIMARY KEY (`ID_`) USING BTREE,
  INDEX `ACT_IDX_HI_TASK_SCOPE`(`SCOPE_ID_` ASC, `SCOPE_TYPE_` ASC) USING BTREE,
  INDEX `ACT_IDX_HI_TASK_SUB_SCOPE`(`SUB_SCOPE_ID_` ASC, `SCOPE_TYPE_` ASC) USING BTREE,
  INDEX `ACT_IDX_HI_TASK_SCOPE_DEF`(`SCOPE_DEFINITION_ID_` ASC, `SCOPE_TYPE_` ASC) USING BTREE,
  INDEX `ACT_IDX_HI_TASK_INST_PROCINST`(`PROC_INST_ID_` ASC) USING BTREE
) ENGINE = InnoDB CHARACTER SET = utf8 COLLATE = utf8_bin ROW_FORMAT = DYNAMIC;

-- ----------------------------
-- Records of act_hi_taskinst
-- ----------------------------
INSERT INTO `act_hi_taskinst` VALUES ('171d066f-eec5-11ee-a9b2-a0e70b8d65c1', 6, 'Process_1711765614799:1:f64bef0f-eea5-11ee-a7e7-a0e70b8d65c1', NULL, 'Activity_0hzygso', '171abc6f-eec5-11ee-a9b2-a0e70b8d65c1', '171bf4fb-eec5-11ee-a9b2-a0e70b8d65c1', NULL, NULL, NULL, NULL, NULL, NULL, NULL, NULL, '4', '5', '2024-03-31 02:41:15.880', NULL, '2024-03-31 23:17:12.687', 74156807, NULL, 50, NULL, NULL, NULL, '', '2024-03-31 23:17:12.687');
INSERT INTO `act_hi_taskinst` VALUES ('1a1cfa4d-ce0c-11ee-83a2-a0e70b8d65c1', 2, 'Process_1708216905599:1:930d6c63-ce06-11ee-83a2-a0e70b8d65c1', NULL, 'Activity_0moq7sv', '1a181844-ce0c-11ee-83a2-a0e70b8d65c1', '1a18db99-ce0c-11ee-83a2-a0e70b8d65c1', NULL, NULL, NULL, NULL, NULL, NULL, NULL, NULL, NULL, '3', '2024-02-18 11:16:26.788', NULL, '2024-02-18 11:16:26.892', 104, NULL, 50, NULL, 'key_1759011848135106562', NULL, '', '2024-02-18 11:16:26.892');
INSERT INTO `act_hi_taskinst` VALUES ('1a29f2a4-ce0c-11ee-83a2-a0e70b8d65c1', 1, 'Process_1708216905599:1:930d6c63-ce06-11ee-83a2-a0e70b8d65c1', NULL, 'Activity_0tj6539', '1a181844-ce0c-11ee-83a2-a0e70b8d65c1', '1a18db99-ce0c-11ee-83a2-a0e70b8d65c1', NULL, NULL, NULL, NULL, NULL, NULL, NULL, NULL, NULL, '5', '2024-02-18 11:16:26.895', NULL, NULL, NULL, NULL, 50, NULL, NULL, NULL, '', '2024-02-18 11:16:26.896');
INSERT INTO `act_hi_taskinst` VALUES ('5ba598ee-ed11-11ee-82f5-a0e70b8d65c1', 1, 'Process_1711636458266:1:d525ae90-ed10-11ee-82f5-a0e70b8d65c1', NULL, 'Activity_0xjvj7t', '5ba2d9c1-ed11-11ee-82f5-a0e70b8d65c1', '5ba4877a-ed11-11ee-82f5-a0e70b8d65c1', NULL, NULL, NULL, NULL, NULL, NULL, NULL, NULL, NULL, '4', '2024-03-28 22:42:10.285', NULL, NULL, NULL, NULL, 50, NULL, NULL, NULL, '', '2024-03-28 22:42:10.302');
INSERT INTO `act_hi_taskinst` VALUES ('776306eb-ef73-11ee-a9a4-a0e70b8d65c1', 1, 'Process_1711765614799:1:f64bef0f-eea5-11ee-a7e7-a0e70b8d65c1', NULL, 'Activity_0hzygso', '171abc6f-eec5-11ee-a9b2-a0e70b8d65c1', '776306e9-ef73-11ee-a9a4-a0e70b8d65c1', NULL, NULL, NULL, NULL, NULL, NULL, NULL, NULL, NULL, '4', '2024-03-31 23:29:29.832', NULL, NULL, NULL, NULL, 50, NULL, NULL, NULL, '', '2024-03-31 23:29:29.832');
INSERT INTO `act_hi_taskinst` VALUES ('93b82185-ef64-11ee-a9a4-a0e70b8d65c1', 1, 'Process_1708216905599:2:9256690a-ed10-11ee-82f5-a0e70b8d65c1', NULL, 'Activity_0moq7sv', '93b3b4ac-ef64-11ee-a9a4-a0e70b8d65c1', '93b47801-ef64-11ee-a9a4-a0e70b8d65c1', NULL, NULL, NULL, NULL, NULL, NULL, NULL, NULL, NULL, '3', '2024-03-31 21:42:54.897', NULL, NULL, NULL, NULL, 50, NULL, 'key_1759011848135106562', NULL, '', '2024-03-31 21:42:54.915');
INSERT INTO `act_hi_taskinst` VALUES ('c0041585-ef71-11ee-a9a4-a0e70b8d65c1', 2, 'Process_1711765614799:1:f64bef0f-eea5-11ee-a7e7-a0e70b8d65c1', NULL, 'Activity_1c1jcsz', '171abc6f-eec5-11ee-a9b2-a0e70b8d65c1', '171bf4fb-eec5-11ee-a9b2-a0e70b8d65c1', NULL, NULL, NULL, NULL, NULL, NULL, NULL, NULL, NULL, '3', '2024-03-31 23:17:12.690', NULL, '2024-03-31 23:29:29.828', 737138, 'Change activity to Activity_0hzygso', 50, NULL, NULL, NULL, '', '2024-03-31 23:29:29.828');

-- ----------------------------
-- Table structure for act_hi_tsk_log
-- ----------------------------
DROP TABLE IF EXISTS `act_hi_tsk_log`;
CREATE TABLE `act_hi_tsk_log`  (
  `ID_` bigint NOT NULL AUTO_INCREMENT,
  `TYPE_` varchar(64) CHARACTER SET utf8 COLLATE utf8_bin NULL DEFAULT NULL,
  `TASK_ID_` varchar(64) CHARACTER SET utf8 COLLATE utf8_bin NOT NULL,
  `TIME_STAMP_` timestamp(3) NOT NULL,
  `USER_ID_` varchar(255) CHARACTER SET utf8 COLLATE utf8_bin NULL DEFAULT NULL,
  `DATA_` varchar(4000) CHARACTER SET utf8 COLLATE utf8_bin NULL DEFAULT NULL,
  `EXECUTION_ID_` varchar(64) CHARACTER SET utf8 COLLATE utf8_bin NULL DEFAULT NULL,
  `PROC_INST_ID_` varchar(64) CHARACTER SET utf8 COLLATE utf8_bin NULL DEFAULT NULL,
  `PROC_DEF_ID_` varchar(64) CHARACTER SET utf8 COLLATE utf8_bin NULL DEFAULT NULL,
  `SCOPE_ID_` varchar(255) CHARACTER SET utf8 COLLATE utf8_bin NULL DEFAULT NULL,
  `SCOPE_DEFINITION_ID_` varchar(255) CHARACTER SET utf8 COLLATE utf8_bin NULL DEFAULT NULL,
  `SUB_SCOPE_ID_` varchar(255) CHARACTER SET utf8 COLLATE utf8_bin NULL DEFAULT NULL,
  `SCOPE_TYPE_` varchar(255) CHARACTER SET utf8 COLLATE utf8_bin NULL DEFAULT NULL,
  `TENANT_ID_` varchar(255) CHARACTER SET utf8 COLLATE utf8_bin NULL DEFAULT '',
  PRIMARY KEY (`ID_`) USING BTREE
) ENGINE = InnoDB AUTO_INCREMENT = 1 CHARACTER SET = utf8 COLLATE = utf8_bin ROW_FORMAT = DYNAMIC;

-- ----------------------------
-- Records of act_hi_tsk_log
-- ----------------------------

-- ----------------------------
-- Table structure for act_hi_varinst
-- ----------------------------
DROP TABLE IF EXISTS `act_hi_varinst`;
CREATE TABLE `act_hi_varinst`  (
  `ID_` varchar(64) CHARACTER SET utf8 COLLATE utf8_bin NOT NULL,
  `REV_` int NULL DEFAULT 1,
  `PROC_INST_ID_` varchar(64) CHARACTER SET utf8 COLLATE utf8_bin NULL DEFAULT NULL,
  `EXECUTION_ID_` varchar(64) CHARACTER SET utf8 COLLATE utf8_bin NULL DEFAULT NULL,
  `TASK_ID_` varchar(64) CHARACTER SET utf8 COLLATE utf8_bin NULL DEFAULT NULL,
  `NAME_` varchar(255) CHARACTER SET utf8 COLLATE utf8_bin NOT NULL,
  `VAR_TYPE_` varchar(100) CHARACTER SET utf8 COLLATE utf8_bin NULL DEFAULT NULL,
  `SCOPE_ID_` varchar(255) CHARACTER SET utf8 COLLATE utf8_bin NULL DEFAULT NULL,
  `SUB_SCOPE_ID_` varchar(255) CHARACTER SET utf8 COLLATE utf8_bin NULL DEFAULT NULL,
  `SCOPE_TYPE_` varchar(255) CHARACTER SET utf8 COLLATE utf8_bin NULL DEFAULT NULL,
  `BYTEARRAY_ID_` varchar(64) CHARACTER SET utf8 COLLATE utf8_bin NULL DEFAULT NULL,
  `DOUBLE_` double NULL DEFAULT NULL,
  `LONG_` bigint NULL DEFAULT NULL,
  `TEXT_` varchar(4000) CHARACTER SET utf8 COLLATE utf8_bin NULL DEFAULT NULL,
  `TEXT2_` varchar(4000) CHARACTER SET utf8 COLLATE utf8_bin NULL DEFAULT NULL,
  `CREATE_TIME_` datetime(3) NULL DEFAULT NULL,
  `LAST_UPDATED_TIME_` datetime(3) NULL DEFAULT NULL,
  PRIMARY KEY (`ID_`) USING BTREE,
  INDEX `ACT_IDX_HI_PROCVAR_NAME_TYPE`(`NAME_` ASC, `VAR_TYPE_` ASC) USING BTREE,
  INDEX `ACT_IDX_HI_VAR_SCOPE_ID_TYPE`(`SCOPE_ID_` ASC, `SCOPE_TYPE_` ASC) USING BTREE,
  INDEX `ACT_IDX_HI_VAR_SUB_ID_TYPE`(`SUB_SCOPE_ID_` ASC, `SCOPE_TYPE_` ASC) USING BTREE,
  INDEX `ACT_IDX_HI_PROCVAR_PROC_INST`(`PROC_INST_ID_` ASC) USING BTREE,
  INDEX `ACT_IDX_HI_PROCVAR_TASK_ID`(`TASK_ID_` ASC) USING BTREE,
  INDEX `ACT_IDX_HI_PROCVAR_EXE`(`EXECUTION_ID_` ASC) USING BTREE
) ENGINE = InnoDB CHARACTER SET = utf8 COLLATE = utf8_bin ROW_FORMAT = DYNAMIC;

-- ----------------------------
-- Records of act_hi_varinst
-- ----------------------------
INSERT INTO `act_hi_varinst` VALUES ('171b0a91-eec5-11ee-a9b2-a0e70b8d65c1', 0, '171abc6f-eec5-11ee-a9b2-a0e70b8d65c1', '171abc6f-eec5-11ee-a9b2-a0e70b8d65c1', NULL, 'field101', 'string', NULL, NULL, NULL, NULL, NULL, NULL, '单行文本', NULL, '2024-03-31 02:41:15.870', '2024-03-31 02:41:15.870');
INSERT INTO `act_hi_varinst` VALUES ('171b58b2-eec5-11ee-a9b2-a0e70b8d65c1', 0, '171abc6f-eec5-11ee-a9b2-a0e70b8d65c1', '171abc6f-eec5-11ee-a9b2-a0e70b8d65c1', NULL, 'field102', 'string', NULL, NULL, NULL, NULL, NULL, NULL, '多行文本', NULL, '2024-03-31 02:41:15.870', '2024-03-31 02:41:15.870');
INSERT INTO `act_hi_varinst` VALUES ('171bcde4-eec5-11ee-a9b2-a0e70b8d65c1', 0, '171abc6f-eec5-11ee-a9b2-a0e70b8d65c1', '171abc6f-eec5-11ee-a9b2-a0e70b8d65c1', NULL, 'field103', 'serializable', NULL, NULL, NULL, '171bcde5-eec5-11ee-a9b2-a0e70b8d65c1', NULL, NULL, NULL, NULL, '2024-03-31 02:41:15.873', '2024-03-31 02:41:15.873');
INSERT INTO `act_hi_varinst` VALUES ('171bf4f7-eec5-11ee-a9b2-a0e70b8d65c1', 0, '171abc6f-eec5-11ee-a9b2-a0e70b8d65c1', '171abc6f-eec5-11ee-a9b2-a0e70b8d65c1', NULL, 'field105', 'serializable', NULL, NULL, NULL, '171bf4f8-eec5-11ee-a9b2-a0e70b8d65c1', NULL, NULL, NULL, NULL, '2024-03-31 02:41:15.874', '2024-03-31 02:41:15.874');
INSERT INTO `act_hi_varinst` VALUES ('171bf4f9-eec5-11ee-a9b2-a0e70b8d65c1', 0, '171abc6f-eec5-11ee-a9b2-a0e70b8d65c1', '171abc6f-eec5-11ee-a9b2-a0e70b8d65c1', NULL, 'initiator', 'string', NULL, NULL, NULL, NULL, NULL, NULL, '1', NULL, '2024-03-31 02:41:15.874', '2024-03-31 02:41:15.874');
INSERT INTO `act_hi_varinst` VALUES ('171bf4fa-eec5-11ee-a9b2-a0e70b8d65c1', 0, '171abc6f-eec5-11ee-a9b2-a0e70b8d65c1', '171abc6f-eec5-11ee-a9b2-a0e70b8d65c1', NULL, 'processStatus', 'string', NULL, NULL, NULL, NULL, NULL, NULL, 'running', NULL, '2024-03-31 02:41:15.874', '2024-03-31 02:41:15.874');
INSERT INTO `act_hi_varinst` VALUES ('1a186666-ce0c-11ee-83a2-a0e70b8d65c1', 1, '1a181844-ce0c-11ee-83a2-a0e70b8d65c1', '1a181844-ce0c-11ee-83a2-a0e70b8d65c1', NULL, 'field101', 'string', NULL, NULL, NULL, NULL, NULL, NULL, '测试流程发起过程', NULL, '2024-02-18 11:16:26.782', '2024-02-18 11:16:26.889');
INSERT INTO `act_hi_varinst` VALUES ('1a18b487-ce0c-11ee-83a2-a0e70b8d65c1', 1, '1a181844-ce0c-11ee-83a2-a0e70b8d65c1', '1a181844-ce0c-11ee-83a2-a0e70b8d65c1', NULL, 'initiator', 'string', NULL, NULL, NULL, NULL, NULL, NULL, '3', NULL, '2024-02-18 11:16:26.782', '2024-02-18 11:16:26.890');
INSERT INTO `act_hi_varinst` VALUES ('1a18b488-ce0c-11ee-83a2-a0e70b8d65c1', 1, '1a181844-ce0c-11ee-83a2-a0e70b8d65c1', '1a181844-ce0c-11ee-83a2-a0e70b8d65c1', NULL, 'processStatus', 'string', NULL, NULL, NULL, NULL, NULL, NULL, 'running', NULL, '2024-02-18 11:16:26.782', '2024-02-18 11:16:26.890');
INSERT INTO `act_hi_varinst` VALUES ('5ba39d14-ed11-11ee-82f5-a0e70b8d65c1', 0, '5ba2d9c1-ed11-11ee-82f5-a0e70b8d65c1', '5ba2d9c1-ed11-11ee-82f5-a0e70b8d65c1', NULL, 'field101', 'serializable', NULL, NULL, NULL, '5ba46065-ed11-11ee-82f5-a0e70b8d65c1', NULL, NULL, NULL, NULL, '2024-03-28 22:42:10.279', '2024-03-28 22:42:10.279');
INSERT INTO `act_hi_varinst` VALUES ('5ba46066-ed11-11ee-82f5-a0e70b8d65c1', 0, '5ba2d9c1-ed11-11ee-82f5-a0e70b8d65c1', '5ba2d9c1-ed11-11ee-82f5-a0e70b8d65c1', NULL, 'field102', 'string', NULL, NULL, NULL, NULL, NULL, NULL, '测试是否成功', NULL, '2024-03-28 22:42:10.279', '2024-03-28 22:42:10.279');
INSERT INTO `act_hi_varinst` VALUES ('5ba46067-ed11-11ee-82f5-a0e70b8d65c1', 0, '5ba2d9c1-ed11-11ee-82f5-a0e70b8d65c1', '5ba2d9c1-ed11-11ee-82f5-a0e70b8d65c1', NULL, 'field104', 'integer', NULL, NULL, NULL, NULL, NULL, 1, '1', NULL, '2024-03-28 22:42:10.279', '2024-03-28 22:42:10.279');
INSERT INTO `act_hi_varinst` VALUES ('5ba46068-ed11-11ee-82f5-a0e70b8d65c1', 0, '5ba2d9c1-ed11-11ee-82f5-a0e70b8d65c1', '5ba2d9c1-ed11-11ee-82f5-a0e70b8d65c1', NULL, 'initiator', 'string', NULL, NULL, NULL, NULL, NULL, NULL, '1', NULL, '2024-03-28 22:42:10.279', '2024-03-28 22:42:10.279');
INSERT INTO `act_hi_varinst` VALUES ('5ba46069-ed11-11ee-82f5-a0e70b8d65c1', 0, '5ba2d9c1-ed11-11ee-82f5-a0e70b8d65c1', '5ba2d9c1-ed11-11ee-82f5-a0e70b8d65c1', NULL, 'processStatus', 'string', NULL, NULL, NULL, NULL, NULL, NULL, 'running', NULL, '2024-03-28 22:42:10.279', '2024-03-28 22:42:10.279');
INSERT INTO `act_hi_varinst` VALUES ('93b429de-ef64-11ee-a9a4-a0e70b8d65c1', 0, '93b3b4ac-ef64-11ee-a9a4-a0e70b8d65c1', '93b3b4ac-ef64-11ee-a9a4-a0e70b8d65c1', NULL, 'field101', 'string', NULL, NULL, NULL, NULL, NULL, NULL, '测试', NULL, '2024-03-31 21:42:54.890', '2024-03-31 21:42:54.890');
INSERT INTO `act_hi_varinst` VALUES ('93b450ef-ef64-11ee-a9a4-a0e70b8d65c1', 0, '93b3b4ac-ef64-11ee-a9a4-a0e70b8d65c1', '93b3b4ac-ef64-11ee-a9a4-a0e70b8d65c1', NULL, 'initiator', 'string', NULL, NULL, NULL, NULL, NULL, NULL, '4', NULL, '2024-03-31 21:42:54.890', '2024-03-31 21:42:54.890');
INSERT INTO `act_hi_varinst` VALUES ('93b450f0-ef64-11ee-a9a4-a0e70b8d65c1', 0, '93b3b4ac-ef64-11ee-a9a4-a0e70b8d65c1', '93b3b4ac-ef64-11ee-a9a4-a0e70b8d65c1', NULL, 'processStatus', 'string', NULL, NULL, NULL, NULL, NULL, NULL, 'running', NULL, '2024-03-31 21:42:54.890', '2024-03-31 21:42:54.890');

-- ----------------------------
-- Table structure for act_procdef_info
-- ----------------------------
DROP TABLE IF EXISTS `act_procdef_info`;
CREATE TABLE `act_procdef_info`  (
  `ID_` varchar(64) CHARACTER SET utf8 COLLATE utf8_bin NOT NULL,
  `PROC_DEF_ID_` varchar(64) CHARACTER SET utf8 COLLATE utf8_bin NOT NULL,
  `REV_` int NULL DEFAULT NULL,
  `INFO_JSON_ID_` varchar(64) CHARACTER SET utf8 COLLATE utf8_bin NULL DEFAULT NULL,
  PRIMARY KEY (`ID_`) USING BTREE,
  UNIQUE INDEX `ACT_UNIQ_INFO_PROCDEF`(`PROC_DEF_ID_` ASC) USING BTREE,
  INDEX `ACT_IDX_INFO_PROCDEF`(`PROC_DEF_ID_` ASC) USING BTREE,
  INDEX `ACT_FK_INFO_JSON_BA`(`INFO_JSON_ID_` ASC) USING BTREE,
  CONSTRAINT `ACT_FK_INFO_JSON_BA` FOREIGN KEY (`INFO_JSON_ID_`) REFERENCES `act_ge_bytearray` (`ID_`) ON DELETE RESTRICT ON UPDATE RESTRICT,
  CONSTRAINT `ACT_FK_INFO_PROCDEF` FOREIGN KEY (`PROC_DEF_ID_`) REFERENCES `act_re_procdef` (`ID_`) ON DELETE RESTRICT ON UPDATE RESTRICT
) ENGINE = InnoDB CHARACTER SET = utf8 COLLATE = utf8_bin ROW_FORMAT = DYNAMIC;

-- ----------------------------
-- Records of act_procdef_info
-- ----------------------------

-- ----------------------------
-- Table structure for act_re_deployment
-- ----------------------------
DROP TABLE IF EXISTS `act_re_deployment`;
CREATE TABLE `act_re_deployment`  (
  `ID_` varchar(64) CHARACTER SET utf8 COLLATE utf8_bin NOT NULL,
  `NAME_` varchar(255) CHARACTER SET utf8 COLLATE utf8_bin NULL DEFAULT NULL,
  `CATEGORY_` varchar(255) CHARACTER SET utf8 COLLATE utf8_bin NULL DEFAULT NULL,
  `KEY_` varchar(255) CHARACTER SET utf8 COLLATE utf8_bin NULL DEFAULT NULL,
  `TENANT_ID_` varchar(255) CHARACTER SET utf8 COLLATE utf8_bin NULL DEFAULT '',
  `DEPLOY_TIME_` timestamp(3) NULL DEFAULT NULL,
  `DERIVED_FROM_` varchar(64) CHARACTER SET utf8 COLLATE utf8_bin NULL DEFAULT NULL,
  `DERIVED_FROM_ROOT_` varchar(64) CHARACTER SET utf8 COLLATE utf8_bin NULL DEFAULT NULL,
  `PARENT_DEPLOYMENT_ID_` varchar(255) CHARACTER SET utf8 COLLATE utf8_bin NULL DEFAULT NULL,
  `ENGINE_VERSION_` varchar(255) CHARACTER SET utf8 COLLATE utf8_bin NULL DEFAULT NULL,
  PRIMARY KEY (`ID_`) USING BTREE
) ENGINE = InnoDB CHARACTER SET = utf8 COLLATE = utf8_bin ROW_FORMAT = DYNAMIC;

-- ----------------------------
-- Records of act_re_deployment
-- ----------------------------
INSERT INTO `act_re_deployment` VALUES ('92352567-ed10-11ee-82f5-a0e70b8d65c1', '业务流程_1708216905599', '110', 'Process_1708216905599', '', '2024-03-28 22:36:32.328', NULL, NULL, '92352567-ed10-11ee-82f5-a0e70b8d65c1', NULL);
INSERT INTO `act_re_deployment` VALUES ('925e67b0-ce06-11ee-83a2-a0e70b8d65c1', '业务流程_1708216905599', '110', 'Process_1708216905599', '', '2024-02-18 10:36:51.585', NULL, NULL, '925e67b0-ce06-11ee-83a2-a0e70b8d65c1', NULL);
INSERT INTO `act_re_deployment` VALUES ('d5192b6d-ed10-11ee-82f5-a0e70b8d65c1', '业务流程_1711636458266', '120', 'Process_1711636458266', '', '2024-03-28 22:38:24.552', NULL, NULL, 'd5192b6d-ed10-11ee-82f5-a0e70b8d65c1', NULL);
INSERT INTO `act_re_deployment` VALUES ('f5bddfdc-eea5-11ee-a7e7-a0e70b8d65c1', '业务流程_1711765614799', '130', 'Process_1711765614799', '', '2024-03-30 22:58:25.493', NULL, NULL, 'f5bddfdc-eea5-11ee-a7e7-a0e70b8d65c1', NULL);

-- ----------------------------
-- Table structure for act_re_model
-- ----------------------------
DROP TABLE IF EXISTS `act_re_model`;
CREATE TABLE `act_re_model`  (
  `ID_` varchar(64) CHARACTER SET utf8 COLLATE utf8_bin NOT NULL,
  `REV_` int NULL DEFAULT NULL,
  `NAME_` varchar(255) CHARACTER SET utf8 COLLATE utf8_bin NULL DEFAULT NULL,
  `KEY_` varchar(255) CHARACTER SET utf8 COLLATE utf8_bin NULL DEFAULT NULL,
  `CATEGORY_` varchar(255) CHARACTER SET utf8 COLLATE utf8_bin NULL DEFAULT NULL,
  `CREATE_TIME_` timestamp(3) NULL DEFAULT NULL,
  `LAST_UPDATE_TIME_` timestamp(3) NULL DEFAULT NULL,
  `VERSION_` int NULL DEFAULT NULL,
  `META_INFO_` varchar(4000) CHARACTER SET utf8 COLLATE utf8_bin NULL DEFAULT NULL,
  `DEPLOYMENT_ID_` varchar(64) CHARACTER SET utf8 COLLATE utf8_bin NULL DEFAULT NULL,
  `EDITOR_SOURCE_VALUE_ID_` varchar(64) CHARACTER SET utf8 COLLATE utf8_bin NULL DEFAULT NULL,
  `EDITOR_SOURCE_EXTRA_VALUE_ID_` varchar(64) CHARACTER SET utf8 COLLATE utf8_bin NULL DEFAULT NULL,
  `TENANT_ID_` varchar(255) CHARACTER SET utf8 COLLATE utf8_bin NULL DEFAULT '',
  PRIMARY KEY (`ID_`) USING BTREE,
  INDEX `ACT_FK_MODEL_SOURCE`(`EDITOR_SOURCE_VALUE_ID_` ASC) USING BTREE,
  INDEX `ACT_FK_MODEL_SOURCE_EXTRA`(`EDITOR_SOURCE_EXTRA_VALUE_ID_` ASC) USING BTREE,
  INDEX `ACT_FK_MODEL_DEPLOYMENT`(`DEPLOYMENT_ID_` ASC) USING BTREE,
  CONSTRAINT `ACT_FK_MODEL_DEPLOYMENT` FOREIGN KEY (`DEPLOYMENT_ID_`) REFERENCES `act_re_deployment` (`ID_`) ON DELETE RESTRICT ON UPDATE RESTRICT,
  CONSTRAINT `ACT_FK_MODEL_SOURCE` FOREIGN KEY (`EDITOR_SOURCE_VALUE_ID_`) REFERENCES `act_ge_bytearray` (`ID_`) ON DELETE RESTRICT ON UPDATE RESTRICT,
  CONSTRAINT `ACT_FK_MODEL_SOURCE_EXTRA` FOREIGN KEY (`EDITOR_SOURCE_EXTRA_VALUE_ID_`) REFERENCES `act_ge_bytearray` (`ID_`) ON DELETE RESTRICT ON UPDATE RESTRICT
) ENGINE = InnoDB CHARACTER SET = utf8 COLLATE = utf8_bin ROW_FORMAT = DYNAMIC;

-- ----------------------------
-- Records of act_re_model
-- ----------------------------
INSERT INTO `act_re_model` VALUES ('329587ee-ce06-11ee-83a2-a0e70b8d65c1', 2, '业务流程_1708216905599', 'Process_1708216905599', '110', '2024-02-18 10:34:10.885', '2024-02-18 10:34:10.892', 2, '{\"createUser\":null,\"description\":\"请假描述\",\"formType\":null,\"formId\":null}', NULL, '3296724f-ce06-11ee-83a2-a0e70b8d65c1', NULL, '');
INSERT INTO `act_re_model` VALUES ('4b2aa734-ed10-11ee-82f5-a0e70b8d65c1', 1, '业务流程_1711636458266', 'Process_1711636458266', '120', '2024-03-28 22:34:33.141', '2024-03-28 22:34:33.141', 1, '{\"createUser\":null,\"description\":\"测试数据\",\"formType\":null,\"formId\":null}', NULL, NULL, NULL, '');
INSERT INTO `act_re_model` VALUES ('65f16ab9-ee3d-11ee-a7e7-a0e70b8d65c1', 1, '业务流程_1711765614799', 'Process_1711765614799', '130', '2024-03-30 10:29:56.579', '2024-03-30 10:29:56.580', 1, '{\"createUser\":null,\"description\":\"测试结婚流程\",\"formType\":null,\"formId\":null}', NULL, NULL, NULL, '');
INSERT INTO `act_re_model` VALUES ('8b72a83d-cdf6-11ee-83a2-a0e70b8d65c1', 1, '业务流程_1708216905599', 'Process_1708216905599', '110', '2024-02-18 08:42:08.025', '2024-02-18 08:42:08.025', 1, '{\"createUser\":null,\"description\":\"请假描述\",\"formType\":null,\"formId\":null}', NULL, NULL, NULL, '');
INSERT INTO `act_re_model` VALUES ('8dd044a5-ed10-11ee-82f5-a0e70b8d65c1', 2, '业务流程_1711636458266', 'Process_1711636458266', '120', '2024-03-28 22:36:24.956', '2024-03-28 22:36:24.970', 2, '{\"createUser\":null,\"description\":\"测试数据\",\"formType\":null,\"formId\":null}', NULL, '8dd26786-ed10-11ee-82f5-a0e70b8d65c1', NULL, '');
INSERT INTO `act_re_model` VALUES ('d3d9315b-ed10-11ee-82f5-a0e70b8d65c1', 2, '业务流程_1711636458266', 'Process_1711636458266', '120', '2024-03-28 22:38:22.455', '2024-03-28 22:38:22.466', 3, '{\"createUser\":null,\"description\":\"测试数据\",\"formType\":null,\"formId\":null}', NULL, 'd3dadf0c-ed10-11ee-82f5-a0e70b8d65c1', NULL, '');
INSERT INTO `act_re_model` VALUES ('ed82335a-ee3e-11ee-a7e7-a0e70b8d65c1', 2, '业务流程_1711765614799', 'Process_1711765614799', '130', '2024-03-30 10:40:53.518', '2024-03-30 10:40:53.553', 2, '{\"createUser\":null,\"description\":\"测试结婚流程\",\"formType\":null,\"formId\":null}', NULL, 'ed873c6b-ee3e-11ee-a7e7-a0e70b8d65c1', NULL, '');

-- ----------------------------
-- Table structure for act_re_procdef
-- ----------------------------
DROP TABLE IF EXISTS `act_re_procdef`;
CREATE TABLE `act_re_procdef`  (
  `ID_` varchar(64) CHARACTER SET utf8 COLLATE utf8_bin NOT NULL,
  `REV_` int NULL DEFAULT NULL,
  `CATEGORY_` varchar(255) CHARACTER SET utf8 COLLATE utf8_bin NULL DEFAULT NULL,
  `NAME_` varchar(255) CHARACTER SET utf8 COLLATE utf8_bin NULL DEFAULT NULL,
  `KEY_` varchar(255) CHARACTER SET utf8 COLLATE utf8_bin NOT NULL,
  `VERSION_` int NOT NULL,
  `DEPLOYMENT_ID_` varchar(64) CHARACTER SET utf8 COLLATE utf8_bin NULL DEFAULT NULL,
  `RESOURCE_NAME_` varchar(4000) CHARACTER SET utf8 COLLATE utf8_bin NULL DEFAULT NULL,
  `DGRM_RESOURCE_NAME_` varchar(4000) CHARACTER SET utf8 COLLATE utf8_bin NULL DEFAULT NULL,
  `DESCRIPTION_` varchar(4000) CHARACTER SET utf8 COLLATE utf8_bin NULL DEFAULT NULL,
  `HAS_START_FORM_KEY_` tinyint NULL DEFAULT NULL,
  `HAS_GRAPHICAL_NOTATION_` tinyint NULL DEFAULT NULL,
  `SUSPENSION_STATE_` int NULL DEFAULT NULL,
  `TENANT_ID_` varchar(255) CHARACTER SET utf8 COLLATE utf8_bin NULL DEFAULT '',
  `ENGINE_VERSION_` varchar(255) CHARACTER SET utf8 COLLATE utf8_bin NULL DEFAULT NULL,
  `DERIVED_FROM_` varchar(64) CHARACTER SET utf8 COLLATE utf8_bin NULL DEFAULT NULL,
  `DERIVED_FROM_ROOT_` varchar(64) CHARACTER SET utf8 COLLATE utf8_bin NULL DEFAULT NULL,
  `DERIVED_VERSION_` int NOT NULL DEFAULT 0,
  PRIMARY KEY (`ID_`) USING BTREE,
  UNIQUE INDEX `ACT_UNIQ_PROCDEF`(`KEY_` ASC, `VERSION_` ASC, `DERIVED_VERSION_` ASC, `TENANT_ID_` ASC) USING BTREE
) ENGINE = InnoDB CHARACTER SET = utf8 COLLATE = utf8_bin ROW_FORMAT = DYNAMIC;

-- ----------------------------
-- Records of act_re_procdef
-- ----------------------------
INSERT INTO `act_re_procdef` VALUES ('Process_1708216905599:1:930d6c63-ce06-11ee-83a2-a0e70b8d65c1', 2, '110', '业务流程_1708216905599', 'Process_1708216905599', 1, '925e67b0-ce06-11ee-83a2-a0e70b8d65c1', '业务流程_1708216905599.bpmn', '业务流程_1708216905599.Process_1708216905599.png', NULL, 1, 1, 1, '', NULL, NULL, NULL, 0);
INSERT INTO `act_re_procdef` VALUES ('Process_1708216905599:2:9256690a-ed10-11ee-82f5-a0e70b8d65c1', 2, '110', '业务流程_1708216905599', 'Process_1708216905599', 2, '92352567-ed10-11ee-82f5-a0e70b8d65c1', '业务流程_1708216905599.bpmn', '业务流程_1708216905599.Process_1708216905599.png', NULL, 1, 1, 1, '', NULL, NULL, NULL, 0);
INSERT INTO `act_re_procdef` VALUES ('Process_1711636458266:1:d525ae90-ed10-11ee-82f5-a0e70b8d65c1', 2, '120', '业务流程_1711636458266', 'Process_1711636458266', 1, 'd5192b6d-ed10-11ee-82f5-a0e70b8d65c1', '业务流程_1711636458266.bpmn', '业务流程_1711636458266.Process_1711636458266.png', NULL, 1, 1, 1, '', NULL, NULL, NULL, 0);
INSERT INTO `act_re_procdef` VALUES ('Process_1711765614799:1:f64bef0f-eea5-11ee-a7e7-a0e70b8d65c1', 2, '130', '业务流程_1711765614799', 'Process_1711765614799', 1, 'f5bddfdc-eea5-11ee-a7e7-a0e70b8d65c1', '业务流程_1711765614799.bpmn', '业务流程_1711765614799.Process_1711765614799.png', NULL, 1, 1, 1, '', NULL, NULL, NULL, 0);

-- ----------------------------
-- Table structure for act_ru_actinst
-- ----------------------------
DROP TABLE IF EXISTS `act_ru_actinst`;
CREATE TABLE `act_ru_actinst`  (
  `ID_` varchar(64) CHARACTER SET utf8 COLLATE utf8_bin NOT NULL,
  `REV_` int NULL DEFAULT 1,
  `PROC_DEF_ID_` varchar(64) CHARACTER SET utf8 COLLATE utf8_bin NOT NULL,
  `PROC_INST_ID_` varchar(64) CHARACTER SET utf8 COLLATE utf8_bin NOT NULL,
  `EXECUTION_ID_` varchar(64) CHARACTER SET utf8 COLLATE utf8_bin NOT NULL,
  `ACT_ID_` varchar(255) CHARACTER SET utf8 COLLATE utf8_bin NOT NULL,
  `TASK_ID_` varchar(64) CHARACTER SET utf8 COLLATE utf8_bin NULL DEFAULT NULL,
  `CALL_PROC_INST_ID_` varchar(64) CHARACTER SET utf8 COLLATE utf8_bin NULL DEFAULT NULL,
  `ACT_NAME_` varchar(255) CHARACTER SET utf8 COLLATE utf8_bin NULL DEFAULT NULL,
  `ACT_TYPE_` varchar(255) CHARACTER SET utf8 COLLATE utf8_bin NOT NULL,
  `ASSIGNEE_` varchar(255) CHARACTER SET utf8 COLLATE utf8_bin NULL DEFAULT NULL,
  `START_TIME_` datetime(3) NOT NULL,
  `END_TIME_` datetime(3) NULL DEFAULT NULL,
  `DURATION_` bigint NULL DEFAULT NULL,
  `TRANSACTION_ORDER_` int NULL DEFAULT NULL,
  `DELETE_REASON_` varchar(4000) CHARACTER SET utf8 COLLATE utf8_bin NULL DEFAULT NULL,
  `TENANT_ID_` varchar(255) CHARACTER SET utf8 COLLATE utf8_bin NULL DEFAULT '',
  PRIMARY KEY (`ID_`) USING BTREE,
  INDEX `ACT_IDX_RU_ACTI_START`(`START_TIME_` ASC) USING BTREE,
  INDEX `ACT_IDX_RU_ACTI_END`(`END_TIME_` ASC) USING BTREE,
  INDEX `ACT_IDX_RU_ACTI_PROC`(`PROC_INST_ID_` ASC) USING BTREE,
  INDEX `ACT_IDX_RU_ACTI_PROC_ACT`(`PROC_INST_ID_` ASC, `ACT_ID_` ASC) USING BTREE,
  INDEX `ACT_IDX_RU_ACTI_EXEC`(`EXECUTION_ID_` ASC) USING BTREE,
  INDEX `ACT_IDX_RU_ACTI_EXEC_ACT`(`EXECUTION_ID_` ASC, `ACT_ID_` ASC) USING BTREE,
  INDEX `ACT_IDX_RU_ACTI_TASK`(`TASK_ID_` ASC) USING BTREE
) ENGINE = InnoDB CHARACTER SET = utf8 COLLATE = utf8_bin ROW_FORMAT = DYNAMIC;

-- ----------------------------
-- Records of act_ru_actinst
-- ----------------------------
INSERT INTO `act_ru_actinst` VALUES ('171bf4fc-eec5-11ee-a9b2-a0e70b8d65c1', 1, 'Process_1711765614799:1:f64bef0f-eea5-11ee-a7e7-a0e70b8d65c1', '171abc6f-eec5-11ee-a9b2-a0e70b8d65c1', '171bf4fb-eec5-11ee-a9b2-a0e70b8d65c1', 'Event_1e0njhx', NULL, NULL, NULL, 'startEvent', NULL, '2024-03-31 02:41:15.874', '2024-03-31 02:41:15.877', 3, 1, NULL, '');
INSERT INTO `act_ru_actinst` VALUES ('171c6a2d-eec5-11ee-a9b2-a0e70b8d65c1', 1, 'Process_1711765614799:1:f64bef0f-eea5-11ee-a7e7-a0e70b8d65c1', '171abc6f-eec5-11ee-a9b2-a0e70b8d65c1', '171bf4fb-eec5-11ee-a9b2-a0e70b8d65c1', 'Flow_11q623h', NULL, NULL, NULL, 'sequenceFlow', NULL, '2024-03-31 02:41:15.877', '2024-03-31 02:41:15.877', 0, 2, NULL, '');
INSERT INTO `act_ru_actinst` VALUES ('171c6a2e-eec5-11ee-a9b2-a0e70b8d65c1', 5, 'Process_1711765614799:1:f64bef0f-eea5-11ee-a7e7-a0e70b8d65c1', '171abc6f-eec5-11ee-a9b2-a0e70b8d65c1', '171bf4fb-eec5-11ee-a9b2-a0e70b8d65c1', 'Activity_0hzygso', '171d066f-eec5-11ee-a9b2-a0e70b8d65c1', NULL, NULL, 'userTask', '5', '2024-03-31 02:41:15.877', '2024-03-31 23:17:12.690', 74156813, 3, NULL, '');
INSERT INTO `act_ru_actinst` VALUES ('1a18db9a-ce0c-11ee-83a2-a0e70b8d65c1', 1, 'Process_1708216905599:1:930d6c63-ce06-11ee-83a2-a0e70b8d65c1', '1a181844-ce0c-11ee-83a2-a0e70b8d65c1', '1a18db99-ce0c-11ee-83a2-a0e70b8d65c1', 'Event_1at5nuz', NULL, NULL, NULL, 'startEvent', NULL, '2024-02-18 11:16:26.783', '2024-02-18 11:16:26.786', 3, 1, NULL, '');
INSERT INTO `act_ru_actinst` VALUES ('1a199eeb-ce0c-11ee-83a2-a0e70b8d65c1', 1, 'Process_1708216905599:1:930d6c63-ce06-11ee-83a2-a0e70b8d65c1', '1a181844-ce0c-11ee-83a2-a0e70b8d65c1', '1a18db99-ce0c-11ee-83a2-a0e70b8d65c1', 'Flow_0uyrwl4', NULL, NULL, NULL, 'sequenceFlow', NULL, '2024-02-18 11:16:26.788', '2024-02-18 11:16:26.788', 0, 2, NULL, '');
INSERT INTO `act_ru_actinst` VALUES ('1a199eec-ce0c-11ee-83a2-a0e70b8d65c1', 2, 'Process_1708216905599:1:930d6c63-ce06-11ee-83a2-a0e70b8d65c1', '1a181844-ce0c-11ee-83a2-a0e70b8d65c1', '1a18db99-ce0c-11ee-83a2-a0e70b8d65c1', 'Activity_0moq7sv', '1a1cfa4d-ce0c-11ee-83a2-a0e70b8d65c1', NULL, NULL, 'userTask', '3', '2024-02-18 11:16:26.788', '2024-02-18 11:16:26.894', 106, 3, NULL, '');
INSERT INTO `act_ru_actinst` VALUES ('1a29f2a2-ce0c-11ee-83a2-a0e70b8d65c1', 1, 'Process_1708216905599:1:930d6c63-ce06-11ee-83a2-a0e70b8d65c1', '1a181844-ce0c-11ee-83a2-a0e70b8d65c1', '1a18db99-ce0c-11ee-83a2-a0e70b8d65c1', 'Flow_1wk6416', NULL, NULL, NULL, 'sequenceFlow', NULL, '2024-02-18 11:16:26.895', '2024-02-18 11:16:26.895', 0, 1, NULL, '');
INSERT INTO `act_ru_actinst` VALUES ('1a29f2a3-ce0c-11ee-83a2-a0e70b8d65c1', 1, 'Process_1708216905599:1:930d6c63-ce06-11ee-83a2-a0e70b8d65c1', '1a181844-ce0c-11ee-83a2-a0e70b8d65c1', '1a18db99-ce0c-11ee-83a2-a0e70b8d65c1', 'Activity_0tj6539', '1a29f2a4-ce0c-11ee-83a2-a0e70b8d65c1', NULL, NULL, 'userTask', '5', '2024-02-18 11:16:26.895', NULL, NULL, 2, NULL, '');
INSERT INTO `act_ru_actinst` VALUES ('5ba4877b-ed11-11ee-82f5-a0e70b8d65c1', 1, 'Process_1711636458266:1:d525ae90-ed10-11ee-82f5-a0e70b8d65c1', '5ba2d9c1-ed11-11ee-82f5-a0e70b8d65c1', '5ba4877a-ed11-11ee-82f5-a0e70b8d65c1', 'Event_0jmakry', NULL, NULL, NULL, 'startEvent', NULL, '2024-03-28 22:42:10.280', '2024-03-28 22:42:10.284', 4, 1, NULL, '');
INSERT INTO `act_ru_actinst` VALUES ('5ba54acc-ed11-11ee-82f5-a0e70b8d65c1', 1, 'Process_1711636458266:1:d525ae90-ed10-11ee-82f5-a0e70b8d65c1', '5ba2d9c1-ed11-11ee-82f5-a0e70b8d65c1', '5ba4877a-ed11-11ee-82f5-a0e70b8d65c1', 'Flow_0u8aut6', NULL, NULL, NULL, 'sequenceFlow', NULL, '2024-03-28 22:42:10.285', '2024-03-28 22:42:10.285', 0, 2, NULL, '');
INSERT INTO `act_ru_actinst` VALUES ('5ba54acd-ed11-11ee-82f5-a0e70b8d65c1', 1, 'Process_1711636458266:1:d525ae90-ed10-11ee-82f5-a0e70b8d65c1', '5ba2d9c1-ed11-11ee-82f5-a0e70b8d65c1', '5ba4877a-ed11-11ee-82f5-a0e70b8d65c1', 'Activity_0xjvj7t', '5ba598ee-ed11-11ee-82f5-a0e70b8d65c1', NULL, NULL, 'userTask', '4', '2024-03-28 22:42:10.285', NULL, NULL, 3, NULL, '');
INSERT INTO `act_ru_actinst` VALUES ('776306ea-ef73-11ee-a9a4-a0e70b8d65c1', 1, 'Process_1711765614799:1:f64bef0f-eea5-11ee-a7e7-a0e70b8d65c1', '171abc6f-eec5-11ee-a9b2-a0e70b8d65c1', '776306e9-ef73-11ee-a9a4-a0e70b8d65c1', 'Activity_0hzygso', '776306eb-ef73-11ee-a9a4-a0e70b8d65c1', NULL, NULL, 'userTask', '4', '2024-03-31 23:29:29.832', NULL, NULL, 1, NULL, '');
INSERT INTO `act_ru_actinst` VALUES ('93b47802-ef64-11ee-a9a4-a0e70b8d65c1', 1, 'Process_1708216905599:2:9256690a-ed10-11ee-82f5-a0e70b8d65c1', '93b3b4ac-ef64-11ee-a9a4-a0e70b8d65c1', '93b47801-ef64-11ee-a9a4-a0e70b8d65c1', 'Event_1at5nuz', NULL, NULL, NULL, 'startEvent', NULL, '2024-03-31 21:42:54.891', '2024-03-31 21:42:54.895', 4, 1, NULL, '');
INSERT INTO `act_ru_actinst` VALUES ('93b53b53-ef64-11ee-a9a4-a0e70b8d65c1', 1, 'Process_1708216905599:2:9256690a-ed10-11ee-82f5-a0e70b8d65c1', '93b3b4ac-ef64-11ee-a9a4-a0e70b8d65c1', '93b47801-ef64-11ee-a9a4-a0e70b8d65c1', 'Flow_0uyrwl4', NULL, NULL, NULL, 'sequenceFlow', NULL, '2024-03-31 21:42:54.896', '2024-03-31 21:42:54.896', 0, 2, NULL, '');
INSERT INTO `act_ru_actinst` VALUES ('93b56264-ef64-11ee-a9a4-a0e70b8d65c1', 1, 'Process_1708216905599:2:9256690a-ed10-11ee-82f5-a0e70b8d65c1', '93b3b4ac-ef64-11ee-a9a4-a0e70b8d65c1', '93b47801-ef64-11ee-a9a4-a0e70b8d65c1', 'Activity_0moq7sv', '93b82185-ef64-11ee-a9a4-a0e70b8d65c1', NULL, NULL, 'userTask', '3', '2024-03-31 21:42:54.897', NULL, NULL, 3, NULL, '');
INSERT INTO `act_ru_actinst` VALUES ('c0041583-ef71-11ee-a9a4-a0e70b8d65c1', 1, 'Process_1711765614799:1:f64bef0f-eea5-11ee-a7e7-a0e70b8d65c1', '171abc6f-eec5-11ee-a9b2-a0e70b8d65c1', '171bf4fb-eec5-11ee-a9b2-a0e70b8d65c1', 'Flow_17n6smw', NULL, NULL, NULL, 'sequenceFlow', NULL, '2024-03-31 23:17:12.690', '2024-03-31 23:17:12.690', 0, 1, NULL, '');
INSERT INTO `act_ru_actinst` VALUES ('c0041584-ef71-11ee-a9a4-a0e70b8d65c1', 2, 'Process_1711765614799:1:f64bef0f-eea5-11ee-a7e7-a0e70b8d65c1', '171abc6f-eec5-11ee-a9b2-a0e70b8d65c1', '171bf4fb-eec5-11ee-a9b2-a0e70b8d65c1', 'Activity_1c1jcsz', 'c0041585-ef71-11ee-a9a4-a0e70b8d65c1', NULL, NULL, 'userTask', '3', '2024-03-31 23:17:12.690', '2024-03-31 23:29:29.827', 737137, 2, 'Change activity to Activity_0hzygso', '');

-- ----------------------------
-- Table structure for act_ru_deadletter_job
-- ----------------------------
DROP TABLE IF EXISTS `act_ru_deadletter_job`;
CREATE TABLE `act_ru_deadletter_job`  (
  `ID_` varchar(64) CHARACTER SET utf8 COLLATE utf8_bin NOT NULL,
  `REV_` int NULL DEFAULT NULL,
  `CATEGORY_` varchar(255) CHARACTER SET utf8 COLLATE utf8_bin NULL DEFAULT NULL,
  `TYPE_` varchar(255) CHARACTER SET utf8 COLLATE utf8_bin NOT NULL,
  `EXCLUSIVE_` tinyint(1) NULL DEFAULT NULL,
  `EXECUTION_ID_` varchar(64) CHARACTER SET utf8 COLLATE utf8_bin NULL DEFAULT NULL,
  `PROCESS_INSTANCE_ID_` varchar(64) CHARACTER SET utf8 COLLATE utf8_bin NULL DEFAULT NULL,
  `PROC_DEF_ID_` varchar(64) CHARACTER SET utf8 COLLATE utf8_bin NULL DEFAULT NULL,
  `ELEMENT_ID_` varchar(255) CHARACTER SET utf8 COLLATE utf8_bin NULL DEFAULT NULL,
  `ELEMENT_NAME_` varchar(255) CHARACTER SET utf8 COLLATE utf8_bin NULL DEFAULT NULL,
  `SCOPE_ID_` varchar(255) CHARACTER SET utf8 COLLATE utf8_bin NULL DEFAULT NULL,
  `SUB_SCOPE_ID_` varchar(255) CHARACTER SET utf8 COLLATE utf8_bin NULL DEFAULT NULL,
  `SCOPE_TYPE_` varchar(255) CHARACTER SET utf8 COLLATE utf8_bin NULL DEFAULT NULL,
  `SCOPE_DEFINITION_ID_` varchar(255) CHARACTER SET utf8 COLLATE utf8_bin NULL DEFAULT NULL,
  `CORRELATION_ID_` varchar(255) CHARACTER SET utf8 COLLATE utf8_bin NULL DEFAULT NULL,
  `EXCEPTION_STACK_ID_` varchar(64) CHARACTER SET utf8 COLLATE utf8_bin NULL DEFAULT NULL,
  `EXCEPTION_MSG_` varchar(4000) CHARACTER SET utf8 COLLATE utf8_bin NULL DEFAULT NULL,
  `DUEDATE_` timestamp(3) NULL DEFAULT NULL,
  `REPEAT_` varchar(255) CHARACTER SET utf8 COLLATE utf8_bin NULL DEFAULT NULL,
  `HANDLER_TYPE_` varchar(255) CHARACTER SET utf8 COLLATE utf8_bin NULL DEFAULT NULL,
  `HANDLER_CFG_` varchar(4000) CHARACTER SET utf8 COLLATE utf8_bin NULL DEFAULT NULL,
  `CUSTOM_VALUES_ID_` varchar(64) CHARACTER SET utf8 COLLATE utf8_bin NULL DEFAULT NULL,
  `CREATE_TIME_` timestamp(3) NULL DEFAULT NULL,
  `TENANT_ID_` varchar(255) CHARACTER SET utf8 COLLATE utf8_bin NULL DEFAULT '',
  PRIMARY KEY (`ID_`) USING BTREE,
  INDEX `ACT_IDX_DEADLETTER_JOB_EXCEPTION_STACK_ID`(`EXCEPTION_STACK_ID_` ASC) USING BTREE,
  INDEX `ACT_IDX_DEADLETTER_JOB_CUSTOM_VALUES_ID`(`CUSTOM_VALUES_ID_` ASC) USING BTREE,
  INDEX `ACT_IDX_DEADLETTER_JOB_CORRELATION_ID`(`CORRELATION_ID_` ASC) USING BTREE,
  INDEX `ACT_IDX_DJOB_SCOPE`(`SCOPE_ID_` ASC, `SCOPE_TYPE_` ASC) USING BTREE,
  INDEX `ACT_IDX_DJOB_SUB_SCOPE`(`SUB_SCOPE_ID_` ASC, `SCOPE_TYPE_` ASC) USING BTREE,
  INDEX `ACT_IDX_DJOB_SCOPE_DEF`(`SCOPE_DEFINITION_ID_` ASC, `SCOPE_TYPE_` ASC) USING BTREE,
  INDEX `ACT_FK_DEADLETTER_JOB_EXECUTION`(`EXECUTION_ID_` ASC) USING BTREE,
  INDEX `ACT_FK_DEADLETTER_JOB_PROCESS_INSTANCE`(`PROCESS_INSTANCE_ID_` ASC) USING BTREE,
  INDEX `ACT_FK_DEADLETTER_JOB_PROC_DEF`(`PROC_DEF_ID_` ASC) USING BTREE,
  CONSTRAINT `ACT_FK_DEADLETTER_JOB_CUSTOM_VALUES` FOREIGN KEY (`CUSTOM_VALUES_ID_`) REFERENCES `act_ge_bytearray` (`ID_`) ON DELETE RESTRICT ON UPDATE RESTRICT,
  CONSTRAINT `ACT_FK_DEADLETTER_JOB_EXCEPTION` FOREIGN KEY (`EXCEPTION_STACK_ID_`) REFERENCES `act_ge_bytearray` (`ID_`) ON DELETE RESTRICT ON UPDATE RESTRICT,
  CONSTRAINT `ACT_FK_DEADLETTER_JOB_EXECUTION` FOREIGN KEY (`EXECUTION_ID_`) REFERENCES `act_ru_execution` (`ID_`) ON DELETE RESTRICT ON UPDATE RESTRICT,
  CONSTRAINT `ACT_FK_DEADLETTER_JOB_PROC_DEF` FOREIGN KEY (`PROC_DEF_ID_`) REFERENCES `act_re_procdef` (`ID_`) ON DELETE RESTRICT ON UPDATE RESTRICT,
  CONSTRAINT `ACT_FK_DEADLETTER_JOB_PROCESS_INSTANCE` FOREIGN KEY (`PROCESS_INSTANCE_ID_`) REFERENCES `act_ru_execution` (`ID_`) ON DELETE RESTRICT ON UPDATE RESTRICT
) ENGINE = InnoDB CHARACTER SET = utf8 COLLATE = utf8_bin ROW_FORMAT = DYNAMIC;

-- ----------------------------
-- Records of act_ru_deadletter_job
-- ----------------------------

-- ----------------------------
-- Table structure for act_ru_entitylink
-- ----------------------------
DROP TABLE IF EXISTS `act_ru_entitylink`;
CREATE TABLE `act_ru_entitylink`  (
  `ID_` varchar(64) CHARACTER SET utf8 COLLATE utf8_bin NOT NULL,
  `REV_` int NULL DEFAULT NULL,
  `CREATE_TIME_` datetime(3) NULL DEFAULT NULL,
  `LINK_TYPE_` varchar(255) CHARACTER SET utf8 COLLATE utf8_bin NULL DEFAULT NULL,
  `SCOPE_ID_` varchar(255) CHARACTER SET utf8 COLLATE utf8_bin NULL DEFAULT NULL,
  `SUB_SCOPE_ID_` varchar(255) CHARACTER SET utf8 COLLATE utf8_bin NULL DEFAULT NULL,
  `SCOPE_TYPE_` varchar(255) CHARACTER SET utf8 COLLATE utf8_bin NULL DEFAULT NULL,
  `SCOPE_DEFINITION_ID_` varchar(255) CHARACTER SET utf8 COLLATE utf8_bin NULL DEFAULT NULL,
  `PARENT_ELEMENT_ID_` varchar(255) CHARACTER SET utf8 COLLATE utf8_bin NULL DEFAULT NULL,
  `REF_SCOPE_ID_` varchar(255) CHARACTER SET utf8 COLLATE utf8_bin NULL DEFAULT NULL,
  `REF_SCOPE_TYPE_` varchar(255) CHARACTER SET utf8 COLLATE utf8_bin NULL DEFAULT NULL,
  `REF_SCOPE_DEFINITION_ID_` varchar(255) CHARACTER SET utf8 COLLATE utf8_bin NULL DEFAULT NULL,
  `ROOT_SCOPE_ID_` varchar(255) CHARACTER SET utf8 COLLATE utf8_bin NULL DEFAULT NULL,
  `ROOT_SCOPE_TYPE_` varchar(255) CHARACTER SET utf8 COLLATE utf8_bin NULL DEFAULT NULL,
  `HIERARCHY_TYPE_` varchar(255) CHARACTER SET utf8 COLLATE utf8_bin NULL DEFAULT NULL,
  PRIMARY KEY (`ID_`) USING BTREE,
  INDEX `ACT_IDX_ENT_LNK_SCOPE`(`SCOPE_ID_` ASC, `SCOPE_TYPE_` ASC, `LINK_TYPE_` ASC) USING BTREE,
  INDEX `ACT_IDX_ENT_LNK_REF_SCOPE`(`REF_SCOPE_ID_` ASC, `REF_SCOPE_TYPE_` ASC, `LINK_TYPE_` ASC) USING BTREE,
  INDEX `ACT_IDX_ENT_LNK_ROOT_SCOPE`(`ROOT_SCOPE_ID_` ASC, `ROOT_SCOPE_TYPE_` ASC, `LINK_TYPE_` ASC) USING BTREE,
  INDEX `ACT_IDX_ENT_LNK_SCOPE_DEF`(`SCOPE_DEFINITION_ID_` ASC, `SCOPE_TYPE_` ASC, `LINK_TYPE_` ASC) USING BTREE
) ENGINE = InnoDB CHARACTER SET = utf8 COLLATE = utf8_bin ROW_FORMAT = DYNAMIC;

-- ----------------------------
-- Records of act_ru_entitylink
-- ----------------------------

-- ----------------------------
-- Table structure for act_ru_event_subscr
-- ----------------------------
DROP TABLE IF EXISTS `act_ru_event_subscr`;
CREATE TABLE `act_ru_event_subscr`  (
  `ID_` varchar(64) CHARACTER SET utf8 COLLATE utf8_bin NOT NULL,
  `REV_` int NULL DEFAULT NULL,
  `EVENT_TYPE_` varchar(255) CHARACTER SET utf8 COLLATE utf8_bin NOT NULL,
  `EVENT_NAME_` varchar(255) CHARACTER SET utf8 COLLATE utf8_bin NULL DEFAULT NULL,
  `EXECUTION_ID_` varchar(64) CHARACTER SET utf8 COLLATE utf8_bin NULL DEFAULT NULL,
  `PROC_INST_ID_` varchar(64) CHARACTER SET utf8 COLLATE utf8_bin NULL DEFAULT NULL,
  `ACTIVITY_ID_` varchar(64) CHARACTER SET utf8 COLLATE utf8_bin NULL DEFAULT NULL,
  `CONFIGURATION_` varchar(255) CHARACTER SET utf8 COLLATE utf8_bin NULL DEFAULT NULL,
  `CREATED_` timestamp(3) NOT NULL DEFAULT CURRENT_TIMESTAMP(3),
  `PROC_DEF_ID_` varchar(64) CHARACTER SET utf8 COLLATE utf8_bin NULL DEFAULT NULL,
  `SUB_SCOPE_ID_` varchar(64) CHARACTER SET utf8 COLLATE utf8_bin NULL DEFAULT NULL,
  `SCOPE_ID_` varchar(64) CHARACTER SET utf8 COLLATE utf8_bin NULL DEFAULT NULL,
  `SCOPE_DEFINITION_ID_` varchar(64) CHARACTER SET utf8 COLLATE utf8_bin NULL DEFAULT NULL,
  `SCOPE_TYPE_` varchar(64) CHARACTER SET utf8 COLLATE utf8_bin NULL DEFAULT NULL,
  `LOCK_TIME_` timestamp(3) NULL DEFAULT NULL,
  `LOCK_OWNER_` varchar(255) CHARACTER SET utf8 COLLATE utf8_bin NULL DEFAULT NULL,
  `TENANT_ID_` varchar(255) CHARACTER SET utf8 COLLATE utf8_bin NULL DEFAULT '',
  PRIMARY KEY (`ID_`) USING BTREE,
  INDEX `ACT_IDX_EVENT_SUBSCR_CONFIG_`(`CONFIGURATION_` ASC) USING BTREE,
  INDEX `ACT_IDX_EVENT_SUBSCR_SCOPEREF_`(`SCOPE_ID_` ASC, `SCOPE_TYPE_` ASC) USING BTREE,
  INDEX `ACT_FK_EVENT_EXEC`(`EXECUTION_ID_` ASC) USING BTREE,
  CONSTRAINT `ACT_FK_EVENT_EXEC` FOREIGN KEY (`EXECUTION_ID_`) REFERENCES `act_ru_execution` (`ID_`) ON DELETE RESTRICT ON UPDATE RESTRICT
) ENGINE = InnoDB CHARACTER SET = utf8 COLLATE = utf8_bin ROW_FORMAT = DYNAMIC;

-- ----------------------------
-- Records of act_ru_event_subscr
-- ----------------------------

-- ----------------------------
-- Table structure for act_ru_execution
-- ----------------------------
DROP TABLE IF EXISTS `act_ru_execution`;
CREATE TABLE `act_ru_execution`  (
  `ID_` varchar(64) CHARACTER SET utf8 COLLATE utf8_bin NOT NULL,
  `REV_` int NULL DEFAULT NULL,
  `PROC_INST_ID_` varchar(64) CHARACTER SET utf8 COLLATE utf8_bin NULL DEFAULT NULL,
  `BUSINESS_KEY_` varchar(255) CHARACTER SET utf8 COLLATE utf8_bin NULL DEFAULT NULL,
  `PARENT_ID_` varchar(64) CHARACTER SET utf8 COLLATE utf8_bin NULL DEFAULT NULL,
  `PROC_DEF_ID_` varchar(64) CHARACTER SET utf8 COLLATE utf8_bin NULL DEFAULT NULL,
  `SUPER_EXEC_` varchar(64) CHARACTER SET utf8 COLLATE utf8_bin NULL DEFAULT NULL,
  `ROOT_PROC_INST_ID_` varchar(64) CHARACTER SET utf8 COLLATE utf8_bin NULL DEFAULT NULL,
  `ACT_ID_` varchar(255) CHARACTER SET utf8 COLLATE utf8_bin NULL DEFAULT NULL,
  `IS_ACTIVE_` tinyint NULL DEFAULT NULL,
  `IS_CONCURRENT_` tinyint NULL DEFAULT NULL,
  `IS_SCOPE_` tinyint NULL DEFAULT NULL,
  `IS_EVENT_SCOPE_` tinyint NULL DEFAULT NULL,
  `IS_MI_ROOT_` tinyint NULL DEFAULT NULL,
  `SUSPENSION_STATE_` int NULL DEFAULT NULL,
  `CACHED_ENT_STATE_` int NULL DEFAULT NULL,
  `TENANT_ID_` varchar(255) CHARACTER SET utf8 COLLATE utf8_bin NULL DEFAULT '',
  `NAME_` varchar(255) CHARACTER SET utf8 COLLATE utf8_bin NULL DEFAULT NULL,
  `START_ACT_ID_` varchar(255) CHARACTER SET utf8 COLLATE utf8_bin NULL DEFAULT NULL,
  `START_TIME_` datetime(3) NULL DEFAULT NULL,
  `START_USER_ID_` varchar(255) CHARACTER SET utf8 COLLATE utf8_bin NULL DEFAULT NULL,
  `LOCK_TIME_` timestamp(3) NULL DEFAULT NULL,
  `LOCK_OWNER_` varchar(255) CHARACTER SET utf8 COLLATE utf8_bin NULL DEFAULT NULL,
  `IS_COUNT_ENABLED_` tinyint NULL DEFAULT NULL,
  `EVT_SUBSCR_COUNT_` int NULL DEFAULT NULL,
  `TASK_COUNT_` int NULL DEFAULT NULL,
  `JOB_COUNT_` int NULL DEFAULT NULL,
  `TIMER_JOB_COUNT_` int NULL DEFAULT NULL,
  `SUSP_JOB_COUNT_` int NULL DEFAULT NULL,
  `DEADLETTER_JOB_COUNT_` int NULL DEFAULT NULL,
  `EXTERNAL_WORKER_JOB_COUNT_` int NULL DEFAULT NULL,
  `VAR_COUNT_` int NULL DEFAULT NULL,
  `ID_LINK_COUNT_` int NULL DEFAULT NULL,
  `CALLBACK_ID_` varchar(255) CHARACTER SET utf8 COLLATE utf8_bin NULL DEFAULT NULL,
  `CALLBACK_TYPE_` varchar(255) CHARACTER SET utf8 COLLATE utf8_bin NULL DEFAULT NULL,
  `REFERENCE_ID_` varchar(255) CHARACTER SET utf8 COLLATE utf8_bin NULL DEFAULT NULL,
  `REFERENCE_TYPE_` varchar(255) CHARACTER SET utf8 COLLATE utf8_bin NULL DEFAULT NULL,
  `PROPAGATED_STAGE_INST_ID_` varchar(255) CHARACTER SET utf8 COLLATE utf8_bin NULL DEFAULT NULL,
  `BUSINESS_STATUS_` varchar(255) CHARACTER SET utf8 COLLATE utf8_bin NULL DEFAULT NULL,
  PRIMARY KEY (`ID_`) USING BTREE,
  INDEX `ACT_IDX_EXEC_BUSKEY`(`BUSINESS_KEY_` ASC) USING BTREE,
  INDEX `ACT_IDC_EXEC_ROOT`(`ROOT_PROC_INST_ID_` ASC) USING BTREE,
  INDEX `ACT_IDX_EXEC_REF_ID_`(`REFERENCE_ID_` ASC) USING BTREE,
  INDEX `ACT_FK_EXE_PROCINST`(`PROC_INST_ID_` ASC) USING BTREE,
  INDEX `ACT_FK_EXE_PARENT`(`PARENT_ID_` ASC) USING BTREE,
  INDEX `ACT_FK_EXE_SUPER`(`SUPER_EXEC_` ASC) USING BTREE,
  INDEX `ACT_FK_EXE_PROCDEF`(`PROC_DEF_ID_` ASC) USING BTREE,
  CONSTRAINT `ACT_FK_EXE_PARENT` FOREIGN KEY (`PARENT_ID_`) REFERENCES `act_ru_execution` (`ID_`) ON DELETE CASCADE ON UPDATE RESTRICT,
  CONSTRAINT `ACT_FK_EXE_PROCDEF` FOREIGN KEY (`PROC_DEF_ID_`) REFERENCES `act_re_procdef` (`ID_`) ON DELETE RESTRICT ON UPDATE RESTRICT,
  CONSTRAINT `ACT_FK_EXE_PROCINST` FOREIGN KEY (`PROC_INST_ID_`) REFERENCES `act_ru_execution` (`ID_`) ON DELETE CASCADE ON UPDATE CASCADE,
  CONSTRAINT `ACT_FK_EXE_SUPER` FOREIGN KEY (`SUPER_EXEC_`) REFERENCES `act_ru_execution` (`ID_`) ON DELETE CASCADE ON UPDATE RESTRICT
) ENGINE = InnoDB CHARACTER SET = utf8 COLLATE = utf8_bin ROW_FORMAT = DYNAMIC;

-- ----------------------------
-- Records of act_ru_execution
-- ----------------------------
INSERT INTO `act_ru_execution` VALUES ('171abc6f-eec5-11ee-a9b2-a0e70b8d65c1', 1, '171abc6f-eec5-11ee-a9b2-a0e70b8d65c1', NULL, NULL, 'Process_1711765614799:1:f64bef0f-eea5-11ee-a7e7-a0e70b8d65c1', NULL, '171abc6f-eec5-11ee-a9b2-a0e70b8d65c1', NULL, 1, 0, 1, 0, 0, 1, NULL, '', NULL, 'Event_1e0njhx', '2024-03-31 02:41:15.866', '1', NULL, NULL, 1, 0, 0, 0, 0, 0, 0, 0, 0, 0, NULL, NULL, NULL, NULL, NULL, NULL);
INSERT INTO `act_ru_execution` VALUES ('1a181844-ce0c-11ee-83a2-a0e70b8d65c1', 1, '1a181844-ce0c-11ee-83a2-a0e70b8d65c1', NULL, NULL, 'Process_1708216905599:1:930d6c63-ce06-11ee-83a2-a0e70b8d65c1', NULL, '1a181844-ce0c-11ee-83a2-a0e70b8d65c1', NULL, 1, 0, 1, 0, 0, 1, NULL, '', NULL, 'Event_1at5nuz', '2024-02-18 11:16:26.778', '3', NULL, NULL, 1, 0, 0, 0, 0, 0, 0, 0, 0, 0, NULL, NULL, NULL, NULL, NULL, NULL);
INSERT INTO `act_ru_execution` VALUES ('1a18db99-ce0c-11ee-83a2-a0e70b8d65c1', 2, '1a181844-ce0c-11ee-83a2-a0e70b8d65c1', NULL, '1a181844-ce0c-11ee-83a2-a0e70b8d65c1', 'Process_1708216905599:1:930d6c63-ce06-11ee-83a2-a0e70b8d65c1', NULL, '1a181844-ce0c-11ee-83a2-a0e70b8d65c1', 'Activity_0tj6539', 1, 0, 0, 0, 0, 1, NULL, '', NULL, NULL, '2024-02-18 11:16:26.783', NULL, NULL, NULL, 1, 0, 1, 0, 0, 0, 0, 0, 0, 0, NULL, NULL, NULL, NULL, NULL, NULL);
INSERT INTO `act_ru_execution` VALUES ('5ba2d9c1-ed11-11ee-82f5-a0e70b8d65c1', 1, '5ba2d9c1-ed11-11ee-82f5-a0e70b8d65c1', NULL, NULL, 'Process_1711636458266:1:d525ae90-ed10-11ee-82f5-a0e70b8d65c1', NULL, '5ba2d9c1-ed11-11ee-82f5-a0e70b8d65c1', NULL, 1, 0, 1, 0, 0, 1, NULL, '', NULL, 'Event_0jmakry', '2024-03-28 22:42:10.269', '1', NULL, NULL, 1, 0, 0, 0, 0, 0, 0, 0, 0, 0, NULL, NULL, NULL, NULL, NULL, NULL);
INSERT INTO `act_ru_execution` VALUES ('5ba4877a-ed11-11ee-82f5-a0e70b8d65c1', 1, '5ba2d9c1-ed11-11ee-82f5-a0e70b8d65c1', NULL, '5ba2d9c1-ed11-11ee-82f5-a0e70b8d65c1', 'Process_1711636458266:1:d525ae90-ed10-11ee-82f5-a0e70b8d65c1', NULL, '5ba2d9c1-ed11-11ee-82f5-a0e70b8d65c1', 'Activity_0xjvj7t', 1, 0, 0, 0, 0, 1, NULL, '', NULL, NULL, '2024-03-28 22:42:10.280', NULL, NULL, NULL, 1, 0, 1, 0, 0, 0, 0, 0, 0, 0, NULL, NULL, NULL, NULL, NULL, NULL);
INSERT INTO `act_ru_execution` VALUES ('776306e9-ef73-11ee-a9a4-a0e70b8d65c1', 1, '171abc6f-eec5-11ee-a9b2-a0e70b8d65c1', NULL, '171abc6f-eec5-11ee-a9b2-a0e70b8d65c1', 'Process_1711765614799:1:f64bef0f-eea5-11ee-a7e7-a0e70b8d65c1', NULL, '171abc6f-eec5-11ee-a9b2-a0e70b8d65c1', 'Activity_0hzygso', 1, 0, 0, 0, 0, 1, NULL, '', NULL, NULL, '2024-03-31 23:29:29.832', NULL, NULL, NULL, 1, 0, 1, 0, 0, 0, 0, 0, 0, 0, NULL, NULL, NULL, NULL, NULL, NULL);
INSERT INTO `act_ru_execution` VALUES ('93b3b4ac-ef64-11ee-a9a4-a0e70b8d65c1', 1, '93b3b4ac-ef64-11ee-a9a4-a0e70b8d65c1', NULL, NULL, 'Process_1708216905599:2:9256690a-ed10-11ee-82f5-a0e70b8d65c1', NULL, '93b3b4ac-ef64-11ee-a9a4-a0e70b8d65c1', NULL, 1, 0, 1, 0, 0, 1, NULL, '', NULL, 'Event_1at5nuz', '2024-03-31 21:42:54.886', '4', NULL, NULL, 1, 0, 0, 0, 0, 0, 0, 0, 0, 0, NULL, NULL, NULL, NULL, NULL, NULL);
INSERT INTO `act_ru_execution` VALUES ('93b47801-ef64-11ee-a9a4-a0e70b8d65c1', 1, '93b3b4ac-ef64-11ee-a9a4-a0e70b8d65c1', NULL, '93b3b4ac-ef64-11ee-a9a4-a0e70b8d65c1', 'Process_1708216905599:2:9256690a-ed10-11ee-82f5-a0e70b8d65c1', NULL, '93b3b4ac-ef64-11ee-a9a4-a0e70b8d65c1', 'Activity_0moq7sv', 1, 0, 0, 0, 0, 1, NULL, '', NULL, NULL, '2024-03-31 21:42:54.891', NULL, NULL, NULL, 1, 0, 1, 0, 0, 0, 0, 0, 0, 0, NULL, NULL, NULL, NULL, NULL, NULL);

-- ----------------------------
-- Table structure for act_ru_external_job
-- ----------------------------
DROP TABLE IF EXISTS `act_ru_external_job`;
CREATE TABLE `act_ru_external_job`  (
  `ID_` varchar(64) CHARACTER SET utf8 COLLATE utf8_bin NOT NULL,
  `REV_` int NULL DEFAULT NULL,
  `CATEGORY_` varchar(255) CHARACTER SET utf8 COLLATE utf8_bin NULL DEFAULT NULL,
  `TYPE_` varchar(255) CHARACTER SET utf8 COLLATE utf8_bin NOT NULL,
  `LOCK_EXP_TIME_` timestamp(3) NULL DEFAULT NULL,
  `LOCK_OWNER_` varchar(255) CHARACTER SET utf8 COLLATE utf8_bin NULL DEFAULT NULL,
  `EXCLUSIVE_` tinyint(1) NULL DEFAULT NULL,
  `EXECUTION_ID_` varchar(64) CHARACTER SET utf8 COLLATE utf8_bin NULL DEFAULT NULL,
  `PROCESS_INSTANCE_ID_` varchar(64) CHARACTER SET utf8 COLLATE utf8_bin NULL DEFAULT NULL,
  `PROC_DEF_ID_` varchar(64) CHARACTER SET utf8 COLLATE utf8_bin NULL DEFAULT NULL,
  `ELEMENT_ID_` varchar(255) CHARACTER SET utf8 COLLATE utf8_bin NULL DEFAULT NULL,
  `ELEMENT_NAME_` varchar(255) CHARACTER SET utf8 COLLATE utf8_bin NULL DEFAULT NULL,
  `SCOPE_ID_` varchar(255) CHARACTER SET utf8 COLLATE utf8_bin NULL DEFAULT NULL,
  `SUB_SCOPE_ID_` varchar(255) CHARACTER SET utf8 COLLATE utf8_bin NULL DEFAULT NULL,
  `SCOPE_TYPE_` varchar(255) CHARACTER SET utf8 COLLATE utf8_bin NULL DEFAULT NULL,
  `SCOPE_DEFINITION_ID_` varchar(255) CHARACTER SET utf8 COLLATE utf8_bin NULL DEFAULT NULL,
  `CORRELATION_ID_` varchar(255) CHARACTER SET utf8 COLLATE utf8_bin NULL DEFAULT NULL,
  `RETRIES_` int NULL DEFAULT NULL,
  `EXCEPTION_STACK_ID_` varchar(64) CHARACTER SET utf8 COLLATE utf8_bin NULL DEFAULT NULL,
  `EXCEPTION_MSG_` varchar(4000) CHARACTER SET utf8 COLLATE utf8_bin NULL DEFAULT NULL,
  `DUEDATE_` timestamp(3) NULL DEFAULT NULL,
  `REPEAT_` varchar(255) CHARACTER SET utf8 COLLATE utf8_bin NULL DEFAULT NULL,
  `HANDLER_TYPE_` varchar(255) CHARACTER SET utf8 COLLATE utf8_bin NULL DEFAULT NULL,
  `HANDLER_CFG_` varchar(4000) CHARACTER SET utf8 COLLATE utf8_bin NULL DEFAULT NULL,
  `CUSTOM_VALUES_ID_` varchar(64) CHARACTER SET utf8 COLLATE utf8_bin NULL DEFAULT NULL,
  `CREATE_TIME_` timestamp(3) NULL DEFAULT NULL,
  `TENANT_ID_` varchar(255) CHARACTER SET utf8 COLLATE utf8_bin NULL DEFAULT '',
  PRIMARY KEY (`ID_`) USING BTREE,
  INDEX `ACT_IDX_EXTERNAL_JOB_EXCEPTION_STACK_ID`(`EXCEPTION_STACK_ID_` ASC) USING BTREE,
  INDEX `ACT_IDX_EXTERNAL_JOB_CUSTOM_VALUES_ID`(`CUSTOM_VALUES_ID_` ASC) USING BTREE,
  INDEX `ACT_IDX_EXTERNAL_JOB_CORRELATION_ID`(`CORRELATION_ID_` ASC) USING BTREE,
  INDEX `ACT_IDX_EJOB_SCOPE`(`SCOPE_ID_` ASC, `SCOPE_TYPE_` ASC) USING BTREE,
  INDEX `ACT_IDX_EJOB_SUB_SCOPE`(`SUB_SCOPE_ID_` ASC, `SCOPE_TYPE_` ASC) USING BTREE,
  INDEX `ACT_IDX_EJOB_SCOPE_DEF`(`SCOPE_DEFINITION_ID_` ASC, `SCOPE_TYPE_` ASC) USING BTREE,
  CONSTRAINT `ACT_FK_EXTERNAL_JOB_CUSTOM_VALUES` FOREIGN KEY (`CUSTOM_VALUES_ID_`) REFERENCES `act_ge_bytearray` (`ID_`) ON DELETE RESTRICT ON UPDATE RESTRICT,
  CONSTRAINT `ACT_FK_EXTERNAL_JOB_EXCEPTION` FOREIGN KEY (`EXCEPTION_STACK_ID_`) REFERENCES `act_ge_bytearray` (`ID_`) ON DELETE RESTRICT ON UPDATE RESTRICT
) ENGINE = InnoDB CHARACTER SET = utf8 COLLATE = utf8_bin ROW_FORMAT = DYNAMIC;

-- ----------------------------
-- Records of act_ru_external_job
-- ----------------------------

-- ----------------------------
-- Table structure for act_ru_history_job
-- ----------------------------
DROP TABLE IF EXISTS `act_ru_history_job`;
CREATE TABLE `act_ru_history_job`  (
  `ID_` varchar(64) CHARACTER SET utf8 COLLATE utf8_bin NOT NULL,
  `REV_` int NULL DEFAULT NULL,
  `LOCK_EXP_TIME_` timestamp(3) NULL DEFAULT NULL,
  `LOCK_OWNER_` varchar(255) CHARACTER SET utf8 COLLATE utf8_bin NULL DEFAULT NULL,
  `RETRIES_` int NULL DEFAULT NULL,
  `EXCEPTION_STACK_ID_` varchar(64) CHARACTER SET utf8 COLLATE utf8_bin NULL DEFAULT NULL,
  `EXCEPTION_MSG_` varchar(4000) CHARACTER SET utf8 COLLATE utf8_bin NULL DEFAULT NULL,
  `HANDLER_TYPE_` varchar(255) CHARACTER SET utf8 COLLATE utf8_bin NULL DEFAULT NULL,
  `HANDLER_CFG_` varchar(4000) CHARACTER SET utf8 COLLATE utf8_bin NULL DEFAULT NULL,
  `CUSTOM_VALUES_ID_` varchar(64) CHARACTER SET utf8 COLLATE utf8_bin NULL DEFAULT NULL,
  `ADV_HANDLER_CFG_ID_` varchar(64) CHARACTER SET utf8 COLLATE utf8_bin NULL DEFAULT NULL,
  `CREATE_TIME_` timestamp(3) NULL DEFAULT NULL,
  `SCOPE_TYPE_` varchar(255) CHARACTER SET utf8 COLLATE utf8_bin NULL DEFAULT NULL,
  `TENANT_ID_` varchar(255) CHARACTER SET utf8 COLLATE utf8_bin NULL DEFAULT '',
  PRIMARY KEY (`ID_`) USING BTREE
) ENGINE = InnoDB CHARACTER SET = utf8 COLLATE = utf8_bin ROW_FORMAT = DYNAMIC;

-- ----------------------------
-- Records of act_ru_history_job
-- ----------------------------

-- ----------------------------
-- Table structure for act_ru_identitylink
-- ----------------------------
DROP TABLE IF EXISTS `act_ru_identitylink`;
CREATE TABLE `act_ru_identitylink`  (
  `ID_` varchar(64) CHARACTER SET utf8 COLLATE utf8_bin NOT NULL,
  `REV_` int NULL DEFAULT NULL,
  `GROUP_ID_` varchar(255) CHARACTER SET utf8 COLLATE utf8_bin NULL DEFAULT NULL,
  `TYPE_` varchar(255) CHARACTER SET utf8 COLLATE utf8_bin NULL DEFAULT NULL,
  `USER_ID_` varchar(255) CHARACTER SET utf8 COLLATE utf8_bin NULL DEFAULT NULL,
  `TASK_ID_` varchar(64) CHARACTER SET utf8 COLLATE utf8_bin NULL DEFAULT NULL,
  `PROC_INST_ID_` varchar(64) CHARACTER SET utf8 COLLATE utf8_bin NULL DEFAULT NULL,
  `PROC_DEF_ID_` varchar(64) CHARACTER SET utf8 COLLATE utf8_bin NULL DEFAULT NULL,
  `SCOPE_ID_` varchar(255) CHARACTER SET utf8 COLLATE utf8_bin NULL DEFAULT NULL,
  `SUB_SCOPE_ID_` varchar(255) CHARACTER SET utf8 COLLATE utf8_bin NULL DEFAULT NULL,
  `SCOPE_TYPE_` varchar(255) CHARACTER SET utf8 COLLATE utf8_bin NULL DEFAULT NULL,
  `SCOPE_DEFINITION_ID_` varchar(255) CHARACTER SET utf8 COLLATE utf8_bin NULL DEFAULT NULL,
  PRIMARY KEY (`ID_`) USING BTREE,
  INDEX `ACT_IDX_IDENT_LNK_USER`(`USER_ID_` ASC) USING BTREE,
  INDEX `ACT_IDX_IDENT_LNK_GROUP`(`GROUP_ID_` ASC) USING BTREE,
  INDEX `ACT_IDX_IDENT_LNK_SCOPE`(`SCOPE_ID_` ASC, `SCOPE_TYPE_` ASC) USING BTREE,
  INDEX `ACT_IDX_IDENT_LNK_SUB_SCOPE`(`SUB_SCOPE_ID_` ASC, `SCOPE_TYPE_` ASC) USING BTREE,
  INDEX `ACT_IDX_IDENT_LNK_SCOPE_DEF`(`SCOPE_DEFINITION_ID_` ASC, `SCOPE_TYPE_` ASC) USING BTREE,
  INDEX `ACT_IDX_ATHRZ_PROCEDEF`(`PROC_DEF_ID_` ASC) USING BTREE,
  INDEX `ACT_FK_TSKASS_TASK`(`TASK_ID_` ASC) USING BTREE,
  INDEX `ACT_FK_IDL_PROCINST`(`PROC_INST_ID_` ASC) USING BTREE,
  CONSTRAINT `ACT_FK_ATHRZ_PROCEDEF` FOREIGN KEY (`PROC_DEF_ID_`) REFERENCES `act_re_procdef` (`ID_`) ON DELETE RESTRICT ON UPDATE RESTRICT,
  CONSTRAINT `ACT_FK_IDL_PROCINST` FOREIGN KEY (`PROC_INST_ID_`) REFERENCES `act_ru_execution` (`ID_`) ON DELETE RESTRICT ON UPDATE RESTRICT,
  CONSTRAINT `ACT_FK_TSKASS_TASK` FOREIGN KEY (`TASK_ID_`) REFERENCES `act_ru_task` (`ID_`) ON DELETE RESTRICT ON UPDATE RESTRICT
) ENGINE = InnoDB CHARACTER SET = utf8 COLLATE = utf8_bin ROW_FORMAT = DYNAMIC;

-- ----------------------------
-- Records of act_ru_identitylink
-- ----------------------------
INSERT INTO `act_ru_identitylink` VALUES ('171ae380-eec5-11ee-a9b2-a0e70b8d65c1', 1, NULL, 'starter', '1', NULL, '171abc6f-eec5-11ee-a9b2-a0e70b8d65c1', NULL, NULL, NULL, NULL, NULL);
INSERT INTO `act_ru_identitylink` VALUES ('172013b1-eec5-11ee-a9b2-a0e70b8d65c1', 1, NULL, 'participant', '4', NULL, '171abc6f-eec5-11ee-a9b2-a0e70b8d65c1', NULL, NULL, NULL, NULL, NULL);
INSERT INTO `act_ru_identitylink` VALUES ('1a183f55-ce0c-11ee-83a2-a0e70b8d65c1', 1, NULL, 'starter', '3', NULL, '1a181844-ce0c-11ee-83a2-a0e70b8d65c1', NULL, NULL, NULL, NULL, NULL);
INSERT INTO `act_ru_identitylink` VALUES ('1a1d486f-ce0c-11ee-83a2-a0e70b8d65c1', 1, NULL, 'participant', '3', NULL, '1a181844-ce0c-11ee-83a2-a0e70b8d65c1', NULL, NULL, NULL, NULL, NULL);
INSERT INTO `act_ru_identitylink` VALUES ('1a295661-ce0c-11ee-83a2-a0e70b8d65c1', 1, NULL, 'participant', '3', NULL, '1a181844-ce0c-11ee-83a2-a0e70b8d65c1', NULL, NULL, NULL, NULL, NULL);
INSERT INTO `act_ru_identitylink` VALUES ('1a2a19b6-ce0c-11ee-83a2-a0e70b8d65c1', 1, NULL, 'participant', '5', NULL, '1a181844-ce0c-11ee-83a2-a0e70b8d65c1', NULL, NULL, NULL, NULL, NULL);
INSERT INTO `act_ru_identitylink` VALUES ('558b8f7c-ef6c-11ee-a9a4-a0e70b8d65c1', 1, NULL, 'participant', '5', NULL, '171abc6f-eec5-11ee-a9b2-a0e70b8d65c1', NULL, NULL, NULL, NULL, NULL);
INSERT INTO `act_ru_identitylink` VALUES ('5ba39d12-ed11-11ee-82f5-a0e70b8d65c1', 1, NULL, 'starter', '1', NULL, '5ba2d9c1-ed11-11ee-82f5-a0e70b8d65c1', NULL, NULL, NULL, NULL, NULL);
INSERT INTO `act_ru_identitylink` VALUES ('5ba7e2e0-ed11-11ee-82f5-a0e70b8d65c1', 1, NULL, 'participant', '4', NULL, '5ba2d9c1-ed11-11ee-82f5-a0e70b8d65c1', NULL, NULL, NULL, NULL, NULL);
INSERT INTO `act_ru_identitylink` VALUES ('93b3dbbd-ef64-11ee-a9a4-a0e70b8d65c1', 1, NULL, 'starter', '4', NULL, '93b3b4ac-ef64-11ee-a9a4-a0e70b8d65c1', NULL, NULL, NULL, NULL, NULL);
INSERT INTO `act_ru_identitylink` VALUES ('93b82187-ef64-11ee-a9a4-a0e70b8d65c1', 1, NULL, 'participant', '3', NULL, '93b3b4ac-ef64-11ee-a9a4-a0e70b8d65c1', NULL, NULL, NULL, NULL, NULL);
INSERT INTO `act_ru_identitylink` VALUES ('c0041587-ef71-11ee-a9a4-a0e70b8d65c1', 1, NULL, 'participant', '3', NULL, '171abc6f-eec5-11ee-a9b2-a0e70b8d65c1', NULL, NULL, NULL, NULL, NULL);

-- ----------------------------
-- Table structure for act_ru_job
-- ----------------------------
DROP TABLE IF EXISTS `act_ru_job`;
CREATE TABLE `act_ru_job`  (
  `ID_` varchar(64) CHARACTER SET utf8 COLLATE utf8_bin NOT NULL,
  `REV_` int NULL DEFAULT NULL,
  `CATEGORY_` varchar(255) CHARACTER SET utf8 COLLATE utf8_bin NULL DEFAULT NULL,
  `TYPE_` varchar(255) CHARACTER SET utf8 COLLATE utf8_bin NOT NULL,
  `LOCK_EXP_TIME_` timestamp(3) NULL DEFAULT NULL,
  `LOCK_OWNER_` varchar(255) CHARACTER SET utf8 COLLATE utf8_bin NULL DEFAULT NULL,
  `EXCLUSIVE_` tinyint(1) NULL DEFAULT NULL,
  `EXECUTION_ID_` varchar(64) CHARACTER SET utf8 COLLATE utf8_bin NULL DEFAULT NULL,
  `PROCESS_INSTANCE_ID_` varchar(64) CHARACTER SET utf8 COLLATE utf8_bin NULL DEFAULT NULL,
  `PROC_DEF_ID_` varchar(64) CHARACTER SET utf8 COLLATE utf8_bin NULL DEFAULT NULL,
  `ELEMENT_ID_` varchar(255) CHARACTER SET utf8 COLLATE utf8_bin NULL DEFAULT NULL,
  `ELEMENT_NAME_` varchar(255) CHARACTER SET utf8 COLLATE utf8_bin NULL DEFAULT NULL,
  `SCOPE_ID_` varchar(255) CHARACTER SET utf8 COLLATE utf8_bin NULL DEFAULT NULL,
  `SUB_SCOPE_ID_` varchar(255) CHARACTER SET utf8 COLLATE utf8_bin NULL DEFAULT NULL,
  `SCOPE_TYPE_` varchar(255) CHARACTER SET utf8 COLLATE utf8_bin NULL DEFAULT NULL,
  `SCOPE_DEFINITION_ID_` varchar(255) CHARACTER SET utf8 COLLATE utf8_bin NULL DEFAULT NULL,
  `CORRELATION_ID_` varchar(255) CHARACTER SET utf8 COLLATE utf8_bin NULL DEFAULT NULL,
  `RETRIES_` int NULL DEFAULT NULL,
  `EXCEPTION_STACK_ID_` varchar(64) CHARACTER SET utf8 COLLATE utf8_bin NULL DEFAULT NULL,
  `EXCEPTION_MSG_` varchar(4000) CHARACTER SET utf8 COLLATE utf8_bin NULL DEFAULT NULL,
  `DUEDATE_` timestamp(3) NULL DEFAULT NULL,
  `REPEAT_` varchar(255) CHARACTER SET utf8 COLLATE utf8_bin NULL DEFAULT NULL,
  `HANDLER_TYPE_` varchar(255) CHARACTER SET utf8 COLLATE utf8_bin NULL DEFAULT NULL,
  `HANDLER_CFG_` varchar(4000) CHARACTER SET utf8 COLLATE utf8_bin NULL DEFAULT NULL,
  `CUSTOM_VALUES_ID_` varchar(64) CHARACTER SET utf8 COLLATE utf8_bin NULL DEFAULT NULL,
  `CREATE_TIME_` timestamp(3) NULL DEFAULT NULL,
  `TENANT_ID_` varchar(255) CHARACTER SET utf8 COLLATE utf8_bin NULL DEFAULT '',
  PRIMARY KEY (`ID_`) USING BTREE,
  INDEX `ACT_IDX_JOB_EXCEPTION_STACK_ID`(`EXCEPTION_STACK_ID_` ASC) USING BTREE,
  INDEX `ACT_IDX_JOB_CUSTOM_VALUES_ID`(`CUSTOM_VALUES_ID_` ASC) USING BTREE,
  INDEX `ACT_IDX_JOB_CORRELATION_ID`(`CORRELATION_ID_` ASC) USING BTREE,
  INDEX `ACT_IDX_JOB_SCOPE`(`SCOPE_ID_` ASC, `SCOPE_TYPE_` ASC) USING BTREE,
  INDEX `ACT_IDX_JOB_SUB_SCOPE`(`SUB_SCOPE_ID_` ASC, `SCOPE_TYPE_` ASC) USING BTREE,
  INDEX `ACT_IDX_JOB_SCOPE_DEF`(`SCOPE_DEFINITION_ID_` ASC, `SCOPE_TYPE_` ASC) USING BTREE,
  INDEX `ACT_FK_JOB_EXECUTION`(`EXECUTION_ID_` ASC) USING BTREE,
  INDEX `ACT_FK_JOB_PROCESS_INSTANCE`(`PROCESS_INSTANCE_ID_` ASC) USING BTREE,
  INDEX `ACT_FK_JOB_PROC_DEF`(`PROC_DEF_ID_` ASC) USING BTREE,
  CONSTRAINT `ACT_FK_JOB_CUSTOM_VALUES` FOREIGN KEY (`CUSTOM_VALUES_ID_`) REFERENCES `act_ge_bytearray` (`ID_`) ON DELETE RESTRICT ON UPDATE RESTRICT,
  CONSTRAINT `ACT_FK_JOB_EXCEPTION` FOREIGN KEY (`EXCEPTION_STACK_ID_`) REFERENCES `act_ge_bytearray` (`ID_`) ON DELETE RESTRICT ON UPDATE RESTRICT,
  CONSTRAINT `ACT_FK_JOB_EXECUTION` FOREIGN KEY (`EXECUTION_ID_`) REFERENCES `act_ru_execution` (`ID_`) ON DELETE RESTRICT ON UPDATE RESTRICT,
  CONSTRAINT `ACT_FK_JOB_PROC_DEF` FOREIGN KEY (`PROC_DEF_ID_`) REFERENCES `act_re_procdef` (`ID_`) ON DELETE RESTRICT ON UPDATE RESTRICT,
  CONSTRAINT `ACT_FK_JOB_PROCESS_INSTANCE` FOREIGN KEY (`PROCESS_INSTANCE_ID_`) REFERENCES `act_ru_execution` (`ID_`) ON DELETE RESTRICT ON UPDATE RESTRICT
) ENGINE = InnoDB CHARACTER SET = utf8 COLLATE = utf8_bin ROW_FORMAT = DYNAMIC;

-- ----------------------------
-- Records of act_ru_job
-- ----------------------------

-- ----------------------------
-- Table structure for act_ru_suspended_job
-- ----------------------------
DROP TABLE IF EXISTS `act_ru_suspended_job`;
CREATE TABLE `act_ru_suspended_job`  (
  `ID_` varchar(64) CHARACTER SET utf8 COLLATE utf8_bin NOT NULL,
  `REV_` int NULL DEFAULT NULL,
  `CATEGORY_` varchar(255) CHARACTER SET utf8 COLLATE utf8_bin NULL DEFAULT NULL,
  `TYPE_` varchar(255) CHARACTER SET utf8 COLLATE utf8_bin NOT NULL,
  `EXCLUSIVE_` tinyint(1) NULL DEFAULT NULL,
  `EXECUTION_ID_` varchar(64) CHARACTER SET utf8 COLLATE utf8_bin NULL DEFAULT NULL,
  `PROCESS_INSTANCE_ID_` varchar(64) CHARACTER SET utf8 COLLATE utf8_bin NULL DEFAULT NULL,
  `PROC_DEF_ID_` varchar(64) CHARACTER SET utf8 COLLATE utf8_bin NULL DEFAULT NULL,
  `ELEMENT_ID_` varchar(255) CHARACTER SET utf8 COLLATE utf8_bin NULL DEFAULT NULL,
  `ELEMENT_NAME_` varchar(255) CHARACTER SET utf8 COLLATE utf8_bin NULL DEFAULT NULL,
  `SCOPE_ID_` varchar(255) CHARACTER SET utf8 COLLATE utf8_bin NULL DEFAULT NULL,
  `SUB_SCOPE_ID_` varchar(255) CHARACTER SET utf8 COLLATE utf8_bin NULL DEFAULT NULL,
  `SCOPE_TYPE_` varchar(255) CHARACTER SET utf8 COLLATE utf8_bin NULL DEFAULT NULL,
  `SCOPE_DEFINITION_ID_` varchar(255) CHARACTER SET utf8 COLLATE utf8_bin NULL DEFAULT NULL,
  `CORRELATION_ID_` varchar(255) CHARACTER SET utf8 COLLATE utf8_bin NULL DEFAULT NULL,
  `RETRIES_` int NULL DEFAULT NULL,
  `EXCEPTION_STACK_ID_` varchar(64) CHARACTER SET utf8 COLLATE utf8_bin NULL DEFAULT NULL,
  `EXCEPTION_MSG_` varchar(4000) CHARACTER SET utf8 COLLATE utf8_bin NULL DEFAULT NULL,
  `DUEDATE_` timestamp(3) NULL DEFAULT NULL,
  `REPEAT_` varchar(255) CHARACTER SET utf8 COLLATE utf8_bin NULL DEFAULT NULL,
  `HANDLER_TYPE_` varchar(255) CHARACTER SET utf8 COLLATE utf8_bin NULL DEFAULT NULL,
  `HANDLER_CFG_` varchar(4000) CHARACTER SET utf8 COLLATE utf8_bin NULL DEFAULT NULL,
  `CUSTOM_VALUES_ID_` varchar(64) CHARACTER SET utf8 COLLATE utf8_bin NULL DEFAULT NULL,
  `CREATE_TIME_` timestamp(3) NULL DEFAULT NULL,
  `TENANT_ID_` varchar(255) CHARACTER SET utf8 COLLATE utf8_bin NULL DEFAULT '',
  PRIMARY KEY (`ID_`) USING BTREE,
  INDEX `ACT_IDX_SUSPENDED_JOB_EXCEPTION_STACK_ID`(`EXCEPTION_STACK_ID_` ASC) USING BTREE,
  INDEX `ACT_IDX_SUSPENDED_JOB_CUSTOM_VALUES_ID`(`CUSTOM_VALUES_ID_` ASC) USING BTREE,
  INDEX `ACT_IDX_SUSPENDED_JOB_CORRELATION_ID`(`CORRELATION_ID_` ASC) USING BTREE,
  INDEX `ACT_IDX_SJOB_SCOPE`(`SCOPE_ID_` ASC, `SCOPE_TYPE_` ASC) USING BTREE,
  INDEX `ACT_IDX_SJOB_SUB_SCOPE`(`SUB_SCOPE_ID_` ASC, `SCOPE_TYPE_` ASC) USING BTREE,
  INDEX `ACT_IDX_SJOB_SCOPE_DEF`(`SCOPE_DEFINITION_ID_` ASC, `SCOPE_TYPE_` ASC) USING BTREE,
  INDEX `ACT_FK_SUSPENDED_JOB_EXECUTION`(`EXECUTION_ID_` ASC) USING BTREE,
  INDEX `ACT_FK_SUSPENDED_JOB_PROCESS_INSTANCE`(`PROCESS_INSTANCE_ID_` ASC) USING BTREE,
  INDEX `ACT_FK_SUSPENDED_JOB_PROC_DEF`(`PROC_DEF_ID_` ASC) USING BTREE,
  CONSTRAINT `ACT_FK_SUSPENDED_JOB_CUSTOM_VALUES` FOREIGN KEY (`CUSTOM_VALUES_ID_`) REFERENCES `act_ge_bytearray` (`ID_`) ON DELETE RESTRICT ON UPDATE RESTRICT,
  CONSTRAINT `ACT_FK_SUSPENDED_JOB_EXCEPTION` FOREIGN KEY (`EXCEPTION_STACK_ID_`) REFERENCES `act_ge_bytearray` (`ID_`) ON DELETE RESTRICT ON UPDATE RESTRICT,
  CONSTRAINT `ACT_FK_SUSPENDED_JOB_EXECUTION` FOREIGN KEY (`EXECUTION_ID_`) REFERENCES `act_ru_execution` (`ID_`) ON DELETE RESTRICT ON UPDATE RESTRICT,
  CONSTRAINT `ACT_FK_SUSPENDED_JOB_PROC_DEF` FOREIGN KEY (`PROC_DEF_ID_`) REFERENCES `act_re_procdef` (`ID_`) ON DELETE RESTRICT ON UPDATE RESTRICT,
  CONSTRAINT `ACT_FK_SUSPENDED_JOB_PROCESS_INSTANCE` FOREIGN KEY (`PROCESS_INSTANCE_ID_`) REFERENCES `act_ru_execution` (`ID_`) ON DELETE RESTRICT ON UPDATE RESTRICT
) ENGINE = InnoDB CHARACTER SET = utf8 COLLATE = utf8_bin ROW_FORMAT = DYNAMIC;

-- ----------------------------
-- Records of act_ru_suspended_job
-- ----------------------------

-- ----------------------------
-- Table structure for act_ru_task
-- ----------------------------
DROP TABLE IF EXISTS `act_ru_task`;
CREATE TABLE `act_ru_task`  (
  `ID_` varchar(64) CHARACTER SET utf8 COLLATE utf8_bin NOT NULL,
  `REV_` int NULL DEFAULT NULL,
  `EXECUTION_ID_` varchar(64) CHARACTER SET utf8 COLLATE utf8_bin NULL DEFAULT NULL,
  `PROC_INST_ID_` varchar(64) CHARACTER SET utf8 COLLATE utf8_bin NULL DEFAULT NULL,
  `PROC_DEF_ID_` varchar(64) CHARACTER SET utf8 COLLATE utf8_bin NULL DEFAULT NULL,
  `TASK_DEF_ID_` varchar(64) CHARACTER SET utf8 COLLATE utf8_bin NULL DEFAULT NULL,
  `SCOPE_ID_` varchar(255) CHARACTER SET utf8 COLLATE utf8_bin NULL DEFAULT NULL,
  `SUB_SCOPE_ID_` varchar(255) CHARACTER SET utf8 COLLATE utf8_bin NULL DEFAULT NULL,
  `SCOPE_TYPE_` varchar(255) CHARACTER SET utf8 COLLATE utf8_bin NULL DEFAULT NULL,
  `SCOPE_DEFINITION_ID_` varchar(255) CHARACTER SET utf8 COLLATE utf8_bin NULL DEFAULT NULL,
  `PROPAGATED_STAGE_INST_ID_` varchar(255) CHARACTER SET utf8 COLLATE utf8_bin NULL DEFAULT NULL,
  `NAME_` varchar(255) CHARACTER SET utf8 COLLATE utf8_bin NULL DEFAULT NULL,
  `PARENT_TASK_ID_` varchar(64) CHARACTER SET utf8 COLLATE utf8_bin NULL DEFAULT NULL,
  `DESCRIPTION_` varchar(4000) CHARACTER SET utf8 COLLATE utf8_bin NULL DEFAULT NULL,
  `TASK_DEF_KEY_` varchar(255) CHARACTER SET utf8 COLLATE utf8_bin NULL DEFAULT NULL,
  `OWNER_` varchar(255) CHARACTER SET utf8 COLLATE utf8_bin NULL DEFAULT NULL,
  `ASSIGNEE_` varchar(255) CHARACTER SET utf8 COLLATE utf8_bin NULL DEFAULT NULL,
  `DELEGATION_` varchar(64) CHARACTER SET utf8 COLLATE utf8_bin NULL DEFAULT NULL,
  `PRIORITY_` int NULL DEFAULT NULL,
  `CREATE_TIME_` timestamp(3) NULL DEFAULT NULL,
  `DUE_DATE_` datetime(3) NULL DEFAULT NULL,
  `CATEGORY_` varchar(255) CHARACTER SET utf8 COLLATE utf8_bin NULL DEFAULT NULL,
  `SUSPENSION_STATE_` int NULL DEFAULT NULL,
  `TENANT_ID_` varchar(255) CHARACTER SET utf8 COLLATE utf8_bin NULL DEFAULT '',
  `FORM_KEY_` varchar(255) CHARACTER SET utf8 COLLATE utf8_bin NULL DEFAULT NULL,
  `CLAIM_TIME_` datetime(3) NULL DEFAULT NULL,
  `IS_COUNT_ENABLED_` tinyint NULL DEFAULT NULL,
  `VAR_COUNT_` int NULL DEFAULT NULL,
  `ID_LINK_COUNT_` int NULL DEFAULT NULL,
  `SUB_TASK_COUNT_` int NULL DEFAULT NULL,
  PRIMARY KEY (`ID_`) USING BTREE,
  INDEX `ACT_IDX_TASK_CREATE`(`CREATE_TIME_` ASC) USING BTREE,
  INDEX `ACT_IDX_TASK_SCOPE`(`SCOPE_ID_` ASC, `SCOPE_TYPE_` ASC) USING BTREE,
  INDEX `ACT_IDX_TASK_SUB_SCOPE`(`SUB_SCOPE_ID_` ASC, `SCOPE_TYPE_` ASC) USING BTREE,
  INDEX `ACT_IDX_TASK_SCOPE_DEF`(`SCOPE_DEFINITION_ID_` ASC, `SCOPE_TYPE_` ASC) USING BTREE,
  INDEX `ACT_FK_TASK_EXE`(`EXECUTION_ID_` ASC) USING BTREE,
  INDEX `ACT_FK_TASK_PROCINST`(`PROC_INST_ID_` ASC) USING BTREE,
  INDEX `ACT_FK_TASK_PROCDEF`(`PROC_DEF_ID_` ASC) USING BTREE,
  CONSTRAINT `ACT_FK_TASK_EXE` FOREIGN KEY (`EXECUTION_ID_`) REFERENCES `act_ru_execution` (`ID_`) ON DELETE RESTRICT ON UPDATE RESTRICT,
  CONSTRAINT `ACT_FK_TASK_PROCDEF` FOREIGN KEY (`PROC_DEF_ID_`) REFERENCES `act_re_procdef` (`ID_`) ON DELETE RESTRICT ON UPDATE RESTRICT,
  CONSTRAINT `ACT_FK_TASK_PROCINST` FOREIGN KEY (`PROC_INST_ID_`) REFERENCES `act_ru_execution` (`ID_`) ON DELETE RESTRICT ON UPDATE RESTRICT
) ENGINE = InnoDB CHARACTER SET = utf8 COLLATE = utf8_bin ROW_FORMAT = DYNAMIC;

-- ----------------------------
-- Records of act_ru_task
-- ----------------------------
INSERT INTO `act_ru_task` VALUES ('1a29f2a4-ce0c-11ee-83a2-a0e70b8d65c1', 1, '1a18db99-ce0c-11ee-83a2-a0e70b8d65c1', '1a181844-ce0c-11ee-83a2-a0e70b8d65c1', 'Process_1708216905599:1:930d6c63-ce06-11ee-83a2-a0e70b8d65c1', NULL, NULL, NULL, NULL, NULL, NULL, NULL, NULL, NULL, 'Activity_0tj6539', NULL, '5', NULL, 50, '2024-02-18 11:16:26.895', NULL, NULL, 1, '', NULL, NULL, 1, 0, 0, 0);
INSERT INTO `act_ru_task` VALUES ('5ba598ee-ed11-11ee-82f5-a0e70b8d65c1', 1, '5ba4877a-ed11-11ee-82f5-a0e70b8d65c1', '5ba2d9c1-ed11-11ee-82f5-a0e70b8d65c1', 'Process_1711636458266:1:d525ae90-ed10-11ee-82f5-a0e70b8d65c1', NULL, NULL, NULL, NULL, NULL, NULL, NULL, NULL, NULL, 'Activity_0xjvj7t', NULL, '4', NULL, 50, '2024-03-28 22:42:10.285', NULL, NULL, 1, '', NULL, NULL, 1, 0, 0, 0);
INSERT INTO `act_ru_task` VALUES ('776306eb-ef73-11ee-a9a4-a0e70b8d65c1', 1, '776306e9-ef73-11ee-a9a4-a0e70b8d65c1', '171abc6f-eec5-11ee-a9b2-a0e70b8d65c1', 'Process_1711765614799:1:f64bef0f-eea5-11ee-a7e7-a0e70b8d65c1', NULL, NULL, NULL, NULL, NULL, NULL, NULL, NULL, NULL, 'Activity_0hzygso', NULL, '4', NULL, 50, '2024-03-31 23:29:29.832', NULL, NULL, 1, '', NULL, NULL, 1, 0, 0, 0);
INSERT INTO `act_ru_task` VALUES ('93b82185-ef64-11ee-a9a4-a0e70b8d65c1', 1, '93b47801-ef64-11ee-a9a4-a0e70b8d65c1', '93b3b4ac-ef64-11ee-a9a4-a0e70b8d65c1', 'Process_1708216905599:2:9256690a-ed10-11ee-82f5-a0e70b8d65c1', NULL, NULL, NULL, NULL, NULL, NULL, NULL, NULL, NULL, 'Activity_0moq7sv', NULL, '3', NULL, 50, '2024-03-31 21:42:54.897', NULL, NULL, 1, '', 'key_1759011848135106562', NULL, 1, 0, 0, 0);

-- ----------------------------
-- Table structure for act_ru_timer_job
-- ----------------------------
DROP TABLE IF EXISTS `act_ru_timer_job`;
CREATE TABLE `act_ru_timer_job`  (
  `ID_` varchar(64) CHARACTER SET utf8 COLLATE utf8_bin NOT NULL,
  `REV_` int NULL DEFAULT NULL,
  `CATEGORY_` varchar(255) CHARACTER SET utf8 COLLATE utf8_bin NULL DEFAULT NULL,
  `TYPE_` varchar(255) CHARACTER SET utf8 COLLATE utf8_bin NOT NULL,
  `LOCK_EXP_TIME_` timestamp(3) NULL DEFAULT NULL,
  `LOCK_OWNER_` varchar(255) CHARACTER SET utf8 COLLATE utf8_bin NULL DEFAULT NULL,
  `EXCLUSIVE_` tinyint(1) NULL DEFAULT NULL,
  `EXECUTION_ID_` varchar(64) CHARACTER SET utf8 COLLATE utf8_bin NULL DEFAULT NULL,
  `PROCESS_INSTANCE_ID_` varchar(64) CHARACTER SET utf8 COLLATE utf8_bin NULL DEFAULT NULL,
  `PROC_DEF_ID_` varchar(64) CHARACTER SET utf8 COLLATE utf8_bin NULL DEFAULT NULL,
  `ELEMENT_ID_` varchar(255) CHARACTER SET utf8 COLLATE utf8_bin NULL DEFAULT NULL,
  `ELEMENT_NAME_` varchar(255) CHARACTER SET utf8 COLLATE utf8_bin NULL DEFAULT NULL,
  `SCOPE_ID_` varchar(255) CHARACTER SET utf8 COLLATE utf8_bin NULL DEFAULT NULL,
  `SUB_SCOPE_ID_` varchar(255) CHARACTER SET utf8 COLLATE utf8_bin NULL DEFAULT NULL,
  `SCOPE_TYPE_` varchar(255) CHARACTER SET utf8 COLLATE utf8_bin NULL DEFAULT NULL,
  `SCOPE_DEFINITION_ID_` varchar(255) CHARACTER SET utf8 COLLATE utf8_bin NULL DEFAULT NULL,
  `CORRELATION_ID_` varchar(255) CHARACTER SET utf8 COLLATE utf8_bin NULL DEFAULT NULL,
  `RETRIES_` int NULL DEFAULT NULL,
  `EXCEPTION_STACK_ID_` varchar(64) CHARACTER SET utf8 COLLATE utf8_bin NULL DEFAULT NULL,
  `EXCEPTION_MSG_` varchar(4000) CHARACTER SET utf8 COLLATE utf8_bin NULL DEFAULT NULL,
  `DUEDATE_` timestamp(3) NULL DEFAULT NULL,
  `REPEAT_` varchar(255) CHARACTER SET utf8 COLLATE utf8_bin NULL DEFAULT NULL,
  `HANDLER_TYPE_` varchar(255) CHARACTER SET utf8 COLLATE utf8_bin NULL DEFAULT NULL,
  `HANDLER_CFG_` varchar(4000) CHARACTER SET utf8 COLLATE utf8_bin NULL DEFAULT NULL,
  `CUSTOM_VALUES_ID_` varchar(64) CHARACTER SET utf8 COLLATE utf8_bin NULL DEFAULT NULL,
  `CREATE_TIME_` timestamp(3) NULL DEFAULT NULL,
  `TENANT_ID_` varchar(255) CHARACTER SET utf8 COLLATE utf8_bin NULL DEFAULT '',
  PRIMARY KEY (`ID_`) USING BTREE,
  INDEX `ACT_IDX_TIMER_JOB_EXCEPTION_STACK_ID`(`EXCEPTION_STACK_ID_` ASC) USING BTREE,
  INDEX `ACT_IDX_TIMER_JOB_CUSTOM_VALUES_ID`(`CUSTOM_VALUES_ID_` ASC) USING BTREE,
  INDEX `ACT_IDX_TIMER_JOB_CORRELATION_ID`(`CORRELATION_ID_` ASC) USING BTREE,
  INDEX `ACT_IDX_TIMER_JOB_DUEDATE`(`DUEDATE_` ASC) USING BTREE,
  INDEX `ACT_IDX_TJOB_SCOPE`(`SCOPE_ID_` ASC, `SCOPE_TYPE_` ASC) USING BTREE,
  INDEX `ACT_IDX_TJOB_SUB_SCOPE`(`SUB_SCOPE_ID_` ASC, `SCOPE_TYPE_` ASC) USING BTREE,
  INDEX `ACT_IDX_TJOB_SCOPE_DEF`(`SCOPE_DEFINITION_ID_` ASC, `SCOPE_TYPE_` ASC) USING BTREE,
  INDEX `ACT_FK_TIMER_JOB_EXECUTION`(`EXECUTION_ID_` ASC) USING BTREE,
  INDEX `ACT_FK_TIMER_JOB_PROCESS_INSTANCE`(`PROCESS_INSTANCE_ID_` ASC) USING BTREE,
  INDEX `ACT_FK_TIMER_JOB_PROC_DEF`(`PROC_DEF_ID_` ASC) USING BTREE,
  CONSTRAINT `ACT_FK_TIMER_JOB_CUSTOM_VALUES` FOREIGN KEY (`CUSTOM_VALUES_ID_`) REFERENCES `act_ge_bytearray` (`ID_`) ON DELETE RESTRICT ON UPDATE RESTRICT,
  CONSTRAINT `ACT_FK_TIMER_JOB_EXCEPTION` FOREIGN KEY (`EXCEPTION_STACK_ID_`) REFERENCES `act_ge_bytearray` (`ID_`) ON DELETE RESTRICT ON UPDATE RESTRICT,
  CONSTRAINT `ACT_FK_TIMER_JOB_EXECUTION` FOREIGN KEY (`EXECUTION_ID_`) REFERENCES `act_ru_execution` (`ID_`) ON DELETE RESTRICT ON UPDATE RESTRICT,
  CONSTRAINT `ACT_FK_TIMER_JOB_PROC_DEF` FOREIGN KEY (`PROC_DEF_ID_`) REFERENCES `act_re_procdef` (`ID_`) ON DELETE RESTRICT ON UPDATE RESTRICT,
  CONSTRAINT `ACT_FK_TIMER_JOB_PROCESS_INSTANCE` FOREIGN KEY (`PROCESS_INSTANCE_ID_`) REFERENCES `act_ru_execution` (`ID_`) ON DELETE RESTRICT ON UPDATE RESTRICT
) ENGINE = InnoDB CHARACTER SET = utf8 COLLATE = utf8_bin ROW_FORMAT = DYNAMIC;

-- ----------------------------
-- Records of act_ru_timer_job
-- ----------------------------

-- ----------------------------
-- Table structure for act_ru_variable
-- ----------------------------
DROP TABLE IF EXISTS `act_ru_variable`;
CREATE TABLE `act_ru_variable`  (
  `ID_` varchar(64) CHARACTER SET utf8 COLLATE utf8_bin NOT NULL,
  `REV_` int NULL DEFAULT NULL,
  `TYPE_` varchar(255) CHARACTER SET utf8 COLLATE utf8_bin NOT NULL,
  `NAME_` varchar(255) CHARACTER SET utf8 COLLATE utf8_bin NOT NULL,
  `EXECUTION_ID_` varchar(64) CHARACTER SET utf8 COLLATE utf8_bin NULL DEFAULT NULL,
  `PROC_INST_ID_` varchar(64) CHARACTER SET utf8 COLLATE utf8_bin NULL DEFAULT NULL,
  `TASK_ID_` varchar(64) CHARACTER SET utf8 COLLATE utf8_bin NULL DEFAULT NULL,
  `SCOPE_ID_` varchar(255) CHARACTER SET utf8 COLLATE utf8_bin NULL DEFAULT NULL,
  `SUB_SCOPE_ID_` varchar(255) CHARACTER SET utf8 COLLATE utf8_bin NULL DEFAULT NULL,
  `SCOPE_TYPE_` varchar(255) CHARACTER SET utf8 COLLATE utf8_bin NULL DEFAULT NULL,
  `BYTEARRAY_ID_` varchar(64) CHARACTER SET utf8 COLLATE utf8_bin NULL DEFAULT NULL,
  `DOUBLE_` double NULL DEFAULT NULL,
  `LONG_` bigint NULL DEFAULT NULL,
  `TEXT_` varchar(4000) CHARACTER SET utf8 COLLATE utf8_bin NULL DEFAULT NULL,
  `TEXT2_` varchar(4000) CHARACTER SET utf8 COLLATE utf8_bin NULL DEFAULT NULL,
  PRIMARY KEY (`ID_`) USING BTREE,
  INDEX `ACT_IDX_RU_VAR_SCOPE_ID_TYPE`(`SCOPE_ID_` ASC, `SCOPE_TYPE_` ASC) USING BTREE,
  INDEX `ACT_IDX_RU_VAR_SUB_ID_TYPE`(`SUB_SCOPE_ID_` ASC, `SCOPE_TYPE_` ASC) USING BTREE,
  INDEX `ACT_FK_VAR_BYTEARRAY`(`BYTEARRAY_ID_` ASC) USING BTREE,
  INDEX `ACT_IDX_VARIABLE_TASK_ID`(`TASK_ID_` ASC) USING BTREE,
  INDEX `ACT_FK_VAR_EXE`(`EXECUTION_ID_` ASC) USING BTREE,
  INDEX `ACT_FK_VAR_PROCINST`(`PROC_INST_ID_` ASC) USING BTREE,
  CONSTRAINT `ACT_FK_VAR_BYTEARRAY` FOREIGN KEY (`BYTEARRAY_ID_`) REFERENCES `act_ge_bytearray` (`ID_`) ON DELETE RESTRICT ON UPDATE RESTRICT,
  CONSTRAINT `ACT_FK_VAR_EXE` FOREIGN KEY (`EXECUTION_ID_`) REFERENCES `act_ru_execution` (`ID_`) ON DELETE RESTRICT ON UPDATE RESTRICT,
  CONSTRAINT `ACT_FK_VAR_PROCINST` FOREIGN KEY (`PROC_INST_ID_`) REFERENCES `act_ru_execution` (`ID_`) ON DELETE RESTRICT ON UPDATE RESTRICT
) ENGINE = InnoDB CHARACTER SET = utf8 COLLATE = utf8_bin ROW_FORMAT = DYNAMIC;

-- ----------------------------
-- Records of act_ru_variable
-- ----------------------------
INSERT INTO `act_ru_variable` VALUES ('171b0a91-eec5-11ee-a9b2-a0e70b8d65c1', 1, 'string', 'field101', '171abc6f-eec5-11ee-a9b2-a0e70b8d65c1', '171abc6f-eec5-11ee-a9b2-a0e70b8d65c1', NULL, NULL, NULL, NULL, NULL, NULL, NULL, '单行文本', NULL);
INSERT INTO `act_ru_variable` VALUES ('171b58b2-eec5-11ee-a9b2-a0e70b8d65c1', 1, 'string', 'field102', '171abc6f-eec5-11ee-a9b2-a0e70b8d65c1', '171abc6f-eec5-11ee-a9b2-a0e70b8d65c1', NULL, NULL, NULL, NULL, NULL, NULL, NULL, '多行文本', NULL);
INSERT INTO `act_ru_variable` VALUES ('171bcde4-eec5-11ee-a9b2-a0e70b8d65c1', 1, 'serializable', 'field103', '171abc6f-eec5-11ee-a9b2-a0e70b8d65c1', '171abc6f-eec5-11ee-a9b2-a0e70b8d65c1', NULL, NULL, NULL, NULL, '171ba6d3-eec5-11ee-a9b2-a0e70b8d65c1', NULL, NULL, NULL, NULL);
INSERT INTO `act_ru_variable` VALUES ('171bf4f7-eec5-11ee-a9b2-a0e70b8d65c1', 1, 'serializable', 'field105', '171abc6f-eec5-11ee-a9b2-a0e70b8d65c1', '171abc6f-eec5-11ee-a9b2-a0e70b8d65c1', NULL, NULL, NULL, NULL, '171bf4f6-eec5-11ee-a9b2-a0e70b8d65c1', NULL, NULL, NULL, NULL);
INSERT INTO `act_ru_variable` VALUES ('171bf4f9-eec5-11ee-a9b2-a0e70b8d65c1', 1, 'string', 'initiator', '171abc6f-eec5-11ee-a9b2-a0e70b8d65c1', '171abc6f-eec5-11ee-a9b2-a0e70b8d65c1', NULL, NULL, NULL, NULL, NULL, NULL, NULL, '1', NULL);
INSERT INTO `act_ru_variable` VALUES ('171bf4fa-eec5-11ee-a9b2-a0e70b8d65c1', 1, 'string', 'processStatus', '171abc6f-eec5-11ee-a9b2-a0e70b8d65c1', '171abc6f-eec5-11ee-a9b2-a0e70b8d65c1', NULL, NULL, NULL, NULL, NULL, NULL, NULL, 'running', NULL);
INSERT INTO `act_ru_variable` VALUES ('1a186666-ce0c-11ee-83a2-a0e70b8d65c1', 1, 'string', 'field101', '1a181844-ce0c-11ee-83a2-a0e70b8d65c1', '1a181844-ce0c-11ee-83a2-a0e70b8d65c1', NULL, NULL, NULL, NULL, NULL, NULL, NULL, '测试流程发起过程', NULL);
INSERT INTO `act_ru_variable` VALUES ('1a18b487-ce0c-11ee-83a2-a0e70b8d65c1', 1, 'string', 'initiator', '1a181844-ce0c-11ee-83a2-a0e70b8d65c1', '1a181844-ce0c-11ee-83a2-a0e70b8d65c1', NULL, NULL, NULL, NULL, NULL, NULL, NULL, '3', NULL);
INSERT INTO `act_ru_variable` VALUES ('1a18b488-ce0c-11ee-83a2-a0e70b8d65c1', 1, 'string', 'processStatus', '1a181844-ce0c-11ee-83a2-a0e70b8d65c1', '1a181844-ce0c-11ee-83a2-a0e70b8d65c1', NULL, NULL, NULL, NULL, NULL, NULL, NULL, 'running', NULL);
INSERT INTO `act_ru_variable` VALUES ('5ba39d14-ed11-11ee-82f5-a0e70b8d65c1', 1, 'serializable', 'field101', '5ba2d9c1-ed11-11ee-82f5-a0e70b8d65c1', '5ba2d9c1-ed11-11ee-82f5-a0e70b8d65c1', NULL, NULL, NULL, NULL, '5ba39d13-ed11-11ee-82f5-a0e70b8d65c1', NULL, NULL, NULL, NULL);
INSERT INTO `act_ru_variable` VALUES ('5ba46066-ed11-11ee-82f5-a0e70b8d65c1', 1, 'string', 'field102', '5ba2d9c1-ed11-11ee-82f5-a0e70b8d65c1', '5ba2d9c1-ed11-11ee-82f5-a0e70b8d65c1', NULL, NULL, NULL, NULL, NULL, NULL, NULL, '测试是否成功', NULL);
INSERT INTO `act_ru_variable` VALUES ('5ba46067-ed11-11ee-82f5-a0e70b8d65c1', 1, 'integer', 'field104', '5ba2d9c1-ed11-11ee-82f5-a0e70b8d65c1', '5ba2d9c1-ed11-11ee-82f5-a0e70b8d65c1', NULL, NULL, NULL, NULL, NULL, NULL, 1, '1', NULL);
INSERT INTO `act_ru_variable` VALUES ('5ba46068-ed11-11ee-82f5-a0e70b8d65c1', 1, 'string', 'initiator', '5ba2d9c1-ed11-11ee-82f5-a0e70b8d65c1', '5ba2d9c1-ed11-11ee-82f5-a0e70b8d65c1', NULL, NULL, NULL, NULL, NULL, NULL, NULL, '1', NULL);
INSERT INTO `act_ru_variable` VALUES ('5ba46069-ed11-11ee-82f5-a0e70b8d65c1', 1, 'string', 'processStatus', '5ba2d9c1-ed11-11ee-82f5-a0e70b8d65c1', '5ba2d9c1-ed11-11ee-82f5-a0e70b8d65c1', NULL, NULL, NULL, NULL, NULL, NULL, NULL, 'running', NULL);
INSERT INTO `act_ru_variable` VALUES ('93b429de-ef64-11ee-a9a4-a0e70b8d65c1', 1, 'string', 'field101', '93b3b4ac-ef64-11ee-a9a4-a0e70b8d65c1', '93b3b4ac-ef64-11ee-a9a4-a0e70b8d65c1', NULL, NULL, NULL, NULL, NULL, NULL, NULL, '测试', NULL);
INSERT INTO `act_ru_variable` VALUES ('93b450ef-ef64-11ee-a9a4-a0e70b8d65c1', 1, 'string', 'initiator', '93b3b4ac-ef64-11ee-a9a4-a0e70b8d65c1', '93b3b4ac-ef64-11ee-a9a4-a0e70b8d65c1', NULL, NULL, NULL, NULL, NULL, NULL, NULL, '4', NULL);
INSERT INTO `act_ru_variable` VALUES ('93b450f0-ef64-11ee-a9a4-a0e70b8d65c1', 1, 'string', 'processStatus', '93b3b4ac-ef64-11ee-a9a4-a0e70b8d65c1', '93b3b4ac-ef64-11ee-a9a4-a0e70b8d65c1', NULL, NULL, NULL, NULL, NULL, NULL, NULL, 'running', NULL);

-- ----------------------------
-- Table structure for bpm_agent_setting
-- ----------------------------
DROP TABLE IF EXISTS `bpm_agent_setting`;
CREATE TABLE `bpm_agent_setting`  (
  `id` bigint NOT NULL COMMENT '主键ID',
  `subject` varchar(64) CHARACTER SET utf8mb4 COLLATE utf8mb4_general_ci NULL DEFAULT NULL COMMENT '标题',
  `auth_id` varchar(64) CHARACTER SET utf8mb4 COLLATE utf8mb4_general_ci NULL DEFAULT NULL COMMENT '授权人ID',
  `start_date` datetime NOT NULL DEFAULT CURRENT_TIMESTAMP ON UPDATE CURRENT_TIMESTAMP COMMENT '开始生效时间',
  `end_date` datetime NOT NULL COMMENT '失效时间 ',
  `create_by` varchar(64) CHARACTER SET utf8mb4 COLLATE utf8mb4_general_ci NULL DEFAULT NULL COMMENT '创建人ID',
  `create_time` datetime NOT NULL COMMENT '创建时间    ',
  `agent_type` int NULL DEFAULT NULL COMMENT '代理范围 1,全部流程,2,部分流程',
  `update_by` varchar(64) CHARACTER SET utf8mb4 COLLATE utf8mb4_general_ci NULL DEFAULT NULL COMMENT '更新人ID',
  `update_time` datetime NULL DEFAULT NULL COMMENT '更新时间',
  `tenant_id` varchar(64) CHARACTER SET utf8mb4 COLLATE utf8mb4_general_ci NULL DEFAULT NULL COMMENT '租户ID',
  `opinion` varchar(64) CHARACTER SET utf8mb4 COLLATE utf8mb4_general_ci NULL DEFAULT NULL COMMENT '委托说明',
  `assignee` varchar(64) CHARACTER SET utf8mb4 COLLATE utf8mb4_general_ci NULL DEFAULT NULL COMMENT '代理人id',
  PRIMARY KEY (`id`) USING BTREE
) ENGINE = InnoDB CHARACTER SET = utf8mb4 COLLATE = utf8mb4_general_ci COMMENT = '流程代理设置' ROW_FORMAT = DYNAMIC;

-- ----------------------------
-- Records of bpm_agent_setting
-- ----------------------------

-- ----------------------------
-- Table structure for flw_channel_definition
-- ----------------------------
DROP TABLE IF EXISTS `flw_channel_definition`;
CREATE TABLE `flw_channel_definition`  (
  `ID_` varchar(255) CHARACTER SET utf8mb4 COLLATE utf8mb4_general_ci NOT NULL,
  `NAME_` varchar(255) CHARACTER SET utf8mb4 COLLATE utf8mb4_general_ci NULL DEFAULT NULL,
  `VERSION_` int NULL DEFAULT NULL,
  `KEY_` varchar(255) CHARACTER SET utf8mb4 COLLATE utf8mb4_general_ci NULL DEFAULT NULL,
  `CATEGORY_` varchar(255) CHARACTER SET utf8mb4 COLLATE utf8mb4_general_ci NULL DEFAULT NULL,
  `DEPLOYMENT_ID_` varchar(255) CHARACTER SET utf8mb4 COLLATE utf8mb4_general_ci NULL DEFAULT NULL,
  `CREATE_TIME_` datetime(3) NULL DEFAULT NULL,
  `TENANT_ID_` varchar(255) CHARACTER SET utf8mb4 COLLATE utf8mb4_general_ci NULL DEFAULT NULL,
  `RESOURCE_NAME_` varchar(255) CHARACTER SET utf8mb4 COLLATE utf8mb4_general_ci NULL DEFAULT NULL,
  `DESCRIPTION_` varchar(255) CHARACTER SET utf8mb4 COLLATE utf8mb4_general_ci NULL DEFAULT NULL,
  `TYPE_` varchar(255) CHARACTER SET utf8mb4 COLLATE utf8mb4_general_ci NULL DEFAULT NULL,
  `IMPLEMENTATION_` varchar(255) CHARACTER SET utf8mb4 COLLATE utf8mb4_general_ci NULL DEFAULT NULL,
  PRIMARY KEY (`ID_`) USING BTREE,
  UNIQUE INDEX `ACT_IDX_CHANNEL_DEF_UNIQ`(`KEY_` ASC, `VERSION_` ASC, `TENANT_ID_` ASC) USING BTREE
) ENGINE = InnoDB CHARACTER SET = utf8mb4 COLLATE = utf8mb4_general_ci ROW_FORMAT = DYNAMIC;

-- ----------------------------
-- Records of flw_channel_definition
-- ----------------------------

-- ----------------------------
-- Table structure for flw_ev_databasechangelog
-- ----------------------------
DROP TABLE IF EXISTS `flw_ev_databasechangelog`;
CREATE TABLE `flw_ev_databasechangelog`  (
  `ID` varchar(255) CHARACTER SET utf8mb4 COLLATE utf8mb4_general_ci NOT NULL,
  `AUTHOR` varchar(255) CHARACTER SET utf8mb4 COLLATE utf8mb4_general_ci NOT NULL,
  `FILENAME` varchar(255) CHARACTER SET utf8mb4 COLLATE utf8mb4_general_ci NOT NULL,
  `DATEEXECUTED` datetime NOT NULL,
  `ORDEREXECUTED` int NOT NULL,
  `EXECTYPE` varchar(10) CHARACTER SET utf8mb4 COLLATE utf8mb4_general_ci NOT NULL,
  `MD5SUM` varchar(35) CHARACTER SET utf8mb4 COLLATE utf8mb4_general_ci NULL DEFAULT NULL,
  `DESCRIPTION` varchar(255) CHARACTER SET utf8mb4 COLLATE utf8mb4_general_ci NULL DEFAULT NULL,
  `COMMENTS` varchar(255) CHARACTER SET utf8mb4 COLLATE utf8mb4_general_ci NULL DEFAULT NULL,
  `TAG` varchar(255) CHARACTER SET utf8mb4 COLLATE utf8mb4_general_ci NULL DEFAULT NULL,
  `LIQUIBASE` varchar(20) CHARACTER SET utf8mb4 COLLATE utf8mb4_general_ci NULL DEFAULT NULL,
  `CONTEXTS` varchar(255) CHARACTER SET utf8mb4 COLLATE utf8mb4_general_ci NULL DEFAULT NULL,
  `LABELS` varchar(255) CHARACTER SET utf8mb4 COLLATE utf8mb4_general_ci NULL DEFAULT NULL,
  `DEPLOYMENT_ID` varchar(10) CHARACTER SET utf8mb4 COLLATE utf8mb4_general_ci NULL DEFAULT NULL
) ENGINE = InnoDB CHARACTER SET = utf8mb4 COLLATE = utf8mb4_general_ci ROW_FORMAT = DYNAMIC;

-- ----------------------------
-- Records of flw_ev_databasechangelog
-- ----------------------------
INSERT INTO `flw_ev_databasechangelog` VALUES ('1', 'flowable', 'org/flowable/eventregistry/db/liquibase/flowable-eventregistry-db-changelog.xml', '2023-08-15 16:28:59', 1, 'EXECUTED', '8:1b0c48c9cf7945be799d868a2626d687', 'createTable tableName=FLW_EVENT_DEPLOYMENT; createTable tableName=FLW_EVENT_RESOURCE; createTable tableName=FLW_EVENT_DEFINITION; createIndex indexName=ACT_IDX_EVENT_DEF_UNIQ, tableName=FLW_EVENT_DEFINITION; createTable tableName=FLW_CHANNEL_DEFIN...', '', NULL, '4.9.1', NULL, NULL, '2088139301');
INSERT INTO `flw_ev_databasechangelog` VALUES ('2', 'flowable', 'org/flowable/eventregistry/db/liquibase/flowable-eventregistry-db-changelog.xml', '2023-08-15 16:28:59', 2, 'EXECUTED', '8:0ea825feb8e470558f0b5754352b9cda', 'addColumn tableName=FLW_CHANNEL_DEFINITION; addColumn tableName=FLW_CHANNEL_DEFINITION', '', NULL, '4.9.1', NULL, NULL, '2088139301');
INSERT INTO `flw_ev_databasechangelog` VALUES ('3', 'flowable', 'org/flowable/eventregistry/db/liquibase/flowable-eventregistry-db-changelog.xml', '2023-08-15 16:28:59', 3, 'EXECUTED', '8:3c2bb293350b5cbe6504331980c9dcee', 'customChange', '', NULL, '4.9.1', NULL, NULL, '2088139301');

-- ----------------------------
-- Table structure for flw_ev_databasechangeloglock
-- ----------------------------
DROP TABLE IF EXISTS `flw_ev_databasechangeloglock`;
CREATE TABLE `flw_ev_databasechangeloglock`  (
  `ID` int NOT NULL,
  `LOCKED` bit(1) NOT NULL,
  `LOCKGRANTED` datetime NULL DEFAULT NULL,
  `LOCKEDBY` varchar(255) CHARACTER SET utf8mb4 COLLATE utf8mb4_general_ci NULL DEFAULT NULL,
  PRIMARY KEY (`ID`) USING BTREE
) ENGINE = InnoDB CHARACTER SET = utf8mb4 COLLATE = utf8mb4_general_ci ROW_FORMAT = DYNAMIC;

-- ----------------------------
-- Records of flw_ev_databasechangeloglock
-- ----------------------------
INSERT INTO `flw_ev_databasechangeloglock` VALUES (1, b'0', NULL, NULL);

-- ----------------------------
-- Table structure for flw_event_definition
-- ----------------------------
DROP TABLE IF EXISTS `flw_event_definition`;
CREATE TABLE `flw_event_definition`  (
  `ID_` varchar(255) CHARACTER SET utf8mb4 COLLATE utf8mb4_general_ci NOT NULL,
  `NAME_` varchar(255) CHARACTER SET utf8mb4 COLLATE utf8mb4_general_ci NULL DEFAULT NULL,
  `VERSION_` int NULL DEFAULT NULL,
  `KEY_` varchar(255) CHARACTER SET utf8mb4 COLLATE utf8mb4_general_ci NULL DEFAULT NULL,
  `CATEGORY_` varchar(255) CHARACTER SET utf8mb4 COLLATE utf8mb4_general_ci NULL DEFAULT NULL,
  `DEPLOYMENT_ID_` varchar(255) CHARACTER SET utf8mb4 COLLATE utf8mb4_general_ci NULL DEFAULT NULL,
  `TENANT_ID_` varchar(255) CHARACTER SET utf8mb4 COLLATE utf8mb4_general_ci NULL DEFAULT NULL,
  `RESOURCE_NAME_` varchar(255) CHARACTER SET utf8mb4 COLLATE utf8mb4_general_ci NULL DEFAULT NULL,
  `DESCRIPTION_` varchar(255) CHARACTER SET utf8mb4 COLLATE utf8mb4_general_ci NULL DEFAULT NULL,
  PRIMARY KEY (`ID_`) USING BTREE,
  UNIQUE INDEX `ACT_IDX_EVENT_DEF_UNIQ`(`KEY_` ASC, `VERSION_` ASC, `TENANT_ID_` ASC) USING BTREE
) ENGINE = InnoDB CHARACTER SET = utf8mb4 COLLATE = utf8mb4_general_ci ROW_FORMAT = DYNAMIC;

-- ----------------------------
-- Records of flw_event_definition
-- ----------------------------

-- ----------------------------
-- Table structure for flw_event_deployment
-- ----------------------------
DROP TABLE IF EXISTS `flw_event_deployment`;
CREATE TABLE `flw_event_deployment`  (
  `ID_` varchar(255) CHARACTER SET utf8mb4 COLLATE utf8mb4_general_ci NOT NULL,
  `NAME_` varchar(255) CHARACTER SET utf8mb4 COLLATE utf8mb4_general_ci NULL DEFAULT NULL,
  `CATEGORY_` varchar(255) CHARACTER SET utf8mb4 COLLATE utf8mb4_general_ci NULL DEFAULT NULL,
  `DEPLOY_TIME_` datetime(3) NULL DEFAULT NULL,
  `TENANT_ID_` varchar(255) CHARACTER SET utf8mb4 COLLATE utf8mb4_general_ci NULL DEFAULT NULL,
  `PARENT_DEPLOYMENT_ID_` varchar(255) CHARACTER SET utf8mb4 COLLATE utf8mb4_general_ci NULL DEFAULT NULL,
  PRIMARY KEY (`ID_`) USING BTREE
) ENGINE = InnoDB CHARACTER SET = utf8mb4 COLLATE = utf8mb4_general_ci ROW_FORMAT = DYNAMIC;

-- ----------------------------
-- Records of flw_event_deployment
-- ----------------------------

-- ----------------------------
-- Table structure for flw_event_resource
-- ----------------------------
DROP TABLE IF EXISTS `flw_event_resource`;
CREATE TABLE `flw_event_resource`  (
  `ID_` varchar(255) CHARACTER SET utf8mb4 COLLATE utf8mb4_general_ci NOT NULL,
  `NAME_` varchar(255) CHARACTER SET utf8mb4 COLLATE utf8mb4_general_ci NULL DEFAULT NULL,
  `DEPLOYMENT_ID_` varchar(255) CHARACTER SET utf8mb4 COLLATE utf8mb4_general_ci NULL DEFAULT NULL,
  `RESOURCE_BYTES_` longblob NULL,
  PRIMARY KEY (`ID_`) USING BTREE
) ENGINE = InnoDB CHARACTER SET = utf8mb4 COLLATE = utf8mb4_general_ci ROW_FORMAT = DYNAMIC;

-- ----------------------------
-- Records of flw_event_resource
-- ----------------------------

-- ----------------------------
-- Table structure for flw_ru_batch
-- ----------------------------
DROP TABLE IF EXISTS `flw_ru_batch`;
CREATE TABLE `flw_ru_batch`  (
  `ID_` varchar(64) CHARACTER SET utf8 COLLATE utf8_bin NOT NULL,
  `REV_` int NULL DEFAULT NULL,
  `TYPE_` varchar(64) CHARACTER SET utf8 COLLATE utf8_bin NOT NULL,
  `SEARCH_KEY_` varchar(255) CHARACTER SET utf8 COLLATE utf8_bin NULL DEFAULT NULL,
  `SEARCH_KEY2_` varchar(255) CHARACTER SET utf8 COLLATE utf8_bin NULL DEFAULT NULL,
  `CREATE_TIME_` datetime(3) NOT NULL,
  `COMPLETE_TIME_` datetime(3) NULL DEFAULT NULL,
  `STATUS_` varchar(255) CHARACTER SET utf8 COLLATE utf8_bin NULL DEFAULT NULL,
  `BATCH_DOC_ID_` varchar(64) CHARACTER SET utf8 COLLATE utf8_bin NULL DEFAULT NULL,
  `TENANT_ID_` varchar(255) CHARACTER SET utf8 COLLATE utf8_bin NULL DEFAULT '',
  PRIMARY KEY (`ID_`) USING BTREE
) ENGINE = InnoDB CHARACTER SET = utf8 COLLATE = utf8_bin ROW_FORMAT = DYNAMIC;

-- ----------------------------
-- Records of flw_ru_batch
-- ----------------------------

-- ----------------------------
-- Table structure for flw_ru_batch_part
-- ----------------------------
DROP TABLE IF EXISTS `flw_ru_batch_part`;
CREATE TABLE `flw_ru_batch_part`  (
  `ID_` varchar(64) CHARACTER SET utf8 COLLATE utf8_bin NOT NULL,
  `REV_` int NULL DEFAULT NULL,
  `BATCH_ID_` varchar(64) CHARACTER SET utf8 COLLATE utf8_bin NULL DEFAULT NULL,
  `TYPE_` varchar(64) CHARACTER SET utf8 COLLATE utf8_bin NOT NULL,
  `SCOPE_ID_` varchar(64) CHARACTER SET utf8 COLLATE utf8_bin NULL DEFAULT NULL,
  `SUB_SCOPE_ID_` varchar(64) CHARACTER SET utf8 COLLATE utf8_bin NULL DEFAULT NULL,
  `SCOPE_TYPE_` varchar(64) CHARACTER SET utf8 COLLATE utf8_bin NULL DEFAULT NULL,
  `SEARCH_KEY_` varchar(255) CHARACTER SET utf8 COLLATE utf8_bin NULL DEFAULT NULL,
  `SEARCH_KEY2_` varchar(255) CHARACTER SET utf8 COLLATE utf8_bin NULL DEFAULT NULL,
  `CREATE_TIME_` datetime(3) NOT NULL,
  `COMPLETE_TIME_` datetime(3) NULL DEFAULT NULL,
  `STATUS_` varchar(255) CHARACTER SET utf8 COLLATE utf8_bin NULL DEFAULT NULL,
  `RESULT_DOC_ID_` varchar(64) CHARACTER SET utf8 COLLATE utf8_bin NULL DEFAULT NULL,
  `TENANT_ID_` varchar(255) CHARACTER SET utf8 COLLATE utf8_bin NULL DEFAULT '',
  PRIMARY KEY (`ID_`) USING BTREE,
  INDEX `FLW_IDX_BATCH_PART`(`BATCH_ID_` ASC) USING BTREE,
  CONSTRAINT `FLW_FK_BATCH_PART_PARENT` FOREIGN KEY (`BATCH_ID_`) REFERENCES `flw_ru_batch` (`ID_`) ON DELETE RESTRICT ON UPDATE RESTRICT
) ENGINE = InnoDB CHARACTER SET = utf8 COLLATE = utf8_bin ROW_FORMAT = DYNAMIC;

-- ----------------------------
-- Records of flw_ru_batch_part
-- ----------------------------

-- ----------------------------
-- Table structure for gen_table
-- ----------------------------
DROP TABLE IF EXISTS `gen_table`;
CREATE TABLE `gen_table`  (
  `table_id` bigint NOT NULL COMMENT '编号',
  `table_name` varchar(200) CHARACTER SET utf8mb4 COLLATE utf8mb4_general_ci NULL DEFAULT '' COMMENT '表名称',
  `table_comment` varchar(500) CHARACTER SET utf8mb4 COLLATE utf8mb4_general_ci NULL DEFAULT '' COMMENT '表描述',
  `sub_table_name` varchar(64) CHARACTER SET utf8mb4 COLLATE utf8mb4_general_ci NULL DEFAULT NULL COMMENT '关联子表的表名',
  `sub_table_fk_name` varchar(64) CHARACTER SET utf8mb4 COLLATE utf8mb4_general_ci NULL DEFAULT NULL COMMENT '子表关联的外键名',
  `class_name` varchar(100) CHARACTER SET utf8mb4 COLLATE utf8mb4_general_ci NULL DEFAULT '' COMMENT '实体类名称',
  `tpl_category` varchar(200) CHARACTER SET utf8mb4 COLLATE utf8mb4_general_ci NULL DEFAULT 'crud' COMMENT '使用的模板（crud单表操作 tree树表操作）',
  `package_name` varchar(100) CHARACTER SET utf8mb4 COLLATE utf8mb4_general_ci NULL DEFAULT NULL COMMENT '生成包路径',
  `module_name` varchar(30) CHARACTER SET utf8mb4 COLLATE utf8mb4_general_ci NULL DEFAULT NULL COMMENT '生成模块名',
  `business_name` varchar(30) CHARACTER SET utf8mb4 COLLATE utf8mb4_general_ci NULL DEFAULT NULL COMMENT '生成业务名',
  `function_name` varchar(50) CHARACTER SET utf8mb4 COLLATE utf8mb4_general_ci NULL DEFAULT NULL COMMENT '生成功能名',
  `function_author` varchar(50) CHARACTER SET utf8mb4 COLLATE utf8mb4_general_ci NULL DEFAULT NULL COMMENT '生成功能作者',
  `gen_type` char(1) CHARACTER SET utf8mb4 COLLATE utf8mb4_general_ci NULL DEFAULT '0' COMMENT '生成代码方式（0zip压缩包 1自定义路径）',
  `gen_path` varchar(200) CHARACTER SET utf8mb4 COLLATE utf8mb4_general_ci NULL DEFAULT '/' COMMENT '生成路径（不填默认项目路径）',
  `options` varchar(1000) CHARACTER SET utf8mb4 COLLATE utf8mb4_general_ci NULL DEFAULT NULL COMMENT '其它生成选项',
  `create_by` varchar(64) CHARACTER SET utf8mb4 COLLATE utf8mb4_general_ci NULL DEFAULT '' COMMENT '创建者',
  `create_time` datetime NULL DEFAULT NULL COMMENT '创建时间',
  `update_by` varchar(64) CHARACTER SET utf8mb4 COLLATE utf8mb4_general_ci NULL DEFAULT '' COMMENT '更新者',
  `update_time` datetime NULL DEFAULT NULL COMMENT '更新时间',
  `remark` varchar(500) CHARACTER SET utf8mb4 COLLATE utf8mb4_general_ci NULL DEFAULT NULL COMMENT '备注',
  PRIMARY KEY (`table_id`) USING BTREE
) ENGINE = InnoDB CHARACTER SET = utf8mb4 COLLATE = utf8mb4_general_ci COMMENT = '代码生成业务表' ROW_FORMAT = DYNAMIC;

-- ----------------------------
-- Records of gen_table
-- ----------------------------
INSERT INTO `gen_table` VALUES (1823664373222572033, 'sys_user', '用户信息表', NULL, NULL, 'SysUser', 'crud', 'com.ruoyi.system', 'system', 'user', '用户信息', 'ruoyi', '0', '/', NULL, 'admin', '2023-09-05 13:58:09', 'admin', '2023-09-05 13:58:09', NULL);
INSERT INTO `gen_table` VALUES (1823664434216140802, 'sys_user_post', '用户与岗位关联表', NULL, NULL, 'SysUserPost', 'crud', 'com.ruoyi.system', 'system', 'userPost', '用户与岗位关联', 'ruoyi', '0', '/', NULL, 'admin', '2023-09-05 13:58:09', 'admin', '2023-09-05 13:58:09', NULL);
INSERT INTO `gen_table` VALUES (1823664434279055363, 'sys_user_role', '用户和角色关联表', NULL, NULL, 'SysUserRole', 'crud', 'com.ruoyi.system', 'system', 'userRole', '用户和角色关联', 'ruoyi', '0', '/', NULL, 'admin', '2023-09-05 13:58:09', 'admin', '2023-09-05 13:58:09', NULL);

-- ----------------------------
-- Table structure for gen_table_column
-- ----------------------------
DROP TABLE IF EXISTS `gen_table_column`;
CREATE TABLE `gen_table_column`  (
  `column_id` bigint NOT NULL COMMENT '编号',
  `table_id` bigint NULL DEFAULT NULL COMMENT '归属表编号',
  `column_name` varchar(200) CHARACTER SET utf8mb4 COLLATE utf8mb4_general_ci NULL DEFAULT NULL COMMENT '列名称',
  `column_comment` varchar(500) CHARACTER SET utf8mb4 COLLATE utf8mb4_general_ci NULL DEFAULT NULL COMMENT '列描述',
  `column_type` varchar(100) CHARACTER SET utf8mb4 COLLATE utf8mb4_general_ci NULL DEFAULT NULL COMMENT '列类型',
  `java_type` varchar(500) CHARACTER SET utf8mb4 COLLATE utf8mb4_general_ci NULL DEFAULT NULL COMMENT 'JAVA类型',
  `java_field` varchar(200) CHARACTER SET utf8mb4 COLLATE utf8mb4_general_ci NULL DEFAULT NULL COMMENT 'JAVA字段名',
  `is_pk` char(1) CHARACTER SET utf8mb4 COLLATE utf8mb4_general_ci NULL DEFAULT NULL COMMENT '是否主键（1是）',
  `is_increment` char(1) CHARACTER SET utf8mb4 COLLATE utf8mb4_general_ci NULL DEFAULT NULL COMMENT '是否自增（1是）',
  `is_required` char(1) CHARACTER SET utf8mb4 COLLATE utf8mb4_general_ci NULL DEFAULT NULL COMMENT '是否必填（1是）',
  `is_insert` char(1) CHARACTER SET utf8mb4 COLLATE utf8mb4_general_ci NULL DEFAULT NULL COMMENT '是否为插入字段（1是）',
  `is_edit` char(1) CHARACTER SET utf8mb4 COLLATE utf8mb4_general_ci NULL DEFAULT NULL COMMENT '是否编辑字段（1是）',
  `is_list` char(1) CHARACTER SET utf8mb4 COLLATE utf8mb4_general_ci NULL DEFAULT NULL COMMENT '是否列表字段（1是）',
  `is_query` char(1) CHARACTER SET utf8mb4 COLLATE utf8mb4_general_ci NULL DEFAULT NULL COMMENT '是否查询字段（1是）',
  `query_type` varchar(200) CHARACTER SET utf8mb4 COLLATE utf8mb4_general_ci NULL DEFAULT 'EQ' COMMENT '查询方式（等于、不等于、大于、小于、范围）',
  `html_type` varchar(200) CHARACTER SET utf8mb4 COLLATE utf8mb4_general_ci NULL DEFAULT NULL COMMENT '显示类型（文本框、文本域、下拉框、复选框、单选框、日期控件）',
  `dict_type` varchar(200) CHARACTER SET utf8mb4 COLLATE utf8mb4_general_ci NULL DEFAULT '' COMMENT '字典类型',
  `sort` int NULL DEFAULT NULL COMMENT '排序',
  `create_by` varchar(64) CHARACTER SET utf8mb4 COLLATE utf8mb4_general_ci NULL DEFAULT '' COMMENT '创建者',
  `create_time` datetime NULL DEFAULT NULL COMMENT '创建时间',
  `update_by` varchar(64) CHARACTER SET utf8mb4 COLLATE utf8mb4_general_ci NULL DEFAULT '' COMMENT '更新者',
  `update_time` datetime NULL DEFAULT NULL COMMENT '更新时间',
  PRIMARY KEY (`column_id`) USING BTREE
) ENGINE = InnoDB CHARACTER SET = utf8mb4 COLLATE = utf8mb4_general_ci COMMENT = '代码生成业务表字段' ROW_FORMAT = DYNAMIC;

-- ----------------------------
-- Records of gen_table_column
-- ----------------------------
INSERT INTO `gen_table_column` VALUES (1823664373289680898, 1823664373222572033, 'user_id', '用户ID', 'bigint', 'Long', 'userId', '1', '1', '1', NULL, '1', '1', NULL, 'EQ', 'input', '', 1, 'admin', '2024-08-14 18:14:03', 'admin', '2024-08-14 18:14:03');
INSERT INTO `gen_table_column` VALUES (1823664373289680899, 1823664373222572033, 'dept_id', '部门ID', 'bigint', 'Long', 'deptId', '0', '0', '1', '1', '1', '1', '1', 'EQ', 'input', '', 2, 'admin', '2024-08-14 18:14:03', 'admin', '2024-08-14 18:14:03');
INSERT INTO `gen_table_column` VALUES (1823664373289680900, 1823664373222572033, 'user_name', '用户账号', 'varchar(30)', 'String', 'userName', '0', '0', '1', '1', '1', '1', '1', 'LIKE', 'input', '', 3, 'admin', '2024-08-14 18:14:03', 'admin', '2024-08-14 18:14:03');
INSERT INTO `gen_table_column` VALUES (1823664373289680901, 1823664373222572033, 'nick_name', '用户昵称', 'varchar(30)', 'String', 'nickName', '0', '0', '1', '1', '1', '1', '1', 'LIKE', 'input', '', 4, 'admin', '2024-08-14 18:14:03', 'admin', '2024-08-14 18:14:03');
INSERT INTO `gen_table_column` VALUES (1823664373289680902, 1823664373222572033, 'user_type', '用户类型（sys_user系统用户）', 'varchar(10)', 'String', 'userType', '0', '0', '1', '1', '1', '1', '1', 'EQ', 'select', '', 5, 'admin', '2024-08-14 18:14:03', 'admin', '2024-08-14 18:14:03');
INSERT INTO `gen_table_column` VALUES (1823664373289680903, 1823664373222572033, 'email', '用户邮箱', 'varchar(50)', 'String', 'email', '0', '0', '1', '1', '1', '1', '1', 'EQ', 'input', '', 6, 'admin', '2024-08-14 18:14:03', 'admin', '2024-08-14 18:14:03');
INSERT INTO `gen_table_column` VALUES (1823664373289680904, 1823664373222572033, 'phonenumber', '手机号码', 'varchar(11)', 'String', 'phonenumber', '0', '0', '1', '1', '1', '1', '1', 'EQ', 'input', '', 7, 'admin', '2024-08-14 18:14:03', 'admin', '2024-08-14 18:14:03');
INSERT INTO `gen_table_column` VALUES (1823664373289680905, 1823664373222572033, 'sex', '用户性别（0男 1女 2未知）', 'char(1)', 'String', 'sex', '0', '0', '1', '1', '1', '1', '1', 'EQ', 'select', '', 8, 'admin', '2024-08-14 18:14:03', 'admin', '2024-08-14 18:14:03');
INSERT INTO `gen_table_column` VALUES (1823664373289680906, 1823664373222572033, 'avatar', '头像地址', 'varchar(100)', 'String', 'avatar', '0', '0', '1', '1', '1', '1', '1', 'EQ', 'input', '', 9, 'admin', '2024-08-14 18:14:03', 'admin', '2024-08-14 18:14:03');
INSERT INTO `gen_table_column` VALUES (1823664373289680907, 1823664373222572033, 'password', '密码', 'varchar(100)', 'String', 'password', '0', '0', '1', '1', '1', '1', '1', 'EQ', 'input', '', 10, 'admin', '2024-08-14 18:14:03', 'admin', '2024-08-14 18:14:03');
INSERT INTO `gen_table_column` VALUES (1823664373289680908, 1823664373222572033, 'status', '帐号状态（0正常 1停用）', 'char(1)', 'String', 'status', '0', '0', '1', '1', '1', '1', '1', 'EQ', 'radio', '', 11, 'admin', '2024-08-14 18:14:03', 'admin', '2024-08-14 18:14:03');
INSERT INTO `gen_table_column` VALUES (1823664373289680909, 1823664373222572033, 'del_flag', '删除标志（0代表存在 2代表删除）', 'char(1)', 'String', 'delFlag', '0', '0', NULL, NULL, NULL, NULL, NULL, 'EQ', 'input', '', 12, 'admin', '2024-08-14 18:14:03', 'admin', '2024-08-14 18:14:03');
INSERT INTO `gen_table_column` VALUES (1823664373289680910, 1823664373222572033, 'login_ip', '最后登录IP', 'varchar(128)', 'String', 'loginIp', '0', '0', '1', '1', '1', '1', '1', 'EQ', 'input', '', 13, 'admin', '2024-08-14 18:14:03', 'admin', '2024-08-14 18:14:03');
INSERT INTO `gen_table_column` VALUES (1823664373289680911, 1823664373222572033, 'login_date', '最后登录时间', 'datetime', 'Date', 'loginDate', '0', '0', '1', '1', '1', '1', '1', 'EQ', 'datetime', '', 14, 'admin', '2024-08-14 18:14:03', 'admin', '2024-08-14 18:14:03');
INSERT INTO `gen_table_column` VALUES (1823664373289680912, 1823664373222572033, 'create_by', '创建者', 'varchar(64)', 'String', 'createBy', '0', '0', NULL, NULL, NULL, NULL, NULL, 'EQ', 'input', '', 15, 'admin', '2024-08-14 18:14:03', 'admin', '2024-08-14 18:14:03');
INSERT INTO `gen_table_column` VALUES (1823664373289680913, 1823664373222572033, 'create_time', '创建时间', 'datetime', 'Date', 'createTime', '0', '0', NULL, NULL, NULL, NULL, NULL, 'EQ', 'datetime', '', 16, 'admin', '2024-08-14 18:14:03', 'admin', '2024-08-14 18:14:03');
INSERT INTO `gen_table_column` VALUES (1823664373289680914, 1823664373222572033, 'update_by', '更新者', 'varchar(64)', 'String', 'updateBy', '0', '0', NULL, NULL, NULL, NULL, NULL, 'EQ', 'input', '', 17, 'admin', '2024-08-14 18:14:03', 'admin', '2024-08-14 18:14:03');
INSERT INTO `gen_table_column` VALUES (1823664373289680915, 1823664373222572033, 'update_time', '更新时间', 'datetime', 'Date', 'updateTime', '0', '0', NULL, NULL, NULL, NULL, NULL, 'EQ', 'datetime', '', 18, 'admin', '2024-08-14 18:14:03', 'admin', '2024-08-14 18:14:03');
INSERT INTO `gen_table_column` VALUES (1823664373289680916, 1823664373222572033, 'remark', '备注', 'varchar(500)', 'String', 'remark', '0', '0', '1', '1', '1', '1', NULL, 'EQ', 'textarea', '', 19, 'admin', '2024-08-14 18:14:03', 'admin', '2024-08-14 18:14:03');
INSERT INTO `gen_table_column` VALUES (1823664434279055361, 1823664434216140802, 'user_id', '用户ID', 'bigint', 'Long', 'userId', '1', '0', '1', NULL, '1', '1', NULL, 'EQ', 'input', '', 1, 'admin', '2024-08-14 18:14:18', 'admin', '2024-08-14 18:14:18');
INSERT INTO `gen_table_column` VALUES (1823664434279055362, 1823664434216140802, 'post_id', '岗位ID', 'bigint', 'Long', 'postId', '1', '0', '1', NULL, '1', '1', NULL, 'EQ', 'input', '', 2, 'admin', '2024-08-14 18:14:18', 'admin', '2024-08-14 18:14:18');
INSERT INTO `gen_table_column` VALUES (1823664434341969922, 1823664434279055363, 'user_id', '用户ID', 'bigint', 'Long', 'userId', '1', '0', '1', NULL, '1', '1', NULL, 'EQ', 'input', '', 1, 'admin', '2024-08-14 18:14:18', 'admin', '2024-08-14 18:14:18');
INSERT INTO `gen_table_column` VALUES (1823664434341969923, 1823664434279055363, 'role_id', '角色ID', 'bigint', 'Long', 'roleId', '1', '0', '1', NULL, '1', '1', NULL, 'EQ', 'input', '', 2, 'admin', '2024-08-14 18:14:18', 'admin', '2024-08-14 18:14:18');

-- ----------------------------
-- Table structure for sys_config
-- ----------------------------
DROP TABLE IF EXISTS `sys_config`;
CREATE TABLE `sys_config`  (
  `config_id` bigint NOT NULL COMMENT '参数主键',
  `config_name` varchar(100) CHARACTER SET utf8mb4 COLLATE utf8mb4_general_ci NULL DEFAULT '' COMMENT '参数名称',
  `config_key` varchar(100) CHARACTER SET utf8mb4 COLLATE utf8mb4_general_ci NULL DEFAULT '' COMMENT '参数键名',
  `config_value` varchar(500) CHARACTER SET utf8mb4 COLLATE utf8mb4_general_ci NULL DEFAULT '' COMMENT '参数键值',
  `config_type` char(1) CHARACTER SET utf8mb4 COLLATE utf8mb4_general_ci NULL DEFAULT 'N' COMMENT '系统内置（Y是 N否）',
  `create_by` varchar(64) CHARACTER SET utf8mb4 COLLATE utf8mb4_general_ci NULL DEFAULT '' COMMENT '创建者',
  `create_time` datetime NULL DEFAULT NULL COMMENT '创建时间',
  `update_by` varchar(64) CHARACTER SET utf8mb4 COLLATE utf8mb4_general_ci NULL DEFAULT '' COMMENT '更新者',
  `update_time` datetime NULL DEFAULT NULL COMMENT '更新时间',
  `remark` varchar(500) CHARACTER SET utf8mb4 COLLATE utf8mb4_general_ci NULL DEFAULT NULL COMMENT '备注',
  PRIMARY KEY (`config_id`) USING BTREE
) ENGINE = InnoDB CHARACTER SET = utf8mb4 COLLATE = utf8mb4_general_ci COMMENT = '参数配置表' ROW_FORMAT = DYNAMIC;

-- ----------------------------
-- Records of sys_config
-- ----------------------------
INSERT INTO `sys_config` VALUES (1, '主框架页-默认皮肤样式名称', 'sys.index.skinName', 'skin-blue', 'Y', 'admin', '2023-08-15 16:28:37', '', NULL, '蓝色 skin-blue、绿色 skin-green、紫色 skin-purple、红色 skin-red、黄色 skin-yellow');
INSERT INTO `sys_config` VALUES (2, '用户管理-账号初始密码', 'sys.user.initPassword', '123456', 'Y', 'admin', '2023-08-15 16:28:37', '', NULL, '初始化密码 123456');
INSERT INTO `sys_config` VALUES (3, '主框架页-侧边栏主题', 'sys.index.sideTheme', 'theme-dark', 'Y', 'admin', '2023-08-15 16:28:37', '', NULL, '深色主题theme-dark，浅色主题theme-light');
INSERT INTO `sys_config` VALUES (4, '账号自助-验证码开关', 'sys.account.captchaEnabled', 'true', 'Y', 'admin', '2023-08-15 16:28:37', '', NULL, '是否开启验证码功能（true开启，false关闭）');
INSERT INTO `sys_config` VALUES (5, '账号自助-是否开启用户注册功能', 'sys.account.registerUser', 'false', 'Y', 'admin', '2023-08-15 16:28:37', '', NULL, '是否开启注册用户功能（true开启，false关闭）');
INSERT INTO `sys_config` VALUES (11, 'OSS预览列表资源开关', 'sys.oss.previewListResource', 'true', 'Y', 'admin', '2023-08-15 16:28:37', 'admin', '2024-01-12 23:38:25', 'true:开启, false:关闭');

-- ----------------------------
-- Table structure for sys_dept
-- ----------------------------
DROP TABLE IF EXISTS `sys_dept`;
CREATE TABLE `sys_dept`  (
  `dept_id` bigint NOT NULL COMMENT '部门id',
  `parent_id` bigint NULL DEFAULT 0 COMMENT '父部门id',
  `ancestors` varchar(500) CHARACTER SET utf8mb4 COLLATE utf8mb4_general_ci NULL DEFAULT '' COMMENT '祖级列表',
  `dept_name` varchar(30) CHARACTER SET utf8mb4 COLLATE utf8mb4_general_ci NULL DEFAULT '' COMMENT '部门名称',
  `order_num` int NULL DEFAULT 0 COMMENT '显示顺序',
  `leader` varchar(20) CHARACTER SET utf8mb4 COLLATE utf8mb4_general_ci NULL DEFAULT NULL COMMENT '负责人',
  `phone` varchar(11) CHARACTER SET utf8mb4 COLLATE utf8mb4_general_ci NULL DEFAULT NULL COMMENT '联系电话',
  `email` varchar(50) CHARACTER SET utf8mb4 COLLATE utf8mb4_general_ci NULL DEFAULT NULL COMMENT '邮箱',
  `status` char(1) CHARACTER SET utf8mb4 COLLATE utf8mb4_general_ci NULL DEFAULT '0' COMMENT '部门状态（0正常 1停用）',
  `del_flag` char(1) CHARACTER SET utf8mb4 COLLATE utf8mb4_general_ci NULL DEFAULT '0' COMMENT '删除标志（0代表存在 2代表删除）',
  `create_by` varchar(64) CHARACTER SET utf8mb4 COLLATE utf8mb4_general_ci NULL DEFAULT '' COMMENT '创建者',
  `create_time` datetime NULL DEFAULT NULL COMMENT '创建时间',
  `update_by` varchar(64) CHARACTER SET utf8mb4 COLLATE utf8mb4_general_ci NULL DEFAULT '' COMMENT '更新者',
  `update_time` datetime NULL DEFAULT NULL COMMENT '更新时间',
  PRIMARY KEY (`dept_id`) USING BTREE
) ENGINE = InnoDB CHARACTER SET = utf8mb4 COLLATE = utf8mb4_general_ci COMMENT = '部门表' ROW_FORMAT = DYNAMIC;

-- ----------------------------
-- Records of sys_dept
-- ----------------------------
INSERT INTO `sys_dept` VALUES (100, 0, '0', '若依科技', 0, '若依', '15888888888', 'ry@qq.com', '0', '0', 'admin', '2023-08-15 16:28:37', '', NULL);
INSERT INTO `sys_dept` VALUES (101, 100, '0,100', '深圳总公司', 1, '若依', '15888888888', 'ry@qq.com', '0', '0', 'admin', '2023-08-15 16:28:37', '', NULL);
INSERT INTO `sys_dept` VALUES (102, 100, '0,100', '长沙分公司', 2, '若依', '15888888888', 'ry@qq.com', '0', '0', 'admin', '2023-08-15 16:28:37', '', NULL);
INSERT INTO `sys_dept` VALUES (103, 101, '0,100,101', '研发部门', 1, '若依', '15888888888', 'ry@qq.com', '0', '0', 'admin', '2023-08-15 16:28:37', '', NULL);
INSERT INTO `sys_dept` VALUES (104, 101, '0,100,101', '市场部门', 2, '若依', '15888888888', 'ry@qq.com', '0', '0', 'admin', '2023-08-15 16:28:37', '', NULL);
INSERT INTO `sys_dept` VALUES (105, 101, '0,100,101', '测试部门', 3, '若依', '15888888888', 'ry@qq.com', '0', '0', 'admin', '2023-08-15 16:28:37', '', NULL);
INSERT INTO `sys_dept` VALUES (106, 101, '0,100,101', '财务部门', 4, '若依', '15888888888', 'ry@qq.com', '0', '0', 'admin', '2023-08-15 16:28:37', '', NULL);
INSERT INTO `sys_dept` VALUES (107, 101, '0,100,101', '运维部门', 5, '若依', '15888888888', 'ry@qq.com', '0', '0', 'admin', '2023-08-15 16:28:37', '', NULL);
INSERT INTO `sys_dept` VALUES (108, 102, '0,100,102', '市场部门', 1, '若依', '15888888888', 'ry@qq.com', '0', '0', 'admin', '2023-08-15 16:28:37', '', NULL);
INSERT INTO `sys_dept` VALUES (109, 102, '0,100,102', '财务部门', 2, '若依', '15888888888', 'ry@qq.com', '0', '0', 'admin', '2023-08-15 16:28:37', '', NULL);
INSERT INTO `sys_dept` VALUES (1737000531639414786, 109, '0,100,102,109', 'A', 1, '负责人1', '13479243656', '2918806788@qq.com', '0', '0', 'admin', '2023-12-19 14:42:53', 'admin', '2023-12-19 14:42:53');

-- ----------------------------
-- Table structure for sys_dict_data
-- ----------------------------
DROP TABLE IF EXISTS `sys_dict_data`;
CREATE TABLE `sys_dict_data`  (
  `dict_code` bigint NOT NULL COMMENT '字典编码',
  `dict_sort` int NULL DEFAULT 0 COMMENT '字典排序',
  `dict_label` varchar(100) CHARACTER SET utf8mb4 COLLATE utf8mb4_general_ci NULL DEFAULT '' COMMENT '字典标签',
  `dict_value` varchar(100) CHARACTER SET utf8mb4 COLLATE utf8mb4_general_ci NULL DEFAULT '' COMMENT '字典键值',
  `dict_type` varchar(100) CHARACTER SET utf8mb4 COLLATE utf8mb4_general_ci NULL DEFAULT '' COMMENT '字典类型',
  `css_class` varchar(100) CHARACTER SET utf8mb4 COLLATE utf8mb4_general_ci NULL DEFAULT NULL COMMENT '样式属性（其他样式扩展）',
  `list_class` varchar(100) CHARACTER SET utf8mb4 COLLATE utf8mb4_general_ci NULL DEFAULT NULL COMMENT '表格回显样式',
  `is_default` char(1) CHARACTER SET utf8mb4 COLLATE utf8mb4_general_ci NULL DEFAULT 'N' COMMENT '是否默认（Y是 N否）',
  `status` char(1) CHARACTER SET utf8mb4 COLLATE utf8mb4_general_ci NULL DEFAULT '0' COMMENT '状态（0正常 1停用）',
  `create_by` varchar(64) CHARACTER SET utf8mb4 COLLATE utf8mb4_general_ci NULL DEFAULT '' COMMENT '创建者',
  `create_time` datetime NULL DEFAULT NULL COMMENT '创建时间',
  `update_by` varchar(64) CHARACTER SET utf8mb4 COLLATE utf8mb4_general_ci NULL DEFAULT '' COMMENT '更新者',
  `update_time` datetime NULL DEFAULT NULL COMMENT '更新时间',
  `remark` varchar(500) CHARACTER SET utf8mb4 COLLATE utf8mb4_general_ci NULL DEFAULT NULL COMMENT '备注',
  PRIMARY KEY (`dict_code`) USING BTREE
) ENGINE = InnoDB CHARACTER SET = utf8mb4 COLLATE = utf8mb4_general_ci COMMENT = '字典数据表' ROW_FORMAT = DYNAMIC;

-- ----------------------------
-- Records of sys_dict_data
-- ----------------------------
INSERT INTO `sys_dict_data` VALUES (1, 1, '男', '0', 'sys_user_sex', '', '', 'Y', '0', 'admin', '2023-08-15 16:28:37', '', NULL, '性别男');
INSERT INTO `sys_dict_data` VALUES (2, 2, '女', '1', 'sys_user_sex', '', '', 'N', '0', 'admin', '2023-08-15 16:28:37', '', NULL, '性别女');
INSERT INTO `sys_dict_data` VALUES (3, 3, '未知', '2', 'sys_user_sex', '', '', 'N', '0', 'admin', '2023-08-15 16:28:37', '', NULL, '性别未知');
INSERT INTO `sys_dict_data` VALUES (4, 1, '显示', '0', 'sys_show_hide', '', 'primary', 'Y', '0', 'admin', '2023-08-15 16:28:37', '', NULL, '显示菜单');
INSERT INTO `sys_dict_data` VALUES (5, 2, '隐藏', '1', 'sys_show_hide', '', 'danger', 'N', '0', 'admin', '2023-08-15 16:28:37', '', NULL, '隐藏菜单');
INSERT INTO `sys_dict_data` VALUES (6, 1, '正常', '0', 'sys_normal_disable', '', 'primary', 'Y', '0', 'admin', '2023-08-15 16:28:37', '', NULL, '正常状态');
INSERT INTO `sys_dict_data` VALUES (7, 2, '停用', '1', 'sys_normal_disable', '', 'danger', 'N', '0', 'admin', '2023-08-15 16:28:37', '', NULL, '停用状态');
INSERT INTO `sys_dict_data` VALUES (12, 1, '是', 'Y', 'sys_yes_no', '', 'primary', 'Y', '0', 'admin', '2023-08-15 16:28:37', '', NULL, '系统默认是');
INSERT INTO `sys_dict_data` VALUES (13, 2, '否', 'N', 'sys_yes_no', '', 'danger', 'N', '0', 'admin', '2023-08-15 16:28:37', '', NULL, '系统默认否');
INSERT INTO `sys_dict_data` VALUES (14, 1, '通知', '1', 'sys_notice_type', '', 'warning', 'Y', '0', 'admin', '2023-08-15 16:28:37', '', NULL, '通知');
INSERT INTO `sys_dict_data` VALUES (15, 2, '公告', '2', 'sys_notice_type', '', 'success', 'N', '0', 'admin', '2023-08-15 16:28:37', '', NULL, '公告');
INSERT INTO `sys_dict_data` VALUES (16, 1, '正常', '0', 'sys_notice_status', '', 'primary', 'Y', '0', 'admin', '2023-08-15 16:28:37', '', NULL, '正常状态');
INSERT INTO `sys_dict_data` VALUES (17, 2, '关闭', '1', 'sys_notice_status', '', 'danger', 'N', '0', 'admin', '2023-08-15 16:28:37', '', NULL, '关闭状态');
INSERT INTO `sys_dict_data` VALUES (18, 1, '新增', '1', 'sys_oper_type', '', 'info', 'N', '0', 'admin', '2023-08-15 16:28:37', '', NULL, '新增操作');
INSERT INTO `sys_dict_data` VALUES (19, 2, '修改', '2', 'sys_oper_type', '', 'info', 'N', '0', 'admin', '2023-08-15 16:28:37', '', NULL, '修改操作');
INSERT INTO `sys_dict_data` VALUES (20, 3, '删除', '3', 'sys_oper_type', '', 'danger', 'N', '0', 'admin', '2023-08-15 16:28:37', '', NULL, '删除操作');
INSERT INTO `sys_dict_data` VALUES (21, 4, '授权', '4', 'sys_oper_type', '', 'primary', 'N', '0', 'admin', '2023-08-15 16:28:37', '', NULL, '授权操作');
INSERT INTO `sys_dict_data` VALUES (22, 5, '导出', '5', 'sys_oper_type', '', 'warning', 'N', '0', 'admin', '2023-08-15 16:28:37', '', NULL, '导出操作');
INSERT INTO `sys_dict_data` VALUES (23, 6, '导入', '6', 'sys_oper_type', '', 'warning', 'N', '0', 'admin', '2023-08-15 16:28:37', '', NULL, '导入操作');
INSERT INTO `sys_dict_data` VALUES (24, 7, '强退', '7', 'sys_oper_type', '', 'danger', 'N', '0', 'admin', '2023-08-15 16:28:37', '', NULL, '强退操作');
INSERT INTO `sys_dict_data` VALUES (25, 8, '生成代码', '8', 'sys_oper_type', '', 'warning', 'N', '0', 'admin', '2023-08-15 16:28:37', '', NULL, '生成操作');
INSERT INTO `sys_dict_data` VALUES (26, 9, '清空数据', '9', 'sys_oper_type', '', 'danger', 'N', '0', 'admin', '2023-08-15 16:28:37', '', NULL, '清空操作');
INSERT INTO `sys_dict_data` VALUES (27, 1, '成功', '0', 'sys_common_status', '', 'primary', 'N', '0', 'admin', '2023-08-15 16:28:37', '', NULL, '正常状态');
INSERT INTO `sys_dict_data` VALUES (28, 2, '失败', '1', 'sys_common_status', '', 'danger', 'N', '0', 'admin', '2023-08-15 16:28:37', '', NULL, '停用状态');
INSERT INTO `sys_dict_data` VALUES (29, 99, '其他', '0', 'sys_oper_type', '', 'info', 'N', '0', 'admin', '2023-08-15 16:28:37', '', NULL, '其他操作');
INSERT INTO `sys_dict_data` VALUES (30, 1, '进行中', 'running', 'wf_process_status', '', 'primary', 'N', '0', 'admin', '2023-08-15 16:28:37', '', NULL, '进行中状态');
INSERT INTO `sys_dict_data` VALUES (31, 2, '已终止', 'terminated', 'wf_process_status', '', 'danger', 'N', '0', 'admin', '2023-08-15 16:28:37', '', NULL, '已终止状态');
INSERT INTO `sys_dict_data` VALUES (32, 3, '已完成', 'completed', 'wf_process_status', '', 'success', 'N', '0', 'admin', '2023-08-15 16:28:37', '', NULL, '已完成状态');
INSERT INTO `sys_dict_data` VALUES (33, 4, '已取消', 'canceled', 'wf_process_status', '', 'warning', 'N', '0', 'admin', '2023-08-15 16:28:37', '', NULL, '已取消状态');

-- ----------------------------
-- Table structure for sys_dict_type
-- ----------------------------
DROP TABLE IF EXISTS `sys_dict_type`;
CREATE TABLE `sys_dict_type`  (
  `dict_id` bigint NOT NULL COMMENT '字典主键',
  `dict_name` varchar(100) CHARACTER SET utf8mb4 COLLATE utf8mb4_general_ci NULL DEFAULT '' COMMENT '字典名称',
  `dict_type` varchar(100) CHARACTER SET utf8mb4 COLLATE utf8mb4_general_ci NULL DEFAULT '' COMMENT '字典类型',
  `status` char(1) CHARACTER SET utf8mb4 COLLATE utf8mb4_general_ci NULL DEFAULT '0' COMMENT '状态（0正常 1停用）',
  `create_by` varchar(64) CHARACTER SET utf8mb4 COLLATE utf8mb4_general_ci NULL DEFAULT '' COMMENT '创建者',
  `create_time` datetime NULL DEFAULT NULL COMMENT '创建时间',
  `update_by` varchar(64) CHARACTER SET utf8mb4 COLLATE utf8mb4_general_ci NULL DEFAULT '' COMMENT '更新者',
  `update_time` datetime NULL DEFAULT NULL COMMENT '更新时间',
  `remark` varchar(500) CHARACTER SET utf8mb4 COLLATE utf8mb4_general_ci NULL DEFAULT NULL COMMENT '备注',
  PRIMARY KEY (`dict_id`) USING BTREE,
  UNIQUE INDEX `dict_type`(`dict_type` ASC) USING BTREE
) ENGINE = InnoDB CHARACTER SET = utf8mb4 COLLATE = utf8mb4_general_ci COMMENT = '字典类型表' ROW_FORMAT = DYNAMIC;

-- ----------------------------
-- Records of sys_dict_type
-- ----------------------------
INSERT INTO `sys_dict_type` VALUES (1, '用户性别', 'sys_user_sex', '0', 'admin', '2023-08-15 16:28:37', 'admin', '2024-04-01 16:51:59', '用户性别列表');
INSERT INTO `sys_dict_type` VALUES (2, '菜单状态', 'sys_show_hide', '0', 'admin', '2023-08-15 16:28:37', '', NULL, '菜单状态列表');
INSERT INTO `sys_dict_type` VALUES (3, '系统开关', 'sys_normal_disable', '0', 'admin', '2023-08-15 16:28:37', '', NULL, '系统开关列表');
INSERT INTO `sys_dict_type` VALUES (6, '系统是否', 'sys_yes_no', '0', 'admin', '2023-08-15 16:28:37', '', NULL, '系统是否列表');
INSERT INTO `sys_dict_type` VALUES (7, '通知类型', 'sys_notice_type', '0', 'admin', '2023-08-15 16:28:37', '', NULL, '通知类型列表');
INSERT INTO `sys_dict_type` VALUES (8, '通知状态', 'sys_notice_status', '0', 'admin', '2023-08-15 16:28:37', '', NULL, '通知状态列表');
INSERT INTO `sys_dict_type` VALUES (9, '操作类型', 'sys_oper_type', '0', 'admin', '2023-08-15 16:28:37', '', NULL, '操作类型列表');
INSERT INTO `sys_dict_type` VALUES (10, '系统状态', 'sys_common_status', '0', 'admin', '2023-08-15 16:28:37', '', NULL, '登录状态列表');
INSERT INTO `sys_dict_type` VALUES (11, '流程状态', 'wf_process_status', '0', 'admin', '2023-08-15 16:28:37', '', NULL, '工作流程状态');
INSERT INTO `sys_dict_type` VALUES (1774721463820693505, '用户编号', 'sys_user_num', '0', 'admin', '2024-04-01 16:52:24', 'admin', '2024-04-01 16:52:24', '用户序号');

-- ----------------------------
-- Table structure for sys_logininfor
-- ----------------------------
DROP TABLE IF EXISTS `sys_logininfor`;
CREATE TABLE `sys_logininfor`  (
  `info_id` bigint NOT NULL COMMENT '访问ID',
  `user_name` varchar(50) CHARACTER SET utf8mb4 COLLATE utf8mb4_general_ci NULL DEFAULT '' COMMENT '用户账号',
  `ipaddr` varchar(128) CHARACTER SET utf8mb4 COLLATE utf8mb4_general_ci NULL DEFAULT '' COMMENT '登录IP地址',
  `login_location` varchar(255) CHARACTER SET utf8mb4 COLLATE utf8mb4_general_ci NULL DEFAULT '' COMMENT '登录地点',
  `browser` varchar(50) CHARACTER SET utf8mb4 COLLATE utf8mb4_general_ci NULL DEFAULT '' COMMENT '浏览器类型',
  `os` varchar(50) CHARACTER SET utf8mb4 COLLATE utf8mb4_general_ci NULL DEFAULT '' COMMENT '操作系统',
  `status` char(1) CHARACTER SET utf8mb4 COLLATE utf8mb4_general_ci NULL DEFAULT '0' COMMENT '登录状态（0成功 1失败）',
  `msg` varchar(255) CHARACTER SET utf8mb4 COLLATE utf8mb4_general_ci NULL DEFAULT '' COMMENT '提示消息',
  `login_time` datetime NULL DEFAULT NULL COMMENT '访问时间',
  PRIMARY KEY (`info_id`) USING BTREE
) ENGINE = InnoDB CHARACTER SET = utf8mb4 COLLATE = utf8mb4_general_ci COMMENT = '系统访问记录' ROW_FORMAT = DYNAMIC;

-- ----------------------------
-- Records of sys_logininfor
-- ----------------------------
INSERT INTO `sys_logininfor` VALUES (1691369446553915394, 'bg', '127.0.0.1', '内网IP', 'Chrome', 'Windows 10 or Windows Server 2016', '0', '退出成功', '2023-08-15 16:41:15');
INSERT INTO `sys_logininfor` VALUES (1691369576132743170, 'admin', '127.0.0.1', '内网IP', 'Chrome', 'Windows 10 or Windows Server 2016', '0', '登录成功', '2023-08-15 16:41:46');
INSERT INTO `sys_logininfor` VALUES (1698941217838600193, 'admin', '127.0.0.1', '内网IP', 'Chrome', 'Windows 10 or Windows Server 2016', '0', '退出成功', '2023-09-05 14:08:46');
INSERT INTO `sys_logininfor` VALUES (1698941455680802817, 'cb', '127.0.0.1', '内网IP', 'Chrome', 'Windows 10 or Windows Server 2016', '0', '登录成功', '2023-09-05 14:09:43');
INSERT INTO `sys_logininfor` VALUES (1698942522929844226, 'cb', '127.0.0.1', '内网IP', 'Chrome', 'Windows 10 or Windows Server 2016', '0', '退出成功', '2023-09-05 14:13:57');
INSERT INTO `sys_logininfor` VALUES (1698942587224330242, 'ry', '127.0.0.1', '内网IP', 'Chrome', 'Windows 10 or Windows Server 2016', '0', '登录成功', '2023-09-05 14:14:12');
INSERT INTO `sys_logininfor` VALUES (1698942650751258626, 'ry', '127.0.0.1', '内网IP', 'Chrome', 'Windows 10 or Windows Server 2016', '0', '退出成功', '2023-09-05 14:14:27');
INSERT INTO `sys_logininfor` VALUES (1698942695689031682, 'bg', '127.0.0.1', '内网IP', 'Chrome', 'Windows 10 or Windows Server 2016', '0', '登录成功', '2023-09-05 14:14:38');
INSERT INTO `sys_logininfor` VALUES (1698942746863734786, 'bg', '127.0.0.1', '内网IP', 'Chrome', 'Windows 10 or Windows Server 2016', '0', '退出成功', '2023-09-05 14:14:50');
INSERT INTO `sys_logininfor` VALUES (1698943235538014210, 'admin', '127.0.0.1', '内网IP', 'Chrome', 'Windows 10 or Windows Server 2016', '1', '验证码已失效', '2023-09-05 14:16:47');
INSERT INTO `sys_logininfor` VALUES (1698943270656921601, 'admin', '127.0.0.1', '内网IP', 'Chrome', 'Windows 10 or Windows Server 2016', '0', '登录成功', '2023-09-05 14:16:55');
INSERT INTO `sys_logininfor` VALUES (1698943583648468994, 'admin', '127.0.0.1', '内网IP', 'Chrome', 'Windows 10 or Windows Server 2016', '0', '退出成功', '2023-09-05 14:18:10');
INSERT INTO `sys_logininfor` VALUES (1698943636995821569, 'bg', '127.0.0.1', '内网IP', 'Chrome', 'Windows 10 or Windows Server 2016', '0', '登录成功', '2023-09-05 14:18:23');
INSERT INTO `sys_logininfor` VALUES (1698943730549772289, 'bg', '127.0.0.1', '内网IP', 'Chrome', 'Windows 10 or Windows Server 2016', '0', '退出成功', '2023-09-05 14:18:45');
INSERT INTO `sys_logininfor` VALUES (1698943753727496193, 'admin', '127.0.0.1', '内网IP', 'Chrome', 'Windows 10 or Windows Server 2016', '0', '登录成功', '2023-09-05 14:18:50');
INSERT INTO `sys_logininfor` VALUES (1698946068798763009, 'admin', '127.0.0.1', '内网IP', 'Chrome', 'Windows 10 or Windows Server 2016', '0', '退出成功', '2023-09-05 14:28:02');
INSERT INTO `sys_logininfor` VALUES (1698946141976784897, 'bg', '127.0.0.1', '内网IP', 'Chrome', 'Windows 10 or Windows Server 2016', '0', '登录成功', '2023-09-05 14:28:20');
INSERT INTO `sys_logininfor` VALUES (1698946316749123586, 'bg', '127.0.0.1', '内网IP', 'Chrome', 'Windows 10 or Windows Server 2016', '0', '退出成功', '2023-09-05 14:29:01');
INSERT INTO `sys_logininfor` VALUES (1698946367839940609, 'ry', '127.0.0.1', '内网IP', 'Chrome', 'Windows 10 or Windows Server 2016', '1', '密码输入错误1次', '2023-09-05 14:29:14');
INSERT INTO `sys_logininfor` VALUES (1698946426010742786, 'ry', '127.0.0.1', '内网IP', 'Chrome', 'Windows 10 or Windows Server 2016', '0', '登录成功', '2023-09-05 14:29:28');
INSERT INTO `sys_logininfor` VALUES (1698971465762353153, 'bg', '127.0.0.1', '内网IP', 'Chrome', 'Windows 10 or Windows Server 2016', '0', '登录成功', '2023-09-05 16:08:57');
INSERT INTO `sys_logininfor` VALUES (1698980686503489537, 'admin', '127.0.0.1', '内网IP', 'Chrome', 'Windows 10 or Windows Server 2016', '0', '登录成功', '2023-09-05 16:45:36');
INSERT INTO `sys_logininfor` VALUES (1699235827794276354, 'admin', '127.0.0.1', '内网IP', 'Chrome', 'Windows 10 or Windows Server 2016', '0', '登录成功', '2023-09-06 09:39:26');
INSERT INTO `sys_logininfor` VALUES (1699236749383528449, 'admin', '127.0.0.1', '内网IP', 'Chrome', 'Windows 10 or Windows Server 2016', '0', '退出成功', '2023-09-06 09:43:06');
INSERT INTO `sys_logininfor` VALUES (1699236820003024897, 'ry', '127.0.0.1', '内网IP', 'Chrome', 'Windows 10 or Windows Server 2016', '0', '登录成功', '2023-09-06 09:43:23');
INSERT INTO `sys_logininfor` VALUES (1699236879805411329, 'ry', '127.0.0.1', '内网IP', 'Chrome', 'Windows 10 or Windows Server 2016', '0', '退出成功', '2023-09-06 09:43:37');
INSERT INTO `sys_logininfor` VALUES (1699236926198607873, 'cb', '127.0.0.1', '内网IP', 'Chrome', 'Windows 10 or Windows Server 2016', '0', '登录成功', '2023-09-06 09:43:48');
INSERT INTO `sys_logininfor` VALUES (1699238299128524801, 'cb', '127.0.0.1', '内网IP', 'Chrome', 'Windows 10 or Windows Server 2016', '0', '退出成功', '2023-09-06 09:49:15');
INSERT INTO `sys_logininfor` VALUES (1699238372797280258, 'ry', '127.0.0.1', '内网IP', 'Chrome', 'Windows 10 or Windows Server 2016', '0', '登录成功', '2023-09-06 09:49:33');
INSERT INTO `sys_logininfor` VALUES (1699238968921124866, 'ry', '127.0.0.1', '内网IP', 'Chrome', 'Windows 10 or Windows Server 2016', '0', '退出成功', '2023-09-06 09:51:55');
INSERT INTO `sys_logininfor` VALUES (1699239028316663810, 'xmg', '127.0.0.1', '内网IP', 'Chrome', 'Windows 10 or Windows Server 2016', '0', '登录成功', '2023-09-06 09:52:09');
INSERT INTO `sys_logininfor` VALUES (1699239128078184449, 'xmg', '127.0.0.1', '内网IP', 'Chrome', 'Windows 10 or Windows Server 2016', '0', '退出成功', '2023-09-06 09:52:33');
INSERT INTO `sys_logininfor` VALUES (1699239178187534338, 'bg', '127.0.0.1', '内网IP', 'Chrome', 'Windows 10 or Windows Server 2016', '1', '密码输入错误1次', '2023-09-06 09:52:45');
INSERT INTO `sys_logininfor` VALUES (1699239202707435522, 'bg', '127.0.0.1', '内网IP', 'Chrome', 'Windows 10 or Windows Server 2016', '1', '验证码错误', '2023-09-06 09:52:51');
INSERT INTO `sys_logininfor` VALUES (1699239221791518721, 'bg', '127.0.0.1', '内网IP', 'Chrome', 'Windows 10 or Windows Server 2016', '0', '登录成功', '2023-09-06 09:52:55');
INSERT INTO `sys_logininfor` VALUES (1699240850578173953, 'bg', '127.0.0.1', '内网IP', 'Chrome', 'Windows 10 or Windows Server 2016', '0', '退出成功', '2023-09-06 09:59:24');
INSERT INTO `sys_logininfor` VALUES (1699240935777071106, 'bg', '127.0.0.1', '内网IP', 'Chrome', 'Windows 10 or Windows Server 2016', '0', '登录成功', '2023-09-06 09:59:44');
INSERT INTO `sys_logininfor` VALUES (1699331946368954369, 'admin', '127.0.0.1', '内网IP', 'Chrome', 'Windows 10 or Windows Server 2016', '0', '登录成功', '2023-09-06 16:01:23');
INSERT INTO `sys_logininfor` VALUES (1699342949374623745, 'admin', '127.0.0.1', '内网IP', 'Chrome', 'Windows 10 or Windows Server 2016', '0', '退出成功', '2023-09-06 16:45:06');
INSERT INTO `sys_logininfor` VALUES (1699343154891382786, 'admin', '127.0.0.1', '内网IP', 'Chrome', 'Windows 10 or Windows Server 2016', '0', '登录成功', '2023-09-06 16:45:55');
INSERT INTO `sys_logininfor` VALUES (1699346363961806849, 'admin', '127.0.0.1', '内网IP', 'Chrome', 'Windows 10 or Windows Server 2016', '0', '退出成功', '2023-09-06 16:58:40');
INSERT INTO `sys_logininfor` VALUES (1699346408912162818, 'ry', '127.0.0.1', '内网IP', 'Chrome', 'Windows 10 or Windows Server 2016', '1', '验证码错误', '2023-09-06 16:58:51');
INSERT INTO `sys_logininfor` VALUES (1699346421134364673, 'ry', '127.0.0.1', '内网IP', 'Chrome', 'Windows 10 or Windows Server 2016', '0', '登录成功', '2023-09-06 16:58:54');
INSERT INTO `sys_logininfor` VALUES (1699346502566776833, 'ry', '127.0.0.1', '内网IP', 'Chrome', 'Windows 10 or Windows Server 2016', '0', '退出成功', '2023-09-06 16:59:13');
INSERT INTO `sys_logininfor` VALUES (1699346557814149121, 'bg', '127.0.0.1', '内网IP', 'Chrome', 'Windows 10 or Windows Server 2016', '0', '登录成功', '2023-09-06 16:59:26');
INSERT INTO `sys_logininfor` VALUES (1699346647131852801, 'bg', '127.0.0.1', '内网IP', 'Chrome', 'Windows 10 or Windows Server 2016', '0', '退出成功', '2023-09-06 16:59:48');
INSERT INTO `sys_logininfor` VALUES (1699346664949256193, 'admin', '127.0.0.1', '内网IP', 'Chrome', 'Windows 10 or Windows Server 2016', '0', '登录成功', '2023-09-06 16:59:52');
INSERT INTO `sys_logininfor` VALUES (1699347492258942977, 'admin', '127.0.0.1', '内网IP', 'Chrome', 'Windows 10 or Windows Server 2016', '0', '退出成功', '2023-09-06 17:03:09');
INSERT INTO `sys_logininfor` VALUES (1699347546294161409, 'ry', '127.0.0.1', '内网IP', 'Chrome', 'Windows 10 or Windows Server 2016', '0', '登录成功', '2023-09-06 17:03:22');
INSERT INTO `sys_logininfor` VALUES (1699347576442818562, 'ry', '127.0.0.1', '内网IP', 'Chrome', 'Windows 10 or Windows Server 2016', '0', '退出成功', '2023-09-06 17:03:29');
INSERT INTO `sys_logininfor` VALUES (1699347612392198145, 'bg', '127.0.0.1', '内网IP', 'Chrome', 'Windows 10 or Windows Server 2016', '0', '登录成功', '2023-09-06 17:03:38');
INSERT INTO `sys_logininfor` VALUES (1699584108760129537, 'admin', '127.0.0.1', '内网IP', 'Chrome', 'Windows 10 or Windows Server 2016', '0', '登录成功', '2023-09-07 08:43:23');
INSERT INTO `sys_logininfor` VALUES (1699593185670189057, 'admin', '127.0.0.1', '内网IP', 'Chrome', 'Windows 10 or Windows Server 2016', '0', '登录成功', '2023-09-07 09:19:27');
INSERT INTO `sys_logininfor` VALUES (1699605761565016065, 'admin', '127.0.0.1', '内网IP', 'Chrome', 'Windows 10 or Windows Server 2016', '0', '退出成功', '2023-09-07 10:09:25');
INSERT INTO `sys_logininfor` VALUES (1699605819547074562, 'bg', '127.0.0.1', '内网IP', 'Chrome', 'Windows 10 or Windows Server 2016', '0', '登录成功', '2023-09-07 10:09:39');
INSERT INTO `sys_logininfor` VALUES (1699605995238080513, 'bg', '127.0.0.1', '内网IP', 'Chrome', 'Windows 10 or Windows Server 2016', '0', '退出成功', '2023-09-07 10:10:21');
INSERT INTO `sys_logininfor` VALUES (1699606017799241729, 'admin', '127.0.0.1', '内网IP', 'Chrome', 'Windows 10 or Windows Server 2016', '0', '登录成功', '2023-09-07 10:10:26');
INSERT INTO `sys_logininfor` VALUES (1699610096470556674, 'admin', '127.0.0.1', '内网IP', 'Chrome', 'Windows 10 or Windows Server 2016', '0', '退出成功', '2023-09-07 10:26:39');
INSERT INTO `sys_logininfor` VALUES (1699610144294010881, 'bg', '127.0.0.1', '内网IP', 'Chrome', 'Windows 10 or Windows Server 2016', '0', '登录成功', '2023-09-07 10:26:50');
INSERT INTO `sys_logininfor` VALUES (1699610223859957761, 'bg', '127.0.0.1', '内网IP', 'Chrome', 'Windows 10 or Windows Server 2016', '0', '退出成功', '2023-09-07 10:27:09');
INSERT INTO `sys_logininfor` VALUES (1699610243250225153, 'admin', '127.0.0.1', '内网IP', 'Chrome', 'Windows 10 or Windows Server 2016', '0', '登录成功', '2023-09-07 10:27:14');
INSERT INTO `sys_logininfor` VALUES (1699611469798875138, 'admin', '127.0.0.1', '内网IP', 'Chrome', 'Windows 10 or Windows Server 2016', '0', '退出成功', '2023-09-07 10:32:06');
INSERT INTO `sys_logininfor` VALUES (1699611525180465154, 'bg', '127.0.0.1', '内网IP', 'Chrome', 'Windows 10 or Windows Server 2016', '0', '登录成功', '2023-09-07 10:32:20');
INSERT INTO `sys_logininfor` VALUES (1699618995474931713, 'bg', '127.0.0.1', '内网IP', 'Chrome', 'Windows 10 or Windows Server 2016', '0', '退出成功', '2023-09-07 11:02:01');
INSERT INTO `sys_logininfor` VALUES (1699619095202897922, 'ry', '127.0.0.1', '内网IP', 'Chrome', 'Windows 10 or Windows Server 2016', '0', '登录成功', '2023-09-07 11:02:24');
INSERT INTO `sys_logininfor` VALUES (1699653052292268033, 'admin', '127.0.0.1', '内网IP', 'Chrome', 'Windows 10 or Windows Server 2016', '0', '登录成功', '2023-09-07 13:17:20');
INSERT INTO `sys_logininfor` VALUES (1699653345981628417, 'admin', '127.0.0.1', '内网IP', 'Chrome', 'Windows 10 or Windows Server 2016', '0', '退出成功', '2023-09-07 13:18:30');
INSERT INTO `sys_logininfor` VALUES (1699653665663090689, 'bg', '127.0.0.1', '内网IP', 'Chrome', 'Windows 10 or Windows Server 2016', '0', '登录成功', '2023-09-07 13:19:47');
INSERT INTO `sys_logininfor` VALUES (1699653709866860545, 'bg', '127.0.0.1', '内网IP', 'Chrome', 'Windows 10 or Windows Server 2016', '0', '退出成功', '2023-09-07 13:19:57');
INSERT INTO `sys_logininfor` VALUES (1699653769031712770, 'ry', '127.0.0.1', '内网IP', 'Chrome', 'Windows 10 or Windows Server 2016', '1', '密码输入错误1次', '2023-09-07 13:20:11');
INSERT INTO `sys_logininfor` VALUES (1699653805056589826, 'ry', '127.0.0.1', '内网IP', 'Chrome', 'Windows 10 or Windows Server 2016', '1', '验证码错误', '2023-09-07 13:20:20');
INSERT INTO `sys_logininfor` VALUES (1699653825759674370, 'ry', '127.0.0.1', '内网IP', 'Chrome', 'Windows 10 or Windows Server 2016', '0', '登录成功', '2023-09-07 13:20:25');
INSERT INTO `sys_logininfor` VALUES (1699970386823462914, 'admin', '127.0.0.1', '内网IP', 'Chrome', 'Windows 10 or Windows Server 2016', '0', '登录成功', '2023-09-08 10:18:19');
INSERT INTO `sys_logininfor` VALUES (1699971263961481218, 'admin', '127.0.0.1', '内网IP', 'Chrome', 'Windows 10 or Windows Server 2016', '0', '退出成功', '2023-09-08 10:21:48');
INSERT INTO `sys_logininfor` VALUES (1699971330407645186, 'xmg', '127.0.0.1', '内网IP', 'Chrome', 'Windows 10 or Windows Server 2016', '0', '登录成功', '2023-09-08 10:22:04');
INSERT INTO `sys_logininfor` VALUES (1700011949746274306, 'admin', '127.0.0.1', '内网IP', 'Chrome', 'Windows 10 or Windows Server 2016', '1', '验证码已失效', '2023-09-08 13:03:28');
INSERT INTO `sys_logininfor` VALUES (1700011977940385794, 'admin', '127.0.0.1', '内网IP', 'Chrome', 'Windows 10 or Windows Server 2016', '0', '登录成功', '2023-09-08 13:03:35');
INSERT INTO `sys_logininfor` VALUES (1700012131162505217, 'admin', '127.0.0.1', '内网IP', 'Chrome', 'Windows 10 or Windows Server 2016', '0', '退出成功', '2023-09-08 13:04:11');
INSERT INTO `sys_logininfor` VALUES (1700012194379055105, 'ry', '127.0.0.1', '内网IP', 'Chrome', 'Windows 10 or Windows Server 2016', '0', '登录成功', '2023-09-08 13:04:27');
INSERT INTO `sys_logininfor` VALUES (1700012447077482497, 'ry', '127.0.0.1', '内网IP', 'Chrome', 'Windows 10 or Windows Server 2016', '0', '退出成功', '2023-09-08 13:05:27');
INSERT INTO `sys_logininfor` VALUES (1700012501582462977, 'cb', '127.0.0.1', '内网IP', 'Chrome', 'Windows 10 or Windows Server 2016', '0', '登录成功', '2023-09-08 13:05:40');
INSERT INTO `sys_logininfor` VALUES (1700042426104389634, 'admin', '127.0.0.1', '内网IP', 'Chrome', 'Windows 10 or Windows Server 2016', '0', '登录成功', '2023-09-08 15:04:34');
INSERT INTO `sys_logininfor` VALUES (1701042613148786690, 'admin', '127.0.0.1', '内网IP', 'MSEdge', 'Windows 10 or Windows Server 2016', '0', '登录成功', '2023-09-11 09:18:57');
INSERT INTO `sys_logininfor` VALUES (1701043200930160642, 'admin', '127.0.0.1', '内网IP', 'MSEdge', 'Windows 10 or Windows Server 2016', '0', '退出成功', '2023-09-11 09:21:18');
INSERT INTO `sys_logininfor` VALUES (1701043240985763841, 'xmg', '127.0.0.1', '内网IP', 'MSEdge', 'Windows 10 or Windows Server 2016', '0', '登录成功', '2023-09-11 09:21:27');
INSERT INTO `sys_logininfor` VALUES (1701052159967698946, 'admin', '127.0.0.1', '内网IP', 'MSEdge', 'Windows 10 or Windows Server 2016', '0', '登录成功', '2023-09-11 09:56:54');
INSERT INTO `sys_logininfor` VALUES (1701073775779086338, 'admin', '127.0.0.1', '内网IP', 'MSEdge', 'Windows 10 or Windows Server 2016', '0', '登录成功', '2023-09-11 11:22:47');
INSERT INTO `sys_logininfor` VALUES (1701073820616196098, 'admin', '127.0.0.1', '内网IP', 'MSEdge', 'Windows 10 or Windows Server 2016', '0', '退出成功', '2023-09-11 11:22:58');
INSERT INTO `sys_logininfor` VALUES (1701073890606546945, 'cb', '127.0.0.1', '内网IP', 'MSEdge', 'Windows 10 or Windows Server 2016', '0', '登录成功', '2023-09-11 11:23:15');
INSERT INTO `sys_logininfor` VALUES (1701074090846814210, 'cb', '127.0.0.1', '内网IP', 'MSEdge', 'Windows 10 or Windows Server 2016', '0', '退出成功', '2023-09-11 11:24:02');
INSERT INTO `sys_logininfor` VALUES (1701074129430216705, 'admin', '127.0.0.1', '内网IP', 'MSEdge', 'Windows 10 or Windows Server 2016', '0', '登录成功', '2023-09-11 11:24:12');
INSERT INTO `sys_logininfor` VALUES (1701074196656521217, 'admin', '127.0.0.1', '内网IP', 'MSEdge', 'Windows 10 or Windows Server 2016', '0', '退出成功', '2023-09-11 11:24:28');
INSERT INTO `sys_logininfor` VALUES (1701074230873653249, 'bg', '127.0.0.1', '内网IP', 'MSEdge', 'Windows 10 or Windows Server 2016', '0', '登录成功', '2023-09-11 11:24:36');
INSERT INTO `sys_logininfor` VALUES (1701074470917865473, 'bg', '127.0.0.1', '内网IP', 'MSEdge', 'Windows 10 or Windows Server 2016', '0', '退出成功', '2023-09-11 11:25:33');
INSERT INTO `sys_logininfor` VALUES (1701074524495904770, 'ry', '127.0.0.1', '内网IP', 'MSEdge', 'Windows 10 or Windows Server 2016', '0', '登录成功', '2023-09-11 11:25:46');
INSERT INTO `sys_logininfor` VALUES (1701103242354327553, 'admin', '127.0.0.1', '内网IP', 'MSEdge', 'Windows 10 or Windows Server 2016', '0', '登录成功', '2023-09-11 13:19:53');
INSERT INTO `sys_logininfor` VALUES (1701133885037576193, 'admin', '127.0.0.1', '内网IP', 'MSEdge', 'Windows 10 or Windows Server 2016', '0', '登录成功', '2023-09-11 15:21:38');
INSERT INTO `sys_logininfor` VALUES (1702525202200129537, 'admin', '127.0.0.1', '内网IP', 'MSEdge', 'Windows 10 or Windows Server 2016', '0', '登录成功', '2023-09-15 11:30:14');
INSERT INTO `sys_logininfor` VALUES (1702559975022915585, 'admin', '127.0.0.1', '内网IP', 'MSEdge', 'Windows 10 or Windows Server 2016', '0', '登录成功', '2023-09-15 13:48:25');
INSERT INTO `sys_logininfor` VALUES (1704365547313680386, 'admin', '127.0.0.1', '内网IP', 'Chrome', 'Windows 10 or Windows Server 2016', '0', '登录成功', '2023-09-20 13:23:07');
INSERT INTO `sys_logininfor` VALUES (1706135702427389953, 'cb', '192.168.31.202', '内网IP', 'MSEdge', 'Windows 10 or Windows Server 2016', '0', '登录成功', '2023-09-25 10:37:05');
INSERT INTO `sys_logininfor` VALUES (1706147555882815490, 'cb', '192.168.31.202', '内网IP', 'MSEdge', 'Windows 10 or Windows Server 2016', '0', '登录成功', '2023-09-25 11:24:11');
INSERT INTO `sys_logininfor` VALUES (1706147885970345985, 'cb', '192.168.31.202', '内网IP', 'MSEdge', 'Windows 10 or Windows Server 2016', '0', '退出成功', '2023-09-25 11:25:29');
INSERT INTO `sys_logininfor` VALUES (1706147927229714433, 'admin', '192.168.31.202', '内网IP', 'MSEdge', 'Windows 10 or Windows Server 2016', '0', '登录成功', '2023-09-25 11:25:39');
INSERT INTO `sys_logininfor` VALUES (1706149591978332162, 'admin', '192.168.31.202', '内网IP', 'MSEdge', 'Windows 10 or Windows Server 2016', '0', '退出成功', '2023-09-25 11:32:16');
INSERT INTO `sys_logininfor` VALUES (1736916833636200449, 'admin', '192.168.31.202', '内网IP', 'MSEdge', 'Windows 10 or Windows Server 2016', '0', '登录成功', '2023-12-19 09:10:18');
INSERT INTO `sys_logininfor` VALUES (1736952560059166722, 'admin', '192.168.31.202', '内网IP', 'MSEdge', 'Windows 10 or Windows Server 2016', '0', '登录成功', '2023-12-19 11:32:16');
INSERT INTO `sys_logininfor` VALUES (1736992558309453825, 'admin', '192.168.31.202', '内网IP', 'MSEdge', 'Windows 10 or Windows Server 2016', '0', '登录成功', '2023-12-19 14:11:12');
INSERT INTO `sys_logininfor` VALUES (1739082167449419778, 'admin', '192.168.31.202', '内网IP', 'Chrome', 'Windows 10 or Windows Server 2016', '0', '登录成功', '2023-12-25 08:34:34');
INSERT INTO `sys_logininfor` VALUES (1739101899254870017, 'admin', '192.168.31.202', '内网IP', 'Chrome', 'Windows 10 or Windows Server 2016', '0', '登录成功', '2023-12-25 09:52:58');
INSERT INTO `sys_logininfor` VALUES (1739165093046407169, 'admin', '192.168.31.202', '内网IP', 'Chrome', 'Windows 10 or Windows Server 2016', '0', '登录成功', '2023-12-25 14:04:05');
INSERT INTO `sys_logininfor` VALUES (1739293855813713922, 'admin', '192.168.31.161', '内网IP', 'Safari', 'iPhone', '0', '登录成功', '2023-12-25 22:35:44');
INSERT INTO `sys_logininfor` VALUES (1740196620039602178, 'admin', '192.168.31.202', '内网IP', 'Chrome', 'Windows 10 or Windows Server 2016', '0', '登录成功', '2023-12-28 10:23:00');
INSERT INTO `sys_logininfor` VALUES (1743205728078397441, 'admin', '192.168.31.202', '内网IP', 'Chrome', 'Windows 10 or Windows Server 2016', '0', '登录成功', '2024-01-05 17:40:07');
INSERT INTO `sys_logininfor` VALUES (1743423961351995394, 'admin', '172.20.10.3', '内网IP', 'Chrome', 'Windows 10 or Windows Server 2016', '0', '登录成功', '2024-01-06 08:07:18');
INSERT INTO `sys_logininfor` VALUES (1743450744696750082, 'admin', '172.20.10.3', '内网IP', 'Chrome', 'Windows 10 or Windows Server 2016', '0', '登录成功', '2024-01-06 09:53:44');
INSERT INTO `sys_logininfor` VALUES (1745681817354858498, 'admin', '192.168.31.202', '内网IP', 'Chrome', 'Windows 10 or Windows Server 2016', '0', '登录成功', '2024-01-12 13:39:13');
INSERT INTO `sys_logininfor` VALUES (1745726000883003393, 'admin', '192.168.31.202', '内网IP', 'Chrome', 'Windows 10 or Windows Server 2016', '1', '验证码错误', '2024-01-12 16:34:47');
INSERT INTO `sys_logininfor` VALUES (1745726025369350145, 'admin', '192.168.31.202', '内网IP', 'Chrome', 'Windows 10 or Windows Server 2016', '0', '登录成功', '2024-01-12 16:34:53');
INSERT INTO `sys_logininfor` VALUES (1745735652232359937, 'admin', '192.168.31.202', '内网IP', 'Chrome', 'Windows 10 or Windows Server 2016', '0', '退出成功', '2024-01-12 17:13:08');
INSERT INTO `sys_logininfor` VALUES (1745735725230026754, 'admin', '192.168.31.202', '内网IP', 'Chrome', 'Windows 10 or Windows Server 2016', '0', '登录成功', '2024-01-12 17:13:26');
INSERT INTO `sys_logininfor` VALUES (1745737281107095553, 'admin', '192.168.31.202', '内网IP', 'Chrome', 'Windows 10 or Windows Server 2016', '0', '退出成功', '2024-01-12 17:19:37');
INSERT INTO `sys_logininfor` VALUES (1745737837099839490, 'admin', '192.168.31.202', '内网IP', 'Chrome', 'Windows 10 or Windows Server 2016', '1', '验证码已失效', '2024-01-12 17:21:49');
INSERT INTO `sys_logininfor` VALUES (1745737915520741378, 'admin', '192.168.31.202', '内网IP', 'Chrome', 'Windows 10 or Windows Server 2016', '1', '验证码已失效', '2024-01-12 17:22:08');
INSERT INTO `sys_logininfor` VALUES (1745829757008441346, 'xmg', '192.168.31.161', '内网IP', 'MicroMessenger', 'iPhone', '0', '登录成功', '2024-01-12 23:27:05');
INSERT INTO `sys_logininfor` VALUES (1745829944141508610, 'admin', '192.168.31.202', '内网IP', 'Chrome', 'Windows 10 or Windows Server 2016', '1', '验证码错误', '2024-01-12 23:27:49');
INSERT INTO `sys_logininfor` VALUES (1745829952819523586, 'admin', '192.168.31.202', '内网IP', 'Chrome', 'Windows 10 or Windows Server 2016', '0', '登录成功', '2024-01-12 23:27:51');
INSERT INTO `sys_logininfor` VALUES (1745831233537667074, 'admin', '192.168.31.202', '内网IP', 'Chrome', 'Windows 10 or Windows Server 2016', '0', '退出成功', '2024-01-12 23:32:57');
INSERT INTO `sys_logininfor` VALUES (1745831392996745217, 'admin', '192.168.31.202', '内网IP', 'Chrome', 'Windows 10 or Windows Server 2016', '0', '登录成功', '2024-01-12 23:33:35');
INSERT INTO `sys_logininfor` VALUES (1745831960637071362, 'admin', '192.168.31.202', '内网IP', 'Chrome', 'Windows 10 or Windows Server 2016', '0', '退出成功', '2024-01-12 23:35:50');
INSERT INTO `sys_logininfor` VALUES (1745831993310699521, 'admin', '192.168.31.202', '内网IP', 'Chrome', 'Windows 10 or Windows Server 2016', '0', '登录成功', '2024-01-12 23:35:58');
INSERT INTO `sys_logininfor` VALUES (1745832201251708930, 'admin', '192.168.31.161', '内网IP', 'MicroMessenger', 'iPhone', '0', '登录成功', '2024-01-12 23:36:47');
INSERT INTO `sys_logininfor` VALUES (1746718280976580609, 'admin', '192.168.31.202', '内网IP', 'Chrome', 'Windows 10 or Windows Server 2016', '0', '登录成功', '2024-01-15 10:17:45');
INSERT INTO `sys_logininfor` VALUES (1746784098749923330, 'admin', '192.168.31.202', '内网IP', 'Chrome', 'Windows 10 or Windows Server 2016', '0', '登录成功', '2024-01-15 14:39:17');
INSERT INTO `sys_logininfor` VALUES (1746784448424853505, 'admin', '192.168.31.202', '内网IP', 'Chrome', 'Windows 10 or Windows Server 2016', '0', '登录成功', '2024-01-15 14:40:41');
INSERT INTO `sys_logininfor` VALUES (1746810984846737410, 'admin', '192.168.31.202', '内网IP', 'Chrome', 'Windows 10 or Windows Server 2016', '0', '登录成功', '2024-01-15 16:26:08');
INSERT INTO `sys_logininfor` VALUES (1747070792002953218, 'admin', '192.168.31.202', '内网IP', 'Chrome', 'Windows 10 or Windows Server 2016', '0', '登录成功', '2024-01-16 09:38:30');
INSERT INTO `sys_logininfor` VALUES (1747088142399954946, 'admin', '192.168.31.202', '内网IP', 'Chrome', 'Windows 10 or Windows Server 2016', '0', '退出成功', '2024-01-16 10:47:27');
INSERT INTO `sys_logininfor` VALUES (1747088219445125121, 'cb', '192.168.31.202', '内网IP', 'Chrome', 'Windows 10 or Windows Server 2016', '0', '登录成功', '2024-01-16 10:47:46');
INSERT INTO `sys_logininfor` VALUES (1747088531992076289, 'cb', '192.168.31.202', '内网IP', 'Chrome', 'Windows 10 or Windows Server 2016', '0', '退出成功', '2024-01-16 10:49:00');
INSERT INTO `sys_logininfor` VALUES (1747088628658200578, 'cb', '192.168.31.202', '内网IP', 'Chrome', 'Windows 10 or Windows Server 2016', '0', '登录成功', '2024-01-16 10:49:23');
INSERT INTO `sys_logininfor` VALUES (1747133261396303873, 'admin', '192.168.31.202', '内网IP', 'Chrome', 'Windows 10 or Windows Server 2016', '0', '登录成功', '2024-01-16 13:46:44');
INSERT INTO `sys_logininfor` VALUES (1747141046624313345, 'admin', '192.168.31.202', '内网IP', 'Chrome', 'Windows 10 or Windows Server 2016', '0', '退出成功', '2024-01-16 14:17:40');
INSERT INTO `sys_logininfor` VALUES (1747141115708694530, 'cb', '192.168.31.202', '内网IP', 'Chrome', 'Windows 10 or Windows Server 2016', '0', '登录成功', '2024-01-16 14:17:57');
INSERT INTO `sys_logininfor` VALUES (1747433624338927617, 'cb', '192.168.31.202', '内网IP', 'Chrome', 'Windows 10 or Windows Server 2016', '0', '登录成功', '2024-01-17 09:40:16');
INSERT INTO `sys_logininfor` VALUES (1747440470210613250, 'cb', '192.168.31.202', '内网IP', 'Chrome', 'Windows 10 or Windows Server 2016', '0', '退出成功', '2024-01-17 10:07:29');
INSERT INTO `sys_logininfor` VALUES (1747440496588591105, 'cb', '192.168.31.202', '内网IP', 'Chrome', 'Windows 10 or Windows Server 2016', '0', '登录成功', '2024-01-17 10:07:35');
INSERT INTO `sys_logininfor` VALUES (1747440581800071170, 'cb', '192.168.31.202', '内网IP', 'Chrome', 'Windows 10 or Windows Server 2016', '0', '退出成功', '2024-01-17 10:07:55');
INSERT INTO `sys_logininfor` VALUES (1747517049485889537, 'cb', '192.168.31.202', '内网IP', 'Chrome', 'Windows 10 or Windows Server 2016', '0', '登录成功', '2024-01-17 15:11:47');
INSERT INTO `sys_logininfor` VALUES (1747530837933133826, 'cb', '192.168.31.202', '内网IP', 'Chrome', 'Windows 10 or Windows Server 2016', '0', '登录成功', '2024-01-17 16:06:34');
INSERT INTO `sys_logininfor` VALUES (1758770317021143042, 'admin', '192.168.31.202', '内网IP', 'Chrome', 'Windows 10 or Windows Server 2016', '0', '登录成功', '2024-02-17 16:28:15');
INSERT INTO `sys_logininfor` VALUES (1758777615311429633, 'admin', '192.168.31.202', '内网IP', 'Chrome', 'Windows 10 or Windows Server 2016', '0', '退出成功', '2024-02-17 16:57:15');
INSERT INTO `sys_logininfor` VALUES (1758777790968881154, 'cb', '192.168.31.202', '内网IP', 'Chrome', 'Windows 10 or Windows Server 2016', '0', '登录成功', '2024-02-17 16:57:57');
INSERT INTO `sys_logininfor` VALUES (1758859987126050817, 'admin', '192.168.31.202', '内网IP', 'Chrome', 'Windows 10 or Windows Server 2016', '0', '登录成功', '2024-02-17 22:24:34');
INSERT INTO `sys_logininfor` VALUES (1759011452587073537, 'cb', '192.168.31.202', '内网IP', 'Chrome', 'Windows 10 or Windows Server 2016', '1', '密码输入错误1次', '2024-02-18 08:26:26');
INSERT INTO `sys_logininfor` VALUES (1759011500746072065, 'cb', '192.168.31.202', '内网IP', 'Chrome', 'Windows 10 or Windows Server 2016', '0', '登录成功', '2024-02-18 08:26:37');
INSERT INTO `sys_logininfor` VALUES (1759042317694263297, 'admin', '192.168.31.202', '内网IP', 'Chrome', 'Windows 10 or Windows Server 2016', '1', '验证码错误', '2024-02-18 10:29:05');
INSERT INTO `sys_logininfor` VALUES (1759042330524639234, 'admin', '192.168.31.202', '内网IP', 'Chrome', 'Windows 10 or Windows Server 2016', '0', '登录成功', '2024-02-18 10:29:08');
INSERT INTO `sys_logininfor` VALUES (1759053154756583426, 'xmg', '192.168.31.202', '内网IP', 'Chrome', 'Windows 10 or Windows Server 2016', '0', '登录成功', '2024-02-18 11:12:08');
INSERT INTO `sys_logininfor` VALUES (1759120463160401921, 'admin', '192.168.31.202', '内网IP', 'Chrome', 'Windows 10 or Windows Server 2016', '0', '登录成功', '2024-02-18 15:39:36');
INSERT INTO `sys_logininfor` VALUES (1759134906187505666, 'admin', '192.168.31.202', '内网IP', 'Chrome', 'Windows 10 or Windows Server 2016', '0', '登录成功', '2024-02-18 16:36:59');
INSERT INTO `sys_logininfor` VALUES (1759134929272954882, 'admin', '192.168.31.202', '内网IP', 'Chrome', 'Windows 10 or Windows Server 2016', '0', '退出成功', '2024-02-18 16:37:05');
INSERT INTO `sys_logininfor` VALUES (1759134986260963330, 'bg', '192.168.31.202', '内网IP', 'Chrome', 'Windows 10 or Windows Server 2016', '0', '登录成功', '2024-02-18 16:37:19');
INSERT INTO `sys_logininfor` VALUES (1759157036698558465, 'admin', '192.168.31.202', '内网IP', 'Chrome', 'Windows 10 or Windows Server 2016', '0', '登录成功', '2024-02-18 18:04:56');
INSERT INTO `sys_logininfor` VALUES (1759232199175692290, 'admin', '192.168.31.202', '内网IP', 'Chrome', 'Windows 10 or Windows Server 2016', '0', '登录成功', '2024-02-18 23:03:36');
INSERT INTO `sys_logininfor` VALUES (1759774798567399425, 'cb', '127.0.0.1', '内网IP', 'Chrome', 'Windows 10 or Windows Server 2016', '0', '登录成功', '2024-02-20 10:59:42');
INSERT INTO `sys_logininfor` VALUES (1759956391219142657, 'admin', '127.0.0.1', '内网IP', 'Chrome', 'Windows 10 or Windows Server 2016', '0', '登录成功', '2024-02-20 23:01:17');
INSERT INTO `sys_logininfor` VALUES (1759959183736414210, 'admin', '127.0.0.1', '内网IP', 'Chrome', 'Windows 10 or Windows Server 2016', '0', '退出成功', '2024-02-20 23:12:23');
INSERT INTO `sys_logininfor` VALUES (1759959232465838081, 'cb', '127.0.0.1', '内网IP', 'Chrome', 'Windows 10 or Windows Server 2016', '0', '登录成功', '2024-02-20 23:12:34');
INSERT INTO `sys_logininfor` VALUES (1759959260206964737, 'cb', '127.0.0.1', '内网IP', 'Chrome', 'Windows 10 or Windows Server 2016', '0', '退出成功', '2024-02-20 23:12:41');
INSERT INTO `sys_logininfor` VALUES (1759959290364010498, 'admin', '127.0.0.1', '内网IP', 'Chrome', 'Windows 10 or Windows Server 2016', '0', '登录成功', '2024-02-20 23:12:48');
INSERT INTO `sys_logininfor` VALUES (1759963833927704577, 'admin', '127.0.0.1', '内网IP', 'Chrome', 'Windows 10 or Windows Server 2016', '0', '退出成功', '2024-02-20 23:30:51');
INSERT INTO `sys_logininfor` VALUES (1759964642077810689, 'admin', '127.0.0.1', '内网IP', 'Chrome', 'Windows 10 or Windows Server 2016', '1', '验证码已失效', '2024-02-20 23:34:04');
INSERT INTO `sys_logininfor` VALUES (1759964679595859969, 'admin', '127.0.0.1', '内网IP', 'Chrome', 'Windows 10 or Windows Server 2016', '0', '登录成功', '2024-02-20 23:34:13');
INSERT INTO `sys_logininfor` VALUES (1759964962187091970, 'admin', '127.0.0.1', '内网IP', 'Chrome', 'Windows 10 or Windows Server 2016', '0', '退出成功', '2024-02-20 23:35:20');
INSERT INTO `sys_logininfor` VALUES (1760114882462232577, 'bg', '192.168.31.202', '内网IP', 'Chrome', 'Windows 10 or Windows Server 2016', '0', '登录成功', '2024-02-21 09:31:04');
INSERT INTO `sys_logininfor` VALUES (1760115802805776386, 'bg', '192.168.31.202', '内网IP', 'Chrome', 'Windows 10 or Windows Server 2016', '0', '退出成功', '2024-02-21 09:34:43');
INSERT INTO `sys_logininfor` VALUES (1760115858732625922, 'admin', '192.168.31.202', '内网IP', 'Chrome', 'Windows 10 or Windows Server 2016', '0', '登录成功', '2024-02-21 09:34:57');
INSERT INTO `sys_logininfor` VALUES (1760125349259878401, 'admin', '192.168.31.202', '内网IP', 'Chrome', 'Windows 10 or Windows Server 2016', '0', '退出成功', '2024-02-21 10:12:39');
INSERT INTO `sys_logininfor` VALUES (1760134121600450561, 'admin', '192.168.31.202', '内网IP', 'Chrome', 'Windows 10 or Windows Server 2016', '0', '登录成功', '2024-02-21 10:47:31');
INSERT INTO `sys_logininfor` VALUES (1760134228072857602, 'admin', '192.168.31.202', '内网IP', 'Chrome', 'Windows 10 or Windows Server 2016', '1', '验证码已失效', '2024-02-21 10:47:56');
INSERT INTO `sys_logininfor` VALUES (1760134271601344513, 'admin', '192.168.31.202', '内网IP', 'Chrome', 'Windows 10 or Windows Server 2016', '1', '验证码错误', '2024-02-21 10:48:07');
INSERT INTO `sys_logininfor` VALUES (1760134296729419777, 'admin', '192.168.31.202', '内网IP', 'Chrome', 'Windows 10 or Windows Server 2016', '0', '登录成功', '2024-02-21 10:48:13');
INSERT INTO `sys_logininfor` VALUES (1760135406382874626, 'admin', '192.168.31.202', '内网IP', 'Chrome', 'Windows 10 or Windows Server 2016', '0', '退出成功', '2024-02-21 10:52:37');
INSERT INTO `sys_logininfor` VALUES (1760181986901291009, 'admin', '192.168.31.202', '内网IP', 'Chrome', 'Windows 10 or Windows Server 2016', '1', '验证码已失效', '2024-02-21 13:57:43');
INSERT INTO `sys_logininfor` VALUES (1760183244202635266, 'admin', '192.168.31.202', '内网IP', 'Chrome', 'Windows 10 or Windows Server 2016', '1', '验证码已失效', '2024-02-21 14:02:43');
INSERT INTO `sys_logininfor` VALUES (1760183268026281985, 'admin', '192.168.31.202', '内网IP', 'Chrome', 'Windows 10 or Windows Server 2016', '0', '登录成功', '2024-02-21 14:02:48');
INSERT INTO `sys_logininfor` VALUES (1760183323055550465, 'admin', '192.168.31.202', '内网IP', 'Chrome', 'Windows 10 or Windows Server 2016', '0', '退出成功', '2024-02-21 14:03:02');
INSERT INTO `sys_logininfor` VALUES (1760183455146766337, 'admin', '192.168.31.202', '内网IP', 'Chrome', 'Windows 10 or Windows Server 2016', '0', '登录成功', '2024-02-21 14:03:33');
INSERT INTO `sys_logininfor` VALUES (1773351216584732674, 'admin', '192.168.31.202', '内网IP', 'Chrome', 'Windows 10 or Windows Server 2016', '0', '登录成功', '2024-03-28 22:07:32');
INSERT INTO `sys_logininfor` VALUES (1773359954238517249, 'admin', '192.168.31.202', '内网IP', 'Chrome', 'Windows 10 or Windows Server 2016', '0', '退出成功', '2024-03-28 22:42:15');
INSERT INTO `sys_logininfor` VALUES (1773359983292461058, 'cb', '192.168.31.202', '内网IP', 'Chrome', 'Windows 10 or Windows Server 2016', '1', '密码输入错误1次', '2024-03-28 22:42:22');
INSERT INTO `sys_logininfor` VALUES (1773360022215602177, 'cb', '192.168.31.202', '内网IP', 'Chrome', 'Windows 10 or Windows Server 2016', '0', '登录成功', '2024-03-28 22:42:31');
INSERT INTO `sys_logininfor` VALUES (1773360918085382146, 'cb', '192.168.31.202', '内网IP', 'Chrome', 'Windows 10 or Windows Server 2016', '0', '退出成功', '2024-03-28 22:46:05');
INSERT INTO `sys_logininfor` VALUES (1773360934707408898, 'admin', '192.168.31.202', '内网IP', 'Chrome', 'Windows 10 or Windows Server 2016', '0', '登录成功', '2024-03-28 22:46:09');
INSERT INTO `sys_logininfor` VALUES (1773361256939008001, 'admin', '192.168.31.202', '内网IP', 'Chrome', 'Windows 10 or Windows Server 2016', '0', '退出成功', '2024-03-28 22:47:26');
INSERT INTO `sys_logininfor` VALUES (1773361293316206593, 'cb', '192.168.31.202', '内网IP', 'Chrome', 'Windows 10 or Windows Server 2016', '0', '登录成功', '2024-03-28 22:47:34');
INSERT INTO `sys_logininfor` VALUES (1773894111976964098, 'admin', '192.168.31.202', '内网IP', 'Chrome', 'Windows 10 or Windows Server 2016', '0', '登录成功', '2024-03-30 10:04:48');
INSERT INTO `sys_logininfor` VALUES (1774064250521337858, 'admin', '192.168.31.202', '内网IP', 'Chrome', 'Windows 10 or Windows Server 2016', '0', '登录成功', '2024-03-30 21:20:53');
INSERT INTO `sys_logininfor` VALUES (1774084398439415810, 'admin', '192.168.31.202', '内网IP', 'Chrome', 'Windows 10 or Windows Server 2016', '0', '登录成功', '2024-03-30 22:40:56');
INSERT INTO `sys_logininfor` VALUES (1774137857373085697, 'admin', '192.168.31.202', '内网IP', 'Chrome', 'Windows 10 or Windows Server 2016', '0', '登录成功', '2024-03-31 02:13:22');
INSERT INTO `sys_logininfor` VALUES (1774148143089950721, 'admin', '192.168.31.202', '内网IP', 'Chrome', 'Windows 10 or Windows Server 2016', '0', '退出成功', '2024-03-31 02:54:14');
INSERT INTO `sys_logininfor` VALUES (1774148184923938817, 'cb', '192.168.31.202', '内网IP', 'Chrome', 'Windows 10 or Windows Server 2016', '0', '登录成功', '2024-03-31 02:54:24');
INSERT INTO `sys_logininfor` VALUES (1774425987162562562, 'admin', '192.168.31.202', '内网IP', 'Chrome', 'Windows 10 or Windows Server 2016', '0', '登录成功', '2024-03-31 21:18:17');
INSERT INTO `sys_logininfor` VALUES (1774426332693520386, 'admin', '192.168.31.202', '内网IP', 'Chrome', 'Windows 10 or Windows Server 2016', '0', '退出成功', '2024-03-31 21:19:40');
INSERT INTO `sys_logininfor` VALUES (1774426385990541313, 'cb', '192.168.31.202', '内网IP', 'Chrome', 'Windows 10 or Windows Server 2016', '0', '登录成功', '2024-03-31 21:19:52');
INSERT INTO `sys_logininfor` VALUES (1774440532169973762, 'admin', '192.168.31.202', '内网IP', 'Chrome', 'Windows 10 or Windows Server 2016', '0', '登录成功', '2024-03-31 22:16:05');
INSERT INTO `sys_logininfor` VALUES (1774441192265342978, 'admin', '192.168.31.202', '内网IP', 'Chrome', 'Windows 10 or Windows Server 2016', '0', '退出成功', '2024-03-31 22:18:42');
INSERT INTO `sys_logininfor` VALUES (1774441231897321474, 'cb', '192.168.31.202', '内网IP', 'Chrome', 'Windows 10 or Windows Server 2016', '0', '登录成功', '2024-03-31 22:18:52');
INSERT INTO `sys_logininfor` VALUES (1774446209349181441, 'cb', '192.168.31.202', '内网IP', 'Chrome', 'Windows 10 or Windows Server 2016', '0', '退出成功', '2024-03-31 22:38:39');
INSERT INTO `sys_logininfor` VALUES (1774446252340797441, 'bg', '192.168.31.202', '内网IP', 'Chrome', 'Windows 10 or Windows Server 2016', '0', '登录成功', '2024-03-31 22:38:49');
INSERT INTO `sys_logininfor` VALUES (1774453028884832258, 'bg', '192.168.31.202', '内网IP', 'Chrome', 'Windows 10 or Windows Server 2016', '0', '退出成功', '2024-03-31 23:05:44');
INSERT INTO `sys_logininfor` VALUES (1774453069921902594, 'cb', '192.168.31.202', '内网IP', 'Chrome', 'Windows 10 or Windows Server 2016', '0', '登录成功', '2024-03-31 23:05:54');
INSERT INTO `sys_logininfor` VALUES (1774455577457188865, 'cb', '192.168.31.202', '内网IP', 'Chrome', 'Windows 10 or Windows Server 2016', '0', '退出成功', '2024-03-31 23:15:52');
INSERT INTO `sys_logininfor` VALUES (1774455622785032194, 'bg', '192.168.31.202', '内网IP', 'Chrome', 'Windows 10 or Windows Server 2016', '0', '登录成功', '2024-03-31 23:16:03');
INSERT INTO `sys_logininfor` VALUES (1774455956831985666, 'bg', '192.168.31.202', '内网IP', 'Chrome', 'Windows 10 or Windows Server 2016', '0', '退出成功', '2024-03-31 23:17:23');
INSERT INTO `sys_logininfor` VALUES (1774456009260785665, 'cb', '192.168.31.202', '内网IP', 'Chrome', 'Windows 10 or Windows Server 2016', '0', '登录成功', '2024-03-31 23:17:35');
INSERT INTO `sys_logininfor` VALUES (1774456151598686209, 'cb', '192.168.31.202', '内网IP', 'Chrome', 'Windows 10 or Windows Server 2016', '0', '退出成功', '2024-03-31 23:18:09');
INSERT INTO `sys_logininfor` VALUES (1774456167612538881, 'admin', '192.168.31.202', '内网IP', 'Chrome', 'Windows 10 or Windows Server 2016', '0', '登录成功', '2024-03-31 23:18:13');
INSERT INTO `sys_logininfor` VALUES (1774457170697117697, 'admin', '192.168.31.202', '内网IP', 'Chrome', 'Windows 10 or Windows Server 2016', '0', '退出成功', '2024-03-31 23:22:12');
INSERT INTO `sys_logininfor` VALUES (1774457230881185794, 'xmg', '192.168.31.202', '内网IP', 'Chrome', 'Windows 10 or Windows Server 2016', '0', '登录成功', '2024-03-31 23:22:26');
INSERT INTO `sys_logininfor` VALUES (1774459027611967489, 'xmg', '192.168.31.202', '内网IP', 'Chrome', 'Windows 10 or Windows Server 2016', '0', '退出成功', '2024-03-31 23:29:35');
INSERT INTO `sys_logininfor` VALUES (1774459063615873026, 'bg', '192.168.31.202', '内网IP', 'Chrome', 'Windows 10 or Windows Server 2016', '0', '登录成功', '2024-03-31 23:29:43');
INSERT INTO `sys_logininfor` VALUES (1774459249385791489, 'bg', '192.168.31.202', '内网IP', 'Chrome', 'Windows 10 or Windows Server 2016', '0', '退出成功', '2024-03-31 23:30:28');
INSERT INTO `sys_logininfor` VALUES (1774459274841022465, 'admin', '192.168.31.202', '内网IP', 'Chrome', 'Windows 10 or Windows Server 2016', '0', '登录成功', '2024-03-31 23:30:34');
INSERT INTO `sys_logininfor` VALUES (1774459430101573633, 'admin', '192.168.31.202', '内网IP', 'Chrome', 'Windows 10 or Windows Server 2016', '0', '退出成功', '2024-03-31 23:31:11');
INSERT INTO `sys_logininfor` VALUES (1774459466977894401, 'cb', '192.168.31.202', '内网IP', 'Chrome', 'Windows 10 or Windows Server 2016', '0', '登录成功', '2024-03-31 23:31:19');
INSERT INTO `sys_logininfor` VALUES (1774706916971982850, 'admin', '192.168.31.202', '内网IP', 'Chrome', 'Windows 10 or Windows Server 2016', '0', '登录成功', '2024-04-01 15:54:36');
INSERT INTO `sys_logininfor` VALUES (1774719257209942018, 'admin', '192.168.31.202', '内网IP', 'Chrome', 'Windows 10 or Windows Server 2016', '0', '登录成功', '2024-04-01 16:43:38');
INSERT INTO `sys_logininfor` VALUES (1774736145629523969, 'admin', '192.168.31.202', '内网IP', 'Chrome', 'Windows 10 or Windows Server 2016', '0', '登录成功', '2024-04-01 17:50:45');
INSERT INTO `sys_logininfor` VALUES (1774806560259387394, 'admin', '192.168.31.202', '内网IP', 'Chrome', 'Windows 10 or Windows Server 2016', '0', '登录成功', '2024-04-01 22:30:33');
INSERT INTO `sys_logininfor` VALUES (1787419625865797634, 'admin', '192.168.31.202', '内网IP', 'Chrome', 'Windows 10 or Windows Server 2016', '0', '登录成功', '2024-05-06 17:50:22');
INSERT INTO `sys_logininfor` VALUES (1787421865800294401, 'admin', '192.168.31.202', '内网IP', 'Chrome', 'Windows 10 or Windows Server 2016', '0', '退出成功', '2024-05-06 17:59:16');
INSERT INTO `sys_logininfor` VALUES (1787421904278839297, 'bg', '192.168.31.202', '内网IP', 'Chrome', 'Windows 10 or Windows Server 2016', '1', '验证码错误', '2024-05-06 17:59:25');
INSERT INTO `sys_logininfor` VALUES (1787421920338829313, 'bg', '192.168.31.202', '内网IP', 'Chrome', 'Windows 10 or Windows Server 2016', '0', '登录成功', '2024-05-06 17:59:29');
INSERT INTO `sys_logininfor` VALUES (1787422583433125889, 'bg', '192.168.31.202', '内网IP', 'Chrome', 'Windows 10 or Windows Server 2016', '0', '退出成功', '2024-05-06 18:02:07');
INSERT INTO `sys_logininfor` VALUES (1787422625778819074, 'admin', '192.168.31.202', '内网IP', 'Chrome', 'Windows 10 or Windows Server 2016', '0', '登录成功', '2024-05-06 18:02:17');
INSERT INTO `sys_logininfor` VALUES (1787422793794248705, 'admin', '192.168.31.202', '内网IP', 'Chrome', 'Windows 10 or Windows Server 2016', '0', '退出成功', '2024-05-06 18:02:57');
INSERT INTO `sys_logininfor` VALUES (1787422817521426434, 'cb', '192.168.31.202', '内网IP', 'Chrome', 'Windows 10 or Windows Server 2016', '0', '登录成功', '2024-05-06 18:03:03');
INSERT INTO `sys_logininfor` VALUES (1787422867613999106, 'cb', '192.168.31.202', '内网IP', 'Chrome', 'Windows 10 or Windows Server 2016', '0', '退出成功', '2024-05-06 18:03:15');
INSERT INTO `sys_logininfor` VALUES (1787422917253586946, 'bg', '192.168.31.202', '内网IP', 'Chrome', 'Windows 10 or Windows Server 2016', '0', '登录成功', '2024-05-06 18:03:27');
INSERT INTO `sys_logininfor` VALUES (1787423001705897985, 'bg', '192.168.31.202', '内网IP', 'Chrome', 'Windows 10 or Windows Server 2016', '0', '退出成功', '2024-05-06 18:03:47');
INSERT INTO `sys_logininfor` VALUES (1787423035436490753, 'bg', '192.168.31.202', '内网IP', 'Chrome', 'Windows 10 or Windows Server 2016', '0', '登录成功', '2024-05-06 18:03:55');
INSERT INTO `sys_logininfor` VALUES (1787423181251469314, 'bg', '192.168.31.202', '内网IP', 'Chrome', 'Windows 10 or Windows Server 2016', '0', '退出成功', '2024-05-06 18:04:30');
INSERT INTO `sys_logininfor` VALUES (1787423232614916098, 'admin', '192.168.31.202', '内网IP', 'Chrome', 'Windows 10 or Windows Server 2016', '0', '登录成功', '2024-05-06 18:04:42');
INSERT INTO `sys_logininfor` VALUES (1787468704557752322, 'admin', '192.168.31.202', '内网IP', 'Chrome', 'Windows 10 or Windows Server 2016', '0', '登录成功', '2024-05-06 21:05:23');
INSERT INTO `sys_logininfor` VALUES (1787487338541801473, 'admin', '192.168.31.202', '内网IP', 'Chrome', 'Windows 10 or Windows Server 2016', '0', '登录成功', '2024-05-06 22:19:26');
INSERT INTO `sys_logininfor` VALUES (1823660505965232130, 'admin', '127.0.0.1', '内网IP', 'Chrome', 'Windows 10 or Windows Server 2016', '0', '登录成功', '2024-08-14 17:58:41');
INSERT INTO `sys_logininfor` VALUES (1823899681079894018, 'admin', '127.0.0.1', '内网IP', 'Chrome', 'Windows 10 or Windows Server 2016', '0', '登录成功', '2024-08-15 09:49:05');

-- ----------------------------
-- Table structure for sys_menu
-- ----------------------------
DROP TABLE IF EXISTS `sys_menu`;
CREATE TABLE `sys_menu`  (
  `menu_id` bigint NOT NULL COMMENT '菜单ID',
  `menu_name` varchar(50) CHARACTER SET utf8mb4 COLLATE utf8mb4_general_ci NOT NULL COMMENT '菜单名称',
  `parent_id` bigint NULL DEFAULT 0 COMMENT '父菜单ID',
  `order_num` int NULL DEFAULT 0 COMMENT '显示顺序',
  `path` varchar(200) CHARACTER SET utf8mb4 COLLATE utf8mb4_general_ci NULL DEFAULT '' COMMENT '路由地址',
  `component` varchar(255) CHARACTER SET utf8mb4 COLLATE utf8mb4_general_ci NULL DEFAULT NULL COMMENT '组件路径',
  `query_param` varchar(255) CHARACTER SET utf8mb4 COLLATE utf8mb4_general_ci NULL DEFAULT NULL COMMENT '路由参数',
  `is_frame` int NULL DEFAULT 1 COMMENT '是否为外链（0是 1否）',
  `is_cache` int NULL DEFAULT 0 COMMENT '是否缓存（0缓存 1不缓存）',
  `menu_type` char(1) CHARACTER SET utf8mb4 COLLATE utf8mb4_general_ci NULL DEFAULT '' COMMENT '菜单类型（M目录 C菜单 F按钮）',
  `visible` char(1) CHARACTER SET utf8mb4 COLLATE utf8mb4_general_ci NULL DEFAULT '0' COMMENT '显示状态（0显示 1隐藏）',
  `status` char(1) CHARACTER SET utf8mb4 COLLATE utf8mb4_general_ci NULL DEFAULT '0' COMMENT '菜单状态（0正常 1停用）',
  `perms` varchar(100) CHARACTER SET utf8mb4 COLLATE utf8mb4_general_ci NULL DEFAULT NULL COMMENT '权限标识',
  `icon` varchar(100) CHARACTER SET utf8mb4 COLLATE utf8mb4_general_ci NULL DEFAULT '#' COMMENT '菜单图标',
  `create_by` varchar(64) CHARACTER SET utf8mb4 COLLATE utf8mb4_general_ci NULL DEFAULT '' COMMENT '创建者',
  `create_time` datetime NULL DEFAULT NULL COMMENT '创建时间',
  `update_by` varchar(64) CHARACTER SET utf8mb4 COLLATE utf8mb4_general_ci NULL DEFAULT '' COMMENT '更新者',
  `update_time` datetime NULL DEFAULT NULL COMMENT '更新时间',
  `remark` varchar(500) CHARACTER SET utf8mb4 COLLATE utf8mb4_general_ci NULL DEFAULT '' COMMENT '备注',
  PRIMARY KEY (`menu_id`) USING BTREE
) ENGINE = InnoDB CHARACTER SET = utf8mb4 COLLATE = utf8mb4_general_ci COMMENT = '菜单权限表' ROW_FORMAT = DYNAMIC;

-- ----------------------------
-- Records of sys_menu
-- ----------------------------
INSERT INTO `sys_menu` VALUES (1, '系统管理', 0, 1, 'system', NULL, '', 1, 0, 'M', '0', '0', '', 'system', 'admin', '2023-08-15 16:28:37', 'admin', '2024-05-06 21:20:12', '系统管理目录');
INSERT INTO `sys_menu` VALUES (2, '系统监控', 0, 2, 'monitor', NULL, '', 1, 0, 'M', '0', '0', '', 'monitor', 'admin', '2023-08-15 16:28:37', '', NULL, '系统监控目录');
INSERT INTO `sys_menu` VALUES (3, '系统工具', 0, 3, 'tool', NULL, '', 1, 0, 'M', '0', '0', '', 'tool', 'admin', '2023-08-15 16:28:37', '', NULL, '系统工具目录');
INSERT INTO `sys_menu` VALUES (4, '流程管理', 0, 4, 'process', NULL, '', 1, 0, 'M', '0', '0', '', 'skill', 'admin', '2023-08-15 16:28:37', '', NULL, '流程管理目录');
INSERT INTO `sys_menu` VALUES (5, '办公管理', 0, 5, 'work', NULL, '', 1, 0, 'M', '0', '0', '', 'job', 'admin', '2023-08-15 16:28:37', '', NULL, '办公管理目录');
INSERT INTO `sys_menu` VALUES (100, '用户管理', 1, 1, 'user', 'system/user/index', '', 1, 0, 'C', '0', '0', 'system:user:list', 'user', 'admin', '2023-08-15 16:28:37', '', NULL, '用户管理菜单');
INSERT INTO `sys_menu` VALUES (101, '角色管理', 1, 2, 'role', 'system/role/index', '', 1, 0, 'C', '0', '0', 'system:role:list', 'peoples', 'admin', '2023-08-15 16:28:37', '', NULL, '角色管理菜单');
INSERT INTO `sys_menu` VALUES (102, '菜单管理', 1, 3, 'menu', 'system/menu/index', '', 1, 0, 'C', '0', '0', 'system:menu:list', 'tree-table', 'admin', '2023-08-15 16:28:37', '', NULL, '菜单管理菜单');
INSERT INTO `sys_menu` VALUES (103, '部门管理', 1, 4, 'dept', 'system/dept/index', '', 1, 0, 'C', '0', '0', 'system:dept:list', 'tree', 'admin', '2023-08-15 16:28:37', '', NULL, '部门管理菜单');
INSERT INTO `sys_menu` VALUES (104, '岗位管理', 1, 5, 'post', 'system/post/index', '', 1, 0, 'C', '0', '0', 'system:post:list', 'post', 'admin', '2023-08-15 16:28:37', '', NULL, '岗位管理菜单');
INSERT INTO `sys_menu` VALUES (105, '字典管理', 1, 6, 'dict', 'system/dict/index', '', 1, 0, 'C', '0', '0', 'system:dict:list', 'dict', 'admin', '2023-08-15 16:28:37', '', NULL, '字典管理菜单');
INSERT INTO `sys_menu` VALUES (106, '参数设置', 1, 7, 'config', 'system/config/index', '', 1, 0, 'C', '0', '0', 'system:config:list', 'edit', 'admin', '2023-08-15 16:28:37', '', NULL, '参数设置菜单');
INSERT INTO `sys_menu` VALUES (107, '通知公告', 1, 8, 'notice', 'system/notice/index', '', 1, 0, 'C', '0', '0', 'system:notice:list', 'message', 'admin', '2023-08-15 16:28:37', '', NULL, '通知公告菜单');
INSERT INTO `sys_menu` VALUES (108, '日志管理', 1, 9, 'log', '', '', 1, 0, 'M', '0', '0', '', 'log', 'admin', '2023-08-15 16:28:37', '', NULL, '日志管理菜单');
INSERT INTO `sys_menu` VALUES (109, '在线用户', 2, 1, 'online', 'monitor/online/index', '', 1, 0, 'C', '0', '0', 'monitor:online:list', 'online', 'admin', '2023-08-15 16:28:37', '', NULL, '在线用户菜单');
INSERT INTO `sys_menu` VALUES (111, '数据监控', 2, 3, 'druid', 'monitor/druid/index', '', 1, 0, 'C', '0', '0', 'monitor:druid:list', 'druid', 'admin', '2023-08-15 16:28:37', '', NULL, '数据监控菜单');
INSERT INTO `sys_menu` VALUES (112, '缓存列表', 2, 6, 'cacheList', 'monitor/cache/list', '', 1, 0, 'C', '0', '0', 'monitor:cache:list', 'redis-list', 'admin', '2023-08-15 16:28:37', '', NULL, '缓存列表菜单');
INSERT INTO `sys_menu` VALUES (113, '缓存监控', 2, 5, 'cache', 'monitor/cache/index', '', 1, 0, 'C', '0', '0', 'monitor:cache:list', 'redis', 'admin', '2023-08-15 16:28:37', '', NULL, '缓存监控菜单');
INSERT INTO `sys_menu` VALUES (114, '表单构建', 3, 1, 'build', 'tool/build/index', '', 1, 0, 'C', '0', '0', 'tool:build:list', 'build', 'admin', '2023-08-15 16:28:37', '', NULL, '表单构建菜单');
INSERT INTO `sys_menu` VALUES (115, '代码生成', 3, 2, 'gen', 'tool/gen/index', '', 1, 0, 'C', '0', '0', 'tool:gen:list', 'code', 'admin', '2023-08-15 16:28:37', '', NULL, '代码生成菜单');
INSERT INTO `sys_menu` VALUES (117, 'Admin监控', 2, 5, 'Admin', 'monitor/admin/index', '', 1, 0, 'C', '0', '0', 'monitor:admin:list', 'dashboard', 'admin', '2023-08-15 16:28:37', '', NULL, 'Admin监控菜单');
INSERT INTO `sys_menu` VALUES (118, '文件管理', 1, 10, 'oss', 'system/oss/index', '', 1, 0, 'C', '0', '0', 'system:oss:list', 'upload', 'admin', '2023-08-15 16:28:37', '', NULL, '文件管理菜单');
INSERT INTO `sys_menu` VALUES (120, '任务调度中心', 2, 5, 'XxlJob', 'monitor/xxljob/index', '', 1, 0, 'C', '0', '0', 'monitor:xxljob:list', 'job', 'admin', '2023-08-15 16:28:37', '', NULL, 'Xxl-Job控制台菜单');
INSERT INTO `sys_menu` VALUES (121, '流程分类', 4, 1, 'category', 'workflow/category/index', '', 1, 0, 'C', '0', '0', 'workflow:category:list', 'nested', 'admin', '2023-08-15 16:28:37', '', NULL, '流程分类菜单');
INSERT INTO `sys_menu` VALUES (122, '表单配置', 4, 2, 'form', 'workflow/form/index', '', 1, 0, 'C', '0', '0', 'workflow:form:list', 'form', 'admin', '2023-08-15 16:28:37', '', NULL, '表单配置菜单');
INSERT INTO `sys_menu` VALUES (123, '流程模型', 4, 3, 'model', 'workflow/model/index', '', 1, 0, 'C', '0', '0', 'workflow:model:list', 'component', 'admin', '2023-08-15 16:28:37', '', NULL, '流程模型菜单');
INSERT INTO `sys_menu` VALUES (124, '部署管理', 4, 4, 'deploy', 'workflow/deploy/index', '', 1, 0, 'C', '0', '0', 'workflow:deploy:list', 'example', 'admin', '2023-08-15 16:28:37', '', NULL, '部署管理菜单');
INSERT INTO `sys_menu` VALUES (125, '新建流程', 5, 1, 'create', 'workflow/work/index', '', 1, 0, 'C', '0', '0', 'workflow:process:startList', 'guide', 'admin', '2023-08-15 16:28:37', '', NULL, '新建流程菜单');
INSERT INTO `sys_menu` VALUES (126, '我的流程', 5, 2, 'own', 'workflow/work/own', '', 1, 0, 'C', '0', '0', 'workflow:process:ownList', 'cascader', 'admin', '2023-08-15 16:28:37', '', NULL, '我的流程菜单');
INSERT INTO `sys_menu` VALUES (127, '待办任务', 5, 3, 'todo', 'workflow/work/todo', '', 1, 0, 'C', '0', '0', 'workflow:process:todoList', 'time-range', 'admin', '2023-08-15 16:28:37', '', NULL, '待办任务菜单');
INSERT INTO `sys_menu` VALUES (128, '待签任务', 5, 4, 'claim', 'workflow/work/claim', '', 1, 0, 'C', '0', '0', 'workflow:process:claimList', 'checkbox', 'admin', '2023-08-15 16:28:37', '', NULL, '待签任务菜单');
INSERT INTO `sys_menu` VALUES (129, '已办任务', 5, 5, 'finished', 'workflow/work/finished', '', 1, 0, 'C', '0', '0', 'workflow:process:finishedList', 'checkbox', 'admin', '2023-08-15 16:28:37', '', NULL, '已办任务菜单');
INSERT INTO `sys_menu` VALUES (130, '抄送我的', 5, 6, 'copy', 'workflow/work/copy', '', 1, 0, 'C', '0', '0', 'workflow:process:copyList', 'checkbox', 'admin', '2023-08-15 16:28:37', '', NULL, '抄送我的菜单');
INSERT INTO `sys_menu` VALUES (500, '操作日志', 108, 1, 'operlog', 'monitor/operlog/index', '', 1, 0, 'C', '0', '0', 'monitor:operlog:list', 'form', 'admin', '2023-08-15 16:28:37', '', NULL, '操作日志菜单');
INSERT INTO `sys_menu` VALUES (501, '登录日志', 108, 2, 'logininfor', 'monitor/logininfor/index', '', 1, 0, 'C', '0', '0', 'monitor:logininfor:list', 'logininfor', 'admin', '2023-08-15 16:28:37', '', NULL, '登录日志菜单');
INSERT INTO `sys_menu` VALUES (1001, '用户查询', 100, 1, '', '', '', 1, 0, 'F', '0', '0', 'system:user:query', '#', 'admin', '2023-08-15 16:28:37', '', NULL, '');
INSERT INTO `sys_menu` VALUES (1002, '用户新增', 100, 2, '', '', '', 1, 0, 'F', '0', '0', 'system:user:add', '#', 'admin', '2023-08-15 16:28:37', '', NULL, '');
INSERT INTO `sys_menu` VALUES (1003, '用户修改', 100, 3, '', '', '', 1, 0, 'F', '0', '0', 'system:user:edit', '#', 'admin', '2023-08-15 16:28:37', '', NULL, '');
INSERT INTO `sys_menu` VALUES (1004, '用户删除', 100, 4, '', '', '', 1, 0, 'F', '0', '0', 'system:user:remove', '#', 'admin', '2023-08-15 16:28:37', '', NULL, '');
INSERT INTO `sys_menu` VALUES (1005, '用户导出', 100, 5, '', '', '', 1, 0, 'F', '0', '0', 'system:user:export', '#', 'admin', '2023-08-15 16:28:37', '', NULL, '');
INSERT INTO `sys_menu` VALUES (1006, '用户导入', 100, 6, '', '', '', 1, 0, 'F', '0', '0', 'system:user:import', '#', 'admin', '2023-08-15 16:28:37', '', NULL, '');
INSERT INTO `sys_menu` VALUES (1007, '重置密码', 100, 7, '', '', '', 1, 0, 'F', '0', '0', 'system:user:resetPwd', '#', 'admin', '2023-08-15 16:28:37', '', NULL, '');
INSERT INTO `sys_menu` VALUES (1010, '角色查询', 101, 1, '', '', '', 1, 0, 'F', '0', '0', 'system:role:query', '#', 'admin', '2023-08-15 16:28:37', '', NULL, '');
INSERT INTO `sys_menu` VALUES (1011, '角色新增', 101, 2, '', '', '', 1, 0, 'F', '0', '0', 'system:role:add', '#', 'admin', '2023-08-15 16:28:37', '', NULL, '');
INSERT INTO `sys_menu` VALUES (1012, '角色修改', 101, 3, '', '', '', 1, 0, 'F', '0', '0', 'system:role:edit', '#', 'admin', '2023-08-15 16:28:37', '', NULL, '');
INSERT INTO `sys_menu` VALUES (1013, '角色删除', 101, 4, '', '', '', 1, 0, 'F', '0', '0', 'system:role:remove', '#', 'admin', '2023-08-15 16:28:37', '', NULL, '');
INSERT INTO `sys_menu` VALUES (1014, '角色导出', 101, 5, '', '', '', 1, 0, 'F', '0', '0', 'system:role:export', '#', 'admin', '2023-08-15 16:28:37', '', NULL, '');
INSERT INTO `sys_menu` VALUES (1020, '菜单查询', 102, 1, '', '', '', 1, 0, 'F', '0', '0', 'system:menu:query', '#', 'admin', '2023-08-15 16:28:37', '', NULL, '');
INSERT INTO `sys_menu` VALUES (1021, '菜单新增', 102, 2, '', '', '', 1, 0, 'F', '0', '0', 'system:menu:add', '#', 'admin', '2023-08-15 16:28:37', '', NULL, '');
INSERT INTO `sys_menu` VALUES (1022, '菜单修改', 102, 3, '', '', '', 1, 0, 'F', '0', '0', 'system:menu:edit', '#', 'admin', '2023-08-15 16:28:37', '', NULL, '');
INSERT INTO `sys_menu` VALUES (1023, '菜单删除', 102, 4, '', '', '', 1, 0, 'F', '0', '0', 'system:menu:remove', '#', 'admin', '2023-08-15 16:28:37', '', NULL, '');
INSERT INTO `sys_menu` VALUES (1030, '部门查询', 103, 1, '', '', '', 1, 0, 'F', '0', '0', 'system:dept:query', '#', 'admin', '2023-08-15 16:28:37', '', NULL, '');
INSERT INTO `sys_menu` VALUES (1031, '部门新增', 103, 2, '', '', '', 1, 0, 'F', '0', '0', 'system:dept:add', '#', 'admin', '2023-08-15 16:28:37', '', NULL, '');
INSERT INTO `sys_menu` VALUES (1032, '部门修改', 103, 3, '', '', '', 1, 0, 'F', '0', '0', 'system:dept:edit', '#', 'admin', '2023-08-15 16:28:37', '', NULL, '');
INSERT INTO `sys_menu` VALUES (1033, '部门删除', 103, 4, '', '', '', 1, 0, 'F', '0', '0', 'system:dept:remove', '#', 'admin', '2023-08-15 16:28:37', '', NULL, '');
INSERT INTO `sys_menu` VALUES (1040, '岗位查询', 104, 1, '', '', '', 1, 0, 'F', '0', '0', 'system:post:query', '#', 'admin', '2023-08-15 16:28:37', '', NULL, '');
INSERT INTO `sys_menu` VALUES (1041, '岗位新增', 104, 2, '', '', '', 1, 0, 'F', '0', '0', 'system:post:add', '#', 'admin', '2023-08-15 16:28:37', '', NULL, '');
INSERT INTO `sys_menu` VALUES (1042, '岗位修改', 104, 3, '', '', '', 1, 0, 'F', '0', '0', 'system:post:edit', '#', 'admin', '2023-08-15 16:28:37', '', NULL, '');
INSERT INTO `sys_menu` VALUES (1043, '岗位删除', 104, 4, '', '', '', 1, 0, 'F', '0', '0', 'system:post:remove', '#', 'admin', '2023-08-15 16:28:37', '', NULL, '');
INSERT INTO `sys_menu` VALUES (1044, '岗位导出', 104, 5, '', '', '', 1, 0, 'F', '0', '0', 'system:post:export', '#', 'admin', '2023-08-15 16:28:37', '', NULL, '');
INSERT INTO `sys_menu` VALUES (1050, '字典查询', 105, 1, '#', '', '', 1, 0, 'F', '0', '0', 'system:dict:query', '#', 'admin', '2023-08-15 16:28:37', '', NULL, '');
INSERT INTO `sys_menu` VALUES (1051, '字典新增', 105, 2, '#', '', '', 1, 0, 'F', '0', '0', 'system:dict:add', '#', 'admin', '2023-08-15 16:28:37', '', NULL, '');
INSERT INTO `sys_menu` VALUES (1052, '字典修改', 105, 3, '#', '', '', 1, 0, 'F', '0', '0', 'system:dict:edit', '#', 'admin', '2023-08-15 16:28:37', '', NULL, '');
INSERT INTO `sys_menu` VALUES (1053, '字典删除', 105, 4, '#', '', '', 1, 0, 'F', '0', '0', 'system:dict:remove', '#', 'admin', '2023-08-15 16:28:37', '', NULL, '');
INSERT INTO `sys_menu` VALUES (1054, '字典导出', 105, 5, '#', '', '', 1, 0, 'F', '0', '0', 'system:dict:export', '#', 'admin', '2023-08-15 16:28:37', '', NULL, '');
INSERT INTO `sys_menu` VALUES (1060, '参数查询', 106, 1, '#', '', '', 1, 0, 'F', '0', '0', 'system:config:query', '#', 'admin', '2023-08-15 16:28:37', '', NULL, '');
INSERT INTO `sys_menu` VALUES (1061, '参数新增', 106, 2, '#', '', '', 1, 0, 'F', '0', '0', 'system:config:add', '#', 'admin', '2023-08-15 16:28:37', '', NULL, '');
INSERT INTO `sys_menu` VALUES (1062, '参数修改', 106, 3, '#', '', '', 1, 0, 'F', '0', '0', 'system:config:edit', '#', 'admin', '2023-08-15 16:28:37', '', NULL, '');
INSERT INTO `sys_menu` VALUES (1063, '参数删除', 106, 4, '#', '', '', 1, 0, 'F', '0', '0', 'system:config:remove', '#', 'admin', '2023-08-15 16:28:37', '', NULL, '');
INSERT INTO `sys_menu` VALUES (1064, '参数导出', 106, 5, '#', '', '', 1, 0, 'F', '0', '0', 'system:config:export', '#', 'admin', '2023-08-15 16:28:37', '', NULL, '');
INSERT INTO `sys_menu` VALUES (1070, '公告查询', 107, 1, '#', '', '', 1, 0, 'F', '0', '0', 'system:notice:query', '#', 'admin', '2023-08-15 16:28:37', '', NULL, '');
INSERT INTO `sys_menu` VALUES (1071, '公告新增', 107, 2, '#', '', '', 1, 0, 'F', '0', '0', 'system:notice:add', '#', 'admin', '2023-08-15 16:28:37', '', NULL, '');
INSERT INTO `sys_menu` VALUES (1072, '公告修改', 107, 3, '#', '', '', 1, 0, 'F', '0', '0', 'system:notice:edit', '#', 'admin', '2023-08-15 16:28:37', '', NULL, '');
INSERT INTO `sys_menu` VALUES (1073, '公告删除', 107, 4, '#', '', '', 1, 0, 'F', '0', '0', 'system:notice:remove', '#', 'admin', '2023-08-15 16:28:37', '', NULL, '');
INSERT INTO `sys_menu` VALUES (1080, '操作查询', 500, 1, '#', '', '', 1, 0, 'F', '0', '0', 'monitor:operlog:query', '#', 'admin', '2023-08-15 16:28:37', '', NULL, '');
INSERT INTO `sys_menu` VALUES (1081, '操作删除', 500, 2, '#', '', '', 1, 0, 'F', '0', '0', 'monitor:operlog:remove', '#', 'admin', '2023-08-15 16:28:37', '', NULL, '');
INSERT INTO `sys_menu` VALUES (1082, '日志导出', 500, 4, '#', '', '', 1, 0, 'F', '0', '0', 'monitor:operlog:export', '#', 'admin', '2023-08-15 16:28:37', '', NULL, '');
INSERT INTO `sys_menu` VALUES (1090, '登录查询', 501, 1, '#', '', '', 1, 0, 'F', '0', '0', 'monitor:logininfor:query', '#', 'admin', '2023-08-15 16:28:37', '', NULL, '');
INSERT INTO `sys_menu` VALUES (1091, '登录删除', 501, 2, '#', '', '', 1, 0, 'F', '0', '0', 'monitor:logininfor:remove', '#', 'admin', '2023-08-15 16:28:37', '', NULL, '');
INSERT INTO `sys_menu` VALUES (1092, '日志导出', 501, 3, '#', '', '', 1, 0, 'F', '0', '0', 'monitor:logininfor:export', '#', 'admin', '2023-08-15 16:28:37', '', NULL, '');
INSERT INTO `sys_menu` VALUES (1093, '账户解锁', 501, 4, '#', '', '', 1, 0, 'F', '0', '0', 'monitor:logininfor:unlock', '#', 'admin', '2023-08-15 16:28:37', '', NULL, '');
INSERT INTO `sys_menu` VALUES (1100, '在线查询', 109, 1, '#', '', '', 1, 0, 'F', '0', '0', 'monitor:online:query', '#', 'admin', '2023-08-15 16:28:37', '', NULL, '');
INSERT INTO `sys_menu` VALUES (1101, '批量强退', 109, 2, '#', '', '', 1, 0, 'F', '0', '0', 'monitor:online:batchLogout', '#', 'admin', '2023-08-15 16:28:37', '', NULL, '');
INSERT INTO `sys_menu` VALUES (1102, '单条强退', 109, 3, '#', '', '', 1, 0, 'F', '0', '0', 'monitor:online:forceLogout', '#', 'admin', '2023-08-15 16:28:37', '', NULL, '');
INSERT INTO `sys_menu` VALUES (1120, '生成查询', 115, 1, '#', '', '', 1, 0, 'F', '0', '0', 'tool:gen:query', '#', 'admin', '2023-08-15 16:28:37', '', NULL, '');
INSERT INTO `sys_menu` VALUES (1121, '生成修改', 115, 2, '#', '', '', 1, 0, 'F', '0', '0', 'tool:gen:edit', '#', 'admin', '2023-08-15 16:28:37', '', NULL, '');
INSERT INTO `sys_menu` VALUES (1122, '生成删除', 115, 3, '#', '', '', 1, 0, 'F', '0', '0', 'tool:gen:remove', '#', 'admin', '2023-08-15 16:28:37', '', NULL, '');
INSERT INTO `sys_menu` VALUES (1123, '导入代码', 115, 4, '#', '', '', 1, 0, 'F', '0', '0', 'tool:gen:import', '#', 'admin', '2023-08-15 16:28:37', '', NULL, '');
INSERT INTO `sys_menu` VALUES (1124, '预览代码', 115, 5, '#', '', '', 1, 0, 'F', '0', '0', 'tool:gen:preview', '#', 'admin', '2023-08-15 16:28:37', '', NULL, '');
INSERT INTO `sys_menu` VALUES (1125, '生成代码', 115, 6, '#', '', '', 1, 0, 'F', '0', '0', 'tool:gen:code', '#', 'admin', '2023-08-15 16:28:37', '', NULL, '');
INSERT INTO `sys_menu` VALUES (1130, '文件查询', 118, 1, '#', '', '', 1, 0, 'F', '0', '0', 'system:oss:query', '#', 'admin', '2023-08-15 16:28:37', '', NULL, '');
INSERT INTO `sys_menu` VALUES (1131, '文件上传', 118, 2, '#', '', '', 1, 0, 'F', '0', '0', 'system:oss:upload', '#', 'admin', '2023-08-15 16:28:37', '', NULL, '');
INSERT INTO `sys_menu` VALUES (1132, '文件下载', 118, 3, '#', '', '', 1, 0, 'F', '0', '0', 'system:oss:download', '#', 'admin', '2023-08-15 16:28:37', '', NULL, '');
INSERT INTO `sys_menu` VALUES (1133, '文件删除', 118, 4, '#', '', '', 1, 0, 'F', '0', '0', 'system:oss:remove', '#', 'admin', '2023-08-15 16:28:37', '', NULL, '');
INSERT INTO `sys_menu` VALUES (1134, '配置添加', 118, 5, '#', '', '', 1, 0, 'F', '0', '0', 'system:oss:add', '#', 'admin', '2023-08-15 16:28:37', '', NULL, '');
INSERT INTO `sys_menu` VALUES (1135, '配置编辑', 118, 6, '#', '', '', 1, 0, 'F', '0', '0', 'system:oss:edit', '#', 'admin', '2023-08-15 16:28:37', '', NULL, '');
INSERT INTO `sys_menu` VALUES (1140, '分类查询', 121, 1, '#', '', '', 1, 0, 'F', '0', '0', 'workflow:category:query', '#', 'admin', '2023-08-15 16:28:37', '', NULL, '');
INSERT INTO `sys_menu` VALUES (1141, '分类新增', 121, 2, '#', '', '', 1, 0, 'F', '0', '0', 'workflow:category:add', '#', 'admin', '2023-08-15 16:28:37', '', NULL, '');
INSERT INTO `sys_menu` VALUES (1142, '分类编辑', 121, 3, '#', '', '', 1, 0, 'F', '0', '0', 'workflow:category:edit', '#', 'admin', '2023-08-15 16:28:37', '', NULL, '');
INSERT INTO `sys_menu` VALUES (1143, '分类删除', 121, 4, '#', '', '', 1, 0, 'F', '0', '0', 'workflow:category:remove', '#', 'admin', '2023-08-15 16:28:37', '', NULL, '');
INSERT INTO `sys_menu` VALUES (1150, '表单查询', 122, 1, '#', '', '', 1, 0, 'F', '0', '0', 'workflow:form:query', '#', 'admin', '2023-08-15 16:28:37', '', NULL, '');
INSERT INTO `sys_menu` VALUES (1151, '表单新增', 122, 2, '#', '', '', 1, 0, 'F', '0', '0', 'workflow:form:add', '#', 'admin', '2023-08-15 16:28:37', '', NULL, '');
INSERT INTO `sys_menu` VALUES (1152, '表单修改', 122, 3, '#', '', '', 1, 0, 'F', '0', '0', 'workflow:form:edit', '#', 'admin', '2023-08-15 16:28:37', '', NULL, '');
INSERT INTO `sys_menu` VALUES (1153, '表单删除', 122, 4, '#', '', '', 1, 0, 'F', '0', '0', 'workflow:form:remove', '#', 'admin', '2023-08-15 16:28:37', '', NULL, '');
INSERT INTO `sys_menu` VALUES (1154, '表单导出', 122, 5, '#', '', '', 1, 0, 'F', '0', '0', 'workflow:form:export', '#', 'admin', '2023-08-15 16:28:37', '', NULL, '');
INSERT INTO `sys_menu` VALUES (1160, '模型查询', 123, 1, '#', '', '', 1, 0, 'F', '0', '0', 'workflow:model:query', '#', 'admin', '2023-08-15 16:28:37', '', NULL, '');
INSERT INTO `sys_menu` VALUES (1161, '模型新增', 123, 2, '#', '', '', 1, 0, 'F', '0', '0', 'workflow:model:add', '#', 'admin', '2023-08-15 16:28:37', '', NULL, '');
INSERT INTO `sys_menu` VALUES (1162, '模型修改', 123, 3, '#', '', '', 1, 0, 'F', '0', '0', 'workflow:model:edit', '#', 'admin', '2023-08-15 16:28:37', '', NULL, '');
INSERT INTO `sys_menu` VALUES (1163, '模型删除', 123, 4, '#', '', '', 1, 0, 'F', '0', '0', 'workflow:model:remove', '#', 'admin', '2023-08-15 16:28:37', '', NULL, '');
INSERT INTO `sys_menu` VALUES (1164, '模型导出', 123, 5, '#', '', '', 1, 0, 'F', '0', '0', 'workflow:model:export', '#', 'admin', '2023-08-15 16:28:37', '', NULL, '');
INSERT INTO `sys_menu` VALUES (1165, '模型导入', 123, 6, '#', '', '', 1, 0, 'F', '0', '0', 'workflow:model:import', '#', 'admin', '2023-08-15 16:28:37', '', NULL, '');
INSERT INTO `sys_menu` VALUES (1166, '模型设计', 123, 7, '#', '', '', 1, 0, 'F', '0', '0', 'workflow:model:designer', '#', 'admin', '2023-08-15 16:28:37', '', NULL, '');
INSERT INTO `sys_menu` VALUES (1167, '模型保存', 123, 8, '#', '', '', 1, 0, 'F', '0', '0', 'workflow:model:save', '#', 'admin', '2023-08-15 16:28:37', '', NULL, '');
INSERT INTO `sys_menu` VALUES (1168, '流程部署', 123, 9, '#', '', '', 1, 0, 'F', '0', '0', 'workflow:model:deploy', '#', 'admin', '2023-08-15 16:28:37', '', NULL, '');
INSERT INTO `sys_menu` VALUES (1170, '部署查询', 124, 1, '#', '', '', 1, 0, 'F', '0', '0', 'workflow:deploy:query', '#', 'admin', '2023-08-15 16:28:37', '', NULL, '');
INSERT INTO `sys_menu` VALUES (1171, '部署删除', 124, 2, '#', '', '', 1, 0, 'F', '0', '0', 'workflow:deploy:remove', '#', 'admin', '2023-08-15 16:28:37', '', NULL, '');
INSERT INTO `sys_menu` VALUES (1172, '更新状态', 124, 3, '#', '', '', 1, 0, 'F', '0', '0', 'workflow:deploy:status', '#', 'admin', '2023-08-15 16:28:37', '', NULL, '');
INSERT INTO `sys_menu` VALUES (1180, '发起流程', 125, 1, '#', '', '', 1, 0, 'F', '0', '0', 'workflow:process:start', '#', 'admin', '2023-08-15 16:28:37', '', NULL, '');
INSERT INTO `sys_menu` VALUES (1181, '新建流程导出', 125, 2, '#', '', '', 1, 0, 'F', '0', '0', 'workflow:process:startExport', '#', 'admin', '2023-08-15 16:28:37', '', NULL, '');
INSERT INTO `sys_menu` VALUES (1190, '流程详情', 126, 1, '#', '', '', 1, 0, 'F', '0', '0', 'workflow:process:query', '#', 'admin', '2023-08-15 16:28:37', '', NULL, '');
INSERT INTO `sys_menu` VALUES (1191, '流程删除', 126, 2, '#', '', '', 1, 0, 'F', '0', '0', 'workflow:process:remove', '#', 'admin', '2023-08-15 16:28:37', '', NULL, '');
INSERT INTO `sys_menu` VALUES (1192, '流程取消', 126, 3, '#', '', '', 1, 0, 'F', '0', '0', 'workflow:process:cancel', '#', 'admin', '2023-08-15 16:28:37', '', NULL, '');
INSERT INTO `sys_menu` VALUES (1193, '我的流程导出', 126, 4, '#', '', '', 1, 0, 'F', '0', '0', 'workflow:process:ownExport', '#', 'admin', '2023-08-15 16:28:37', '', NULL, '');
INSERT INTO `sys_menu` VALUES (1200, '流程办理', 127, 1, '#', '', '', 1, 0, 'F', '0', '0', 'workflow:process:approval', '#', 'admin', '2023-08-15 16:28:37', '', NULL, '');
INSERT INTO `sys_menu` VALUES (1201, '待办流程导出', 127, 2, '#', '', '', 1, 0, 'F', '0', '0', 'workflow:process:todoExport', '#', 'admin', '2023-08-15 16:28:37', '', NULL, '');
INSERT INTO `sys_menu` VALUES (1210, '流程签收', 128, 1, '#', '', '', 1, 0, 'F', '0', '0', 'workflow:process:claim', '#', 'admin', '2023-08-15 16:28:37', '', NULL, '');
INSERT INTO `sys_menu` VALUES (1211, '待签流程导出', 128, 2, '#', '', '', 1, 0, 'F', '0', '0', 'workflow:process:claimExport', '#', 'admin', '2023-08-15 16:28:37', '', NULL, '');
INSERT INTO `sys_menu` VALUES (1220, '流程撤回', 129, 1, '#', '', '', 1, 0, 'F', '0', '0', 'workflow:process:revoke', '#', 'admin', '2023-08-15 16:28:37', '', NULL, '');
INSERT INTO `sys_menu` VALUES (1221, '已办流程导出', 129, 2, '#', '', '', 1, 0, 'F', '0', '0', 'workflow:process:finishedExport', '#', 'admin', '2023-08-15 16:28:37', '', NULL, '');
INSERT INTO `sys_menu` VALUES (1230, '抄送流程导出', 130, 1, '#', '', '', 1, 0, 'F', '0', '0', 'workflow:process:copyExport', '#', 'admin', '2023-08-15 16:28:37', '', NULL, '');

-- ----------------------------
-- Table structure for sys_notice
-- ----------------------------
DROP TABLE IF EXISTS `sys_notice`;
CREATE TABLE `sys_notice`  (
  `notice_id` bigint NOT NULL COMMENT '公告ID',
  `notice_title` varchar(50) CHARACTER SET utf8mb4 COLLATE utf8mb4_general_ci NOT NULL COMMENT '公告标题',
  `notice_type` char(1) CHARACTER SET utf8mb4 COLLATE utf8mb4_general_ci NOT NULL COMMENT '公告类型（1通知 2公告）',
  `notice_content` longblob NULL COMMENT '公告内容',
  `status` char(1) CHARACTER SET utf8mb4 COLLATE utf8mb4_general_ci NULL DEFAULT '0' COMMENT '公告状态（0正常 1关闭）',
  `create_by` varchar(64) CHARACTER SET utf8mb4 COLLATE utf8mb4_general_ci NULL DEFAULT '' COMMENT '创建者',
  `create_time` datetime NULL DEFAULT NULL COMMENT '创建时间',
  `update_by` varchar(64) CHARACTER SET utf8mb4 COLLATE utf8mb4_general_ci NULL DEFAULT '' COMMENT '更新者',
  `update_time` datetime NULL DEFAULT NULL COMMENT '更新时间',
  `remark` varchar(255) CHARACTER SET utf8mb4 COLLATE utf8mb4_general_ci NULL DEFAULT NULL COMMENT '备注',
  PRIMARY KEY (`notice_id`) USING BTREE
) ENGINE = InnoDB CHARACTER SET = utf8mb4 COLLATE = utf8mb4_general_ci COMMENT = '通知公告表' ROW_FORMAT = DYNAMIC;

-- ----------------------------
-- Records of sys_notice
-- ----------------------------
INSERT INTO `sys_notice` VALUES (1, '温馨提醒：2018-07-01 新版本发布啦', '2', 0x3C703E3C696D67207372633D22687474703A2F2F3139322E3136382E3230302E3132383A393030302F72756F79692D706C75732F63616F62696E2F323032342F30312F31362F65326430323562303734326434303564393330393862346365306637313066662E6A7067223EE696B0E78988E69CACE58685E5AEB93C2F703E, '0', 'admin', '2023-08-15 16:28:38', 'admin', '2024-01-16 14:04:30', '管理员');
INSERT INTO `sys_notice` VALUES (2, '维护通知：2018-07-01 系统凌晨维护', '1', 0xE7BBB4E68AA4E58685E5AEB9, '0', 'admin', '2023-08-15 16:28:38', '', NULL, '管理员');

-- ----------------------------
-- Table structure for sys_oper_log
-- ----------------------------
DROP TABLE IF EXISTS `sys_oper_log`;
CREATE TABLE `sys_oper_log`  (
  `oper_id` bigint NOT NULL COMMENT '日志主键',
  `title` varchar(50) CHARACTER SET utf8mb4 COLLATE utf8mb4_general_ci NULL DEFAULT '' COMMENT '模块标题',
  `business_type` int NULL DEFAULT 0 COMMENT '业务类型（0其它 1新增 2修改 3删除）',
  `method` varchar(100) CHARACTER SET utf8mb4 COLLATE utf8mb4_general_ci NULL DEFAULT '' COMMENT '方法名称',
  `request_method` varchar(10) CHARACTER SET utf8mb4 COLLATE utf8mb4_general_ci NULL DEFAULT '' COMMENT '请求方式',
  `operator_type` int NULL DEFAULT 0 COMMENT '操作类别（0其它 1后台用户 2手机端用户）',
  `oper_name` varchar(50) CHARACTER SET utf8mb4 COLLATE utf8mb4_general_ci NULL DEFAULT '' COMMENT '操作人员',
  `dept_name` varchar(50) CHARACTER SET utf8mb4 COLLATE utf8mb4_general_ci NULL DEFAULT '' COMMENT '部门名称',
  `oper_url` varchar(255) CHARACTER SET utf8mb4 COLLATE utf8mb4_general_ci NULL DEFAULT '' COMMENT '请求URL',
  `oper_ip` varchar(128) CHARACTER SET utf8mb4 COLLATE utf8mb4_general_ci NULL DEFAULT '' COMMENT '主机地址',
  `oper_location` varchar(255) CHARACTER SET utf8mb4 COLLATE utf8mb4_general_ci NULL DEFAULT '' COMMENT '操作地点',
  `oper_param` varchar(2000) CHARACTER SET utf8mb4 COLLATE utf8mb4_general_ci NULL DEFAULT '' COMMENT '请求参数',
  `json_result` varchar(2000) CHARACTER SET utf8mb4 COLLATE utf8mb4_general_ci NULL DEFAULT '' COMMENT '返回参数',
  `status` int NULL DEFAULT 0 COMMENT '操作状态（0正常 1异常）',
  `error_msg` varchar(2000) CHARACTER SET utf8mb4 COLLATE utf8mb4_general_ci NULL DEFAULT '' COMMENT '错误消息',
  `oper_time` datetime NULL DEFAULT NULL COMMENT '操作时间',
  PRIMARY KEY (`oper_id`) USING BTREE
) ENGINE = InnoDB CHARACTER SET = utf8mb4 COLLATE = utf8mb4_general_ci COMMENT = '操作日志记录' ROW_FORMAT = DYNAMIC;

-- ----------------------------
-- Records of sys_oper_log
-- ----------------------------
INSERT INTO `sys_oper_log` VALUES (1691370044523253762, '用户管理', 1, 'com.ruoyi.web.controller.system.SysUserController.add()', 'POST', 1, 'admin', '', '/system/user', '127.0.0.1', '内网IP', '{\"createBy\":\"admin\",\"createTime\":\"2023-08-15 16:43:37\",\"updateBy\":\"admin\",\"updateTime\":\"2023-08-15 16:43:37\",\"userId\":null,\"deptId\":100,\"userName\":\"xmg\",\"nickName\":\"谢老板\",\"userType\":null,\"email\":\"613@qq.com\",\"phonenumber\":\"13479243656\",\"sex\":\"0\",\"avatar\":null,\"status\":\"0\",\"delFlag\":null,\"loginIp\":null,\"loginDate\":null,\"remark\":\"牛掰的角色\",\"dept\":null,\"roles\":null,\"roleIds\":[2],\"postIds\":[1],\"roleId\":null,\"admin\":false}', '', 1, '\r\n### Error updating database.  Cause: java.sql.SQLException: Field \'user_id\' doesn\'t have a default value\r\n### The error may exist in com/ruoyi/system/mapper/SysUserMapper.java (best guess)\r\n### The error may involve com.ruoyi.system.mapper.SysUserMapper.insert-Inline\r\n### The error occurred while setting parameters\r\n### SQL: INSERT INTO sys_user  ( dept_id, user_name, nick_name,  email, phonenumber, sex,  password, status,    remark, create_by, create_time, update_by, update_time )  VALUES  ( ?, ?, ?,  ?, ?, ?,  ?, ?,    ?, ?, ?, ?, ? )\r\n### Cause: java.sql.SQLException: Field \'user_id\' doesn\'t have a default value\n; Field \'user_id\' doesn\'t have a default value; nested exception is java.sql.SQLException: Field \'user_id\' doesn\'t have a default value', '2023-08-15 16:43:37');
INSERT INTO `sys_oper_log` VALUES (1691370327814934529, '用户管理', 1, 'com.ruoyi.web.controller.system.SysUserController.add()', 'POST', 1, 'admin', '', '/system/user', '127.0.0.1', '内网IP', '{\"createBy\":\"admin\",\"createTime\":\"2023-08-15 16:44:44\",\"updateBy\":\"admin\",\"updateTime\":\"2023-08-15 16:44:44\",\"userId\":3,\"deptId\":100,\"userName\":\"xmg\",\"nickName\":\"谢老板\",\"userType\":null,\"email\":\"613@qq.com\",\"phonenumber\":\"13479243656\",\"sex\":\"0\",\"avatar\":null,\"status\":\"0\",\"delFlag\":null,\"loginIp\":null,\"loginDate\":null,\"remark\":\"牛掰的角色\",\"dept\":null,\"roles\":null,\"roleIds\":[2],\"postIds\":[1],\"roleId\":null,\"admin\":false}', '{\"code\":200,\"msg\":\"操作成功\",\"data\":null}', 0, '', '2023-08-15 16:44:45');
INSERT INTO `sys_oper_log` VALUES (1691370564981854209, '用户管理', 1, 'com.ruoyi.web.controller.system.SysUserController.add()', 'POST', 1, 'admin', '', '/system/user', '127.0.0.1', '内网IP', '{\"createBy\":null,\"createTime\":null,\"updateBy\":null,\"updateTime\":null,\"userId\":null,\"deptId\":100,\"userName\":\"cb\",\"nickName\":\"曹老板\",\"userType\":null,\"email\":\"1228@qq.com\",\"phonenumber\":\"13479243656\",\"sex\":\"0\",\"avatar\":null,\"status\":\"0\",\"delFlag\":null,\"loginIp\":null,\"loginDate\":null,\"remark\":\"牛掰\",\"dept\":null,\"roles\":null,\"roleIds\":[2],\"postIds\":[1],\"roleId\":null,\"admin\":false}', '{\"code\":500,\"msg\":\"新增用户\'cb\'失败，手机号码已存在\",\"data\":null}', 0, '', '2023-08-15 16:45:41');
INSERT INTO `sys_oper_log` VALUES (1691370619742687233, '用户管理', 1, 'com.ruoyi.web.controller.system.SysUserController.add()', 'POST', 1, 'admin', '', '/system/user', '127.0.0.1', '内网IP', '{\"createBy\":\"admin\",\"createTime\":\"2023-08-15 16:45:54\",\"updateBy\":\"admin\",\"updateTime\":\"2023-08-15 16:45:54\",\"userId\":4,\"deptId\":100,\"userName\":\"cb\",\"nickName\":\"曹老板\",\"userType\":null,\"email\":\"1228@qq.com\",\"phonenumber\":\"13576237349\",\"sex\":\"0\",\"avatar\":null,\"status\":\"0\",\"delFlag\":null,\"loginIp\":null,\"loginDate\":null,\"remark\":\"牛掰\",\"dept\":null,\"roles\":null,\"roleIds\":[2],\"postIds\":[1],\"roleId\":null,\"admin\":false}', '{\"code\":200,\"msg\":\"操作成功\",\"data\":null}', 0, '', '2023-08-15 16:45:55');
INSERT INTO `sys_oper_log` VALUES (1691370837204766721, '用户管理', 1, 'com.ruoyi.web.controller.system.SysUserController.add()', 'POST', 1, 'admin', '', '/system/user', '127.0.0.1', '内网IP', '{\"createBy\":\"admin\",\"createTime\":\"2023-08-15 16:46:46\",\"updateBy\":\"admin\",\"updateTime\":\"2023-08-15 16:46:46\",\"userId\":5,\"deptId\":100,\"userName\":\"bg\",\"nickName\":\"波哥\",\"userType\":null,\"email\":\"78@qq.com\",\"phonenumber\":\"13566666666\",\"sex\":\"0\",\"avatar\":null,\"status\":\"0\",\"delFlag\":null,\"loginIp\":null,\"loginDate\":null,\"remark\":\"波哥666\",\"dept\":null,\"roles\":null,\"roleIds\":[2],\"postIds\":[1],\"roleId\":null,\"admin\":false}', '{\"code\":200,\"msg\":\"操作成功\",\"data\":null}', 0, '', '2023-08-15 16:46:46');
INSERT INTO `sys_oper_log` VALUES (1698939762876485633, '流程表单', 1, 'com.ruoyi.web.controller.workflow.WfFormController.add()', 'POST', 1, 'admin', '', '/workflow/form', '127.0.0.1', '内网IP', '{\"createBy\":null,\"createTime\":null,\"updateBy\":null,\"updateTime\":null,\"formId\":null,\"formName\":null,\"content\":\"{\\\"formRef\\\":\\\"elForm\\\",\\\"formModel\\\":\\\"formData\\\",\\\"size\\\":\\\"medium\\\",\\\"labelPosition\\\":\\\"right\\\",\\\"labelWidth\\\":100,\\\"formRules\\\":\\\"rules\\\",\\\"gutter\\\":15,\\\"disabled\\\":false,\\\"span\\\":24,\\\"formBtns\\\":true,\\\"fields\\\":[{\\\"__config__\\\":{\\\"label\\\":\\\"单行文本\\\",\\\"labelWidth\\\":null,\\\"showLabel\\\":true,\\\"changeTag\\\":true,\\\"tag\\\":\\\"el-input\\\",\\\"tagIcon\\\":\\\"input\\\",\\\"required\\\":true,\\\"layout\\\":\\\"colFormItem\\\",\\\"span\\\":24,\\\"document\\\":\\\"https://element.eleme.cn/#/zh-CN/component/input\\\",\\\"regList\\\":[],\\\"formId\\\":101,\\\"renderKey\\\":\\\"1011693893767038\\\"},\\\"__slot__\\\":{\\\"prepend\\\":\\\"\\\",\\\"append\\\":\\\"\\\"},\\\"placeholder\\\":\\\"请输入单行文本\\\",\\\"style\\\":{\\\"width\\\":\\\"100%\\\"},\\\"clearable\\\":true,\\\"prefix-icon\\\":\\\"\\\",\\\"suffix-icon\\\":\\\"\\\",\\\"maxlength\\\":null,\\\"show-word-limit\\\":false,\\\"readonly\\\":false,\\\"disabled\\\":false,\\\"__vModel__\\\":\\\"field101\\\"}]}\",\"remark\":null}', '{\"code\":200,\"msg\":\"操作成功\",\"data\":null}', 0, '', '2023-09-05 14:02:59');
INSERT INTO `sys_oper_log` VALUES (1698939826697015297, '流程表单', 2, 'com.ruoyi.web.controller.workflow.WfFormController.edit()', 'PUT', 1, 'admin', '', '/workflow/form', '127.0.0.1', '内网IP', '{\"createBy\":null,\"createTime\":null,\"updateBy\":null,\"updateTime\":null,\"formId\":\"1698939762687741954\",\"formName\":\"请假单\",\"content\":\"{\\\"formRef\\\":\\\"elForm\\\",\\\"formModel\\\":\\\"formData\\\",\\\"size\\\":\\\"medium\\\",\\\"labelPosition\\\":\\\"right\\\",\\\"labelWidth\\\":100,\\\"formRules\\\":\\\"rules\\\",\\\"gutter\\\":15,\\\"disabled\\\":false,\\\"span\\\":24,\\\"formBtns\\\":true,\\\"fields\\\":[{\\\"__config__\\\":{\\\"label\\\":\\\"单行文本\\\",\\\"labelWidth\\\":null,\\\"showLabel\\\":true,\\\"changeTag\\\":true,\\\"tag\\\":\\\"el-input\\\",\\\"tagIcon\\\":\\\"input\\\",\\\"required\\\":true,\\\"layout\\\":\\\"colFormItem\\\",\\\"span\\\":24,\\\"document\\\":\\\"https://element.eleme.cn/#/zh-CN/component/input\\\",\\\"regList\\\":[],\\\"formId\\\":101,\\\"renderKey\\\":\\\"1011693893767038\\\"},\\\"__slot__\\\":{\\\"prepend\\\":\\\"\\\",\\\"append\\\":\\\"\\\"},\\\"placeholder\\\":\\\"请输入单行文本\\\",\\\"style\\\":{\\\"width\\\":\\\"100%\\\"},\\\"clearable\\\":true,\\\"prefix-icon\\\":\\\"\\\",\\\"suffix-icon\\\":\\\"\\\",\\\"maxlength\\\":null,\\\"show-word-limit\\\":false,\\\"readonly\\\":false,\\\"disabled\\\":false,\\\"__vModel__\\\":\\\"field101\\\"}]}\",\"remark\":null}', '{\"code\":200,\"msg\":\"操作成功\",\"data\":null}', 0, '', '2023-09-05 14:03:14');
INSERT INTO `sys_oper_log` VALUES (1698939985073934338, '流程分类', 1, 'com.ruoyi.web.controller.workflow.WfCategoryController.add()', 'POST', 1, 'admin', '', '/workflow/category', '127.0.0.1', '内网IP', '{\"createBy\":null,\"createTime\":null,\"updateBy\":null,\"updateTime\":null,\"categoryId\":null,\"categoryName\":\"qingjia\",\"code\":\"188\",\"remark\":null,\"delFlag\":null}', '{\"code\":200,\"msg\":\"操作成功\",\"data\":null}', 0, '', '2023-09-05 14:03:52');
INSERT INTO `sys_oper_log` VALUES (1698940067735277569, '流程模型', 1, 'com.ruoyi.web.controller.workflow.WfModelController.add()', 'POST', 1, 'admin', '', '/workflow/model', '127.0.0.1', '内网IP', '{\"modelId\":null,\"modelName\":\"业务流程_1693893848930\",\"modelKey\":\"Process_1693893848930\",\"category\":\"188\",\"description\":null,\"formType\":null,\"formId\":null,\"bpmnXml\":null,\"newVersion\":null}', '{\"code\":200,\"msg\":\"操作成功\",\"data\":null}', 0, '', '2023-09-05 14:04:12');
INSERT INTO `sys_oper_log` VALUES (1698940726035484674, '保存流程模型', 1, 'com.ruoyi.web.controller.workflow.WfModelController.save()', 'POST', 1, 'admin', '', '/workflow/model/save', '127.0.0.1', '内网IP', '{\"modelId\":\"089d43bf-4bb2-11ee-9ed1-a0e70b8d65c1\",\"modelName\":null,\"modelKey\":null,\"category\":null,\"description\":null,\"formType\":null,\"formId\":null,\"bpmnXml\":\"<?xml version=\\\"1.0\\\" encoding=\\\"UTF-8\\\"?>\\n<bpmn2:definitions xmlns:xsi=\\\"http://www.w3.org/2001/XMLSchema-instance\\\" xmlns:bpmn2=\\\"http://www.omg.org/spec/BPMN/20100524/MODEL\\\" xmlns:bpmndi=\\\"http://www.omg.org/spec/BPMN/20100524/DI\\\" xmlns:dc=\\\"http://www.omg.org/spec/DD/20100524/DC\\\" xmlns:di=\\\"http://www.omg.org/spec/DD/20100524/DI\\\" xmlns:flowable=\\\"http://flowable.org/bpmn\\\" id=\\\"diagram_Process_1693893848930\\\" targetNamespace=\\\"http://flowable.org/bpmn\\\" xsi:schemaLocation=\\\"http://www.omg.org/spec/BPMN/20100524/MODEL BPMN20.xsd\\\">\\n  <bpmn2:process id=\\\"Process_1693893848930\\\" name=\\\"业务流程_1693893848930\\\" isExecutable=\\\"true\\\">\\n    <bpmn2:startEvent id=\\\"Event_118u13x\\\" name=\\\"开始\\\" flowable:formKey=\\\"key_1698939762687741954\\\">\\n      <bpmn2:outgoing>Flow_1ekpu06</bpmn2:outgoing>\\n    </bpmn2:startEvent>\\n    <bpmn2:endEvent id=\\\"Event_0kbqzk8\\\" name=\\\"结束\\\">\\n      <bpmn2:incoming>Flow_00h9m1i</bpmn2:incoming>\\n    </bpmn2:endEvent>\\n    <bpmn2:userTask id=\\\"Activity_1fcjsgq\\\" name=\\\"任务\\\">\\n      <bpmn2:extensionElements>\\n        <flowable:taskListener class=\\\"com.ruoyi.flowable.listener.UserTaskListener\\\" event=\\\"create\\\" />\\n      </bpmn2:extensionElements>\\n      <bpmn2:incoming>Flow_1ekpu06</bpmn2:incoming>\\n      <bpmn2:outgoing>Flow_00h9m1i</bpmn2:outgoing>\\n    </bpmn2:userTask>\\n    <bpmn2:sequenceFlow id=\\\"Flow_1ekpu06\\\" sourceRef=\\\"Event_118u13x\\\" targetRef=\\\"Activity_1fcjsgq\\\" />\\n    <bpmn2:sequenceFlow id=\\\"Flow_00h9m1i\\\" sourceRef=\\\"Activity_1fcjsgq\\\" targetRef=\\\"Event_0kbqzk8\\\" />\\n  </bpmn2:process>\\n  <bpmndi:BPMNDiagram id=\\\"BPMNDiagram_1\\\">\\n    <bpmndi:BPMNPlane id=\\\"BPMNPlane_1\\\" bpmnElement=\\\"Process_1693893848930\\\">\\n      <bpmndi:BPMNEdge id=\\\"Flow_1ekpu06_di\\\" bpmnElement=\\\"Flow_1ekpu06\\\">\\n        <di:waypoint x=\\\"248\\\" y=\\\"220\\\" />\\n        <di:waypoint x=\\\"320\\\" y=\\\"220\\\" /', '{\"code\":200,\"msg\":\"操作成功\",\"data\":null}', 0, '', '2023-09-05 14:06:49');
INSERT INTO `sys_oper_log` VALUES (1698940734747054081, '部署流程模型', 1, 'com.ruoyi.web.controller.workflow.WfModelController.deployModel()', 'POST', 1, 'admin', '', '/workflow/model/deploy', '127.0.0.1', '内网IP', '\"662979f0-4bb2-11ee-9ed1-a0e70b8d65c1\"', '{\"code\":200,\"msg\":\"操作成功\",\"data\":null}', 0, '', '2023-09-05 14:06:51');
INSERT INTO `sys_oper_log` VALUES (1698941493941243905, '删除流程部署', 3, 'com.ruoyi.web.controller.workflow.WfDeployController.remove()', 'DELETE', 1, 'cb', '', '/workflow/deploy/673da912-4bb2-11ee-9ed1-a0e70b8d65c1', '127.0.0.1', '内网IP', '{}', '{\"code\":200,\"msg\":\"操作成功\",\"data\":null}', 0, '', '2023-09-05 14:09:52');
INSERT INTO `sys_oper_log` VALUES (1698941876797313025, '保存流程模型', 1, 'com.ruoyi.web.controller.workflow.WfModelController.save()', 'POST', 1, 'cb', '', '/workflow/model/save', '127.0.0.1', '内网IP', '{\"modelId\":\"662979f0-4bb2-11ee-9ed1-a0e70b8d65c1\",\"modelName\":null,\"modelKey\":null,\"category\":null,\"description\":null,\"formType\":null,\"formId\":null,\"bpmnXml\":\"<?xml version=\\\"1.0\\\" encoding=\\\"UTF-8\\\"?>\\n<bpmn2:definitions xmlns:xsi=\\\"http://www.w3.org/2001/XMLSchema-instance\\\" xmlns:bpmn2=\\\"http://www.omg.org/spec/BPMN/20100524/MODEL\\\" xmlns:bpmndi=\\\"http://www.omg.org/spec/BPMN/20100524/DI\\\" xmlns:dc=\\\"http://www.omg.org/spec/DD/20100524/DC\\\" xmlns:di=\\\"http://www.omg.org/spec/DD/20100524/DI\\\" xmlns:flowable=\\\"http://flowable.org/bpmn\\\" id=\\\"diagram_Process_1693893848930\\\" targetNamespace=\\\"http://flowable.org/bpmn\\\" xsi:schemaLocation=\\\"http://www.omg.org/spec/BPMN/20100524/MODEL BPMN20.xsd\\\">\\n  <bpmn2:process id=\\\"Process_1693893848930\\\" name=\\\"业务流程_1693893848930\\\" isExecutable=\\\"true\\\">\\n    <bpmn2:startEvent id=\\\"Event_118u13x\\\" name=\\\"开始\\\" flowable:formKey=\\\"key_1698939762687741954\\\">\\n      <bpmn2:outgoing>Flow_1ekpu06</bpmn2:outgoing>\\n    </bpmn2:startEvent>\\n    <bpmn2:endEvent id=\\\"Event_0kbqzk8\\\" name=\\\"结束\\\">\\n      <bpmn2:incoming>Flow_00h9m1i</bpmn2:incoming>\\n    </bpmn2:endEvent>\\n    <bpmn2:userTask id=\\\"Activity_1fcjsgq\\\" name=\\\"任务\\\" flowable:dataType=\\\"USERS\\\" flowable:assignee=\\\"2\\\" flowable:text=\\\"若依\\\">\\n      <bpmn2:extensionElements>\\n        <flowable:taskListener class=\\\"com.ruoyi.flowable.listener.UserTaskListener\\\" event=\\\"create\\\" />\\n      </bpmn2:extensionElements>\\n      <bpmn2:incoming>Flow_1ekpu06</bpmn2:incoming>\\n      <bpmn2:outgoing>Flow_00h9m1i</bpmn2:outgoing>\\n    </bpmn2:userTask>\\n    <bpmn2:sequenceFlow id=\\\"Flow_1ekpu06\\\" sourceRef=\\\"Event_118u13x\\\" targetRef=\\\"Activity_1fcjsgq\\\" />\\n    <bpmn2:sequenceFlow id=\\\"Flow_00h9m1i\\\" sourceRef=\\\"Activity_1fcjsgq\\\" targetRef=\\\"Event_0kbqzk8\\\" />\\n  </bpmn2:process>\\n  <bpmndi:BPMNDiagram id=\\\"BPMNDiagram_1\\\">\\n    <bpmndi:BPMNPlane id=\\\"BPMNPlane_1\\\" bpmnElement=\\\"Process_1693893848930\\\">\\n      <bpmndi:BPMNEdge id=\\\"Flow_00h9m1i_di\\\" bpmnElement=\\\"Flow_00h9m1i\\\">\\n        <di:wa', '{\"code\":200,\"msg\":\"操作成功\",\"data\":null}', 0, '', '2023-09-05 14:11:23');
INSERT INTO `sys_oper_log` VALUES (1698942022356439042, '部署流程模型', 1, 'com.ruoyi.web.controller.workflow.WfModelController.deployModel()', 'POST', 1, 'cb', '', '/workflow/model/deploy', '127.0.0.1', '内网IP', '\"09b12f62-4bb3-11ee-9ed1-a0e70b8d65c1\"', '{\"code\":200,\"msg\":\"操作成功\",\"data\":null}', 0, '', '2023-09-05 14:11:58');
INSERT INTO `sys_oper_log` VALUES (1698942258109878273, '部署流程模型', 1, 'com.ruoyi.web.controller.workflow.WfModelController.deployModel()', 'POST', 1, 'cb', '', '/workflow/model/deploy', '127.0.0.1', '内网IP', '\"09b12f62-4bb3-11ee-9ed1-a0e70b8d65c1\"', '{\"code\":200,\"msg\":\"操作成功\",\"data\":null}', 0, '', '2023-09-05 14:12:54');
INSERT INTO `sys_oper_log` VALUES (1699237486519873537, '保存流程模型', 1, 'com.ruoyi.web.controller.workflow.WfModelController.save()', 'POST', 1, 'cb', '', '/workflow/model/save', '127.0.0.1', '内网IP', '{\"modelId\":\"09b12f62-4bb3-11ee-9ed1-a0e70b8d65c1\",\"modelName\":null,\"modelKey\":null,\"category\":null,\"description\":null,\"formType\":null,\"formId\":null,\"bpmnXml\":\"<?xml version=\\\"1.0\\\" encoding=\\\"UTF-8\\\"?>\\n<bpmn2:definitions xmlns:xsi=\\\"http://www.w3.org/2001/XMLSchema-instance\\\" xmlns:bpmn2=\\\"http://www.omg.org/spec/BPMN/20100524/MODEL\\\" xmlns:bpmndi=\\\"http://www.omg.org/spec/BPMN/20100524/DI\\\" xmlns:dc=\\\"http://www.omg.org/spec/DD/20100524/DC\\\" xmlns:di=\\\"http://www.omg.org/spec/DD/20100524/DI\\\" xmlns:flowable=\\\"http://flowable.org/bpmn\\\" id=\\\"diagram_Process_1693893848930\\\" targetNamespace=\\\"http://flowable.org/bpmn\\\" xsi:schemaLocation=\\\"http://www.omg.org/spec/BPMN/20100524/MODEL BPMN20.xsd\\\">\\n  <bpmn2:process id=\\\"Process_1693893848930\\\" name=\\\"业务流程_1693893848930\\\" isExecutable=\\\"true\\\">\\n    <bpmn2:startEvent id=\\\"Event_118u13x\\\" name=\\\"开始\\\" flowable:formKey=\\\"key_1698939762687741954\\\">\\n      <bpmn2:outgoing>Flow_1ekpu06</bpmn2:outgoing>\\n    </bpmn2:startEvent>\\n    <bpmn2:endEvent id=\\\"Event_0kbqzk8\\\" name=\\\"结束\\\">\\n      <bpmn2:incoming>Flow_00h9m1i</bpmn2:incoming>\\n    </bpmn2:endEvent>\\n    <bpmn2:userTask id=\\\"Activity_1fcjsgq\\\" name=\\\"任务\\\" flowable:dataType=\\\"USERS\\\" flowable:assignee=\\\"2\\\" flowable:text=\\\"若依\\\">\\n      <bpmn2:extensionElements />\\n      <bpmn2:incoming>Flow_1ekpu06</bpmn2:incoming>\\n      <bpmn2:outgoing>Flow_00h9m1i</bpmn2:outgoing>\\n    </bpmn2:userTask>\\n    <bpmn2:sequenceFlow id=\\\"Flow_1ekpu06\\\" sourceRef=\\\"Event_118u13x\\\" targetRef=\\\"Activity_1fcjsgq\\\" />\\n    <bpmn2:sequenceFlow id=\\\"Flow_00h9m1i\\\" sourceRef=\\\"Activity_1fcjsgq\\\" targetRef=\\\"Event_0kbqzk8\\\" />\\n  </bpmn2:process>\\n  <bpmndi:BPMNDiagram id=\\\"BPMNDiagram_1\\\">\\n    <bpmndi:BPMNPlane id=\\\"BPMNPlane_1\\\" bpmnElement=\\\"Process_1693893848930\\\">\\n      <bpmndi:BPMNEdge id=\\\"Flow_00h9m1i_di\\\" bpmnElement=\\\"Flow_00h9m1i\\\">\\n        <di:waypoint x=\\\"420\\\" y=\\\"220\\\" />\\n        <di:waypoint x=\\\"492\\\" y=\\\"220\\\" />\\n      </bpmndi:BPMNEdge>\\n      <bpmndi:BPMNEdge id=\\\"Flow_1ekp', '{\"code\":200,\"msg\":\"操作成功\",\"data\":null}', 0, '', '2023-09-06 09:46:02');
INSERT INTO `sys_oper_log` VALUES (1699237528769097729, '部署流程模型', 1, 'com.ruoyi.web.controller.workflow.WfModelController.deployModel()', 'POST', 1, 'cb', '', '/workflow/model/deploy', '127.0.0.1', '内网IP', '\"2259f35b-4c57-11ee-b39b-a0e70b8d65c1\"', '{\"code\":200,\"msg\":\"操作成功\",\"data\":null}', 0, '', '2023-09-06 09:46:12');
INSERT INTO `sys_oper_log` VALUES (1699584197180252161, '代码生成', 6, 'com.ruoyi.generator.controller.GenController.importTableSave()', 'POST', 1, 'admin', '', '/tool/gen/importTable', '127.0.0.1', '内网IP', '\"bpm_agent_setting\"', '{\"code\":200,\"msg\":\"操作成功\",\"data\":null}', 0, '', '2023-09-07 08:43:44');
INSERT INTO `sys_oper_log` VALUES (1699584206017650689, '代码生成', 8, 'com.ruoyi.generator.controller.GenController.batchGenCode()', 'GET', 1, 'admin', '', '/tool/gen/batchGenCode', '127.0.0.1', '内网IP', '{\"tables\":\"bpm_agent_setting\"}', '', 0, '', '2023-09-07 08:43:46');
INSERT INTO `sys_oper_log` VALUES (1699584384342679553, '代码生成', 8, 'com.ruoyi.generator.controller.GenController.batchGenCode()', 'GET', 1, 'admin', '', '/tool/gen/batchGenCode', '127.0.0.1', '内网IP', '{\"tables\":\"bpm_agent_setting\"}', '', 0, '', '2023-09-07 08:44:29');
INSERT INTO `sys_oper_log` VALUES (1699624757211308033, '代码生成', 8, 'com.ruoyi.generator.controller.GenController.batchGenCode()', 'GET', 1, 'ry', '', '/tool/gen/batchGenCode', '127.0.0.1', '内网IP', '{\"tables\":\"bpm_agent_setting\"}', '', 0, '', '2023-09-07 11:24:54');
INSERT INTO `sys_oper_log` VALUES (1699970670048034817, '流程模型', 1, 'com.ruoyi.web.controller.workflow.WfModelController.add()', 'POST', 1, 'admin', '', '/workflow/model', '127.0.0.1', '内网IP', '{\"modelId\":null,\"modelName\":\"业务流程_1694139561133\",\"modelKey\":\"Process_1694139561133\",\"category\":\"188\",\"description\":\"666\",\"formType\":null,\"formId\":null,\"bpmnXml\":null,\"newVersion\":null}', '{\"code\":200,\"msg\":\"操作成功\",\"data\":null}', 0, '', '2023-09-08 10:19:26');
INSERT INTO `sys_oper_log` VALUES (1699971082507501569, '保存流程模型', 1, 'com.ruoyi.web.controller.workflow.WfModelController.save()', 'POST', 1, 'admin', '', '/workflow/model/save', '127.0.0.1', '内网IP', '{\"modelId\":\"21ff2ae9-4dee-11ee-9689-a0e70b8d65c1\",\"modelName\":null,\"modelKey\":null,\"category\":null,\"description\":null,\"formType\":null,\"formId\":null,\"bpmnXml\":\"<?xml version=\\\"1.0\\\" encoding=\\\"UTF-8\\\"?>\\n<bpmn2:definitions xmlns:xsi=\\\"http://www.w3.org/2001/XMLSchema-instance\\\" xmlns:bpmn2=\\\"http://www.omg.org/spec/BPMN/20100524/MODEL\\\" xmlns:bpmndi=\\\"http://www.omg.org/spec/BPMN/20100524/DI\\\" xmlns:dc=\\\"http://www.omg.org/spec/DD/20100524/DC\\\" xmlns:di=\\\"http://www.omg.org/spec/DD/20100524/DI\\\" xmlns:flowable=\\\"http://flowable.org/bpmn\\\" id=\\\"diagram_Process_1694139561133\\\" targetNamespace=\\\"http://flowable.org/bpmn\\\" xsi:schemaLocation=\\\"http://www.omg.org/spec/BPMN/20100524/MODEL BPMN20.xsd\\\">\\n  <bpmn2:process id=\\\"Process_1694139561133\\\" name=\\\"业务流程_1694139561133\\\" isExecutable=\\\"true\\\">\\n    <bpmn2:startEvent id=\\\"Event_0qe0d55\\\" name=\\\"开始\\\" flowable:formKey=\\\"key_1698939762687741954\\\">\\n      <bpmn2:outgoing>Flow_0rxtot9</bpmn2:outgoing>\\n    </bpmn2:startEvent>\\n    <bpmn2:endEvent id=\\\"Event_0uim5kv\\\" name=\\\"结束\\\">\\n      <bpmn2:incoming>Flow_0daom1z</bpmn2:incoming>\\n    </bpmn2:endEvent>\\n    <bpmn2:userTask id=\\\"Activity_1fvls9d\\\" flowable:dataType=\\\"USERS\\\" flowable:assignee=\\\"3\\\" flowable:text=\\\"谢老板\\\">\\n      <bpmn2:incoming>Flow_0rxtot9</bpmn2:incoming>\\n      <bpmn2:outgoing>Flow_1f0z1p4</bpmn2:outgoing>\\n    </bpmn2:userTask>\\n    <bpmn2:userTask id=\\\"Activity_1p0ypyy\\\" flowable:dataType=\\\"USERS\\\" flowable:assignee=\\\"4\\\" flowable:text=\\\"曹老板\\\">\\n      <bpmn2:incoming>Flow_1f0z1p4</bpmn2:incoming>\\n      <bpmn2:outgoing>Flow_0pw5v8o</bpmn2:outgoing>\\n    </bpmn2:userTask>\\n    <bpmn2:userTask id=\\\"Activity_1qtl355\\\" flowable:dataType=\\\"USERS\\\" flowable:assignee=\\\"5\\\" flowable:text=\\\"波哥\\\">\\n      <bpmn2:incoming>Flow_0pw5v8o</bpmn2:incoming>\\n      <bpmn2:outgoing>Flow_0daom1z</bpmn2:outgoing>\\n    </bpmn2:userTask>\\n    <bpmn2:sequenceFlow id=\\\"Flow_0rxtot9\\\" sourceRef=\\\"Event_0qe0d55\\\" targetRef=\\\"Activity_1fvls9d\\\" />\\n    <bpmn2:sequenceFlow id=\\\"Flo', '{\"code\":200,\"msg\":\"操作成功\",\"data\":null}', 0, '', '2023-09-08 10:21:05');
INSERT INTO `sys_oper_log` VALUES (1699971093215559681, '部署流程模型', 1, 'com.ruoyi.web.controller.workflow.WfModelController.deployModel()', 'POST', 1, 'admin', '', '/workflow/model/deploy', '127.0.0.1', '内网IP', '\"5c9c0cea-4dee-11ee-9689-a0e70b8d65c1\"', '{\"code\":200,\"msg\":\"操作成功\",\"data\":null}', 0, '', '2023-09-08 10:21:07');
INSERT INTO `sys_oper_log` VALUES (1701078880117030913, '流程分类', 2, 'com.ruoyi.web.controller.workflow.WfCategoryController.edit()', 'PUT', 1, 'ry', '', '/workflow/category', '127.0.0.1', '内网IP', '{\"createBy\":null,\"createTime\":null,\"updateBy\":null,\"updateTime\":null,\"categoryId\":\"1698939985011019778\",\"categoryName\":\"qingjia\",\"code\":\"189\",\"remark\":\"\",\"delFlag\":null}', '{\"code\":200,\"msg\":\"操作成功\",\"data\":null}', 0, '', '2023-09-11 11:43:04');
INSERT INTO `sys_oper_log` VALUES (1701078920390737922, '流程分类', 2, 'com.ruoyi.web.controller.workflow.WfCategoryController.edit()', 'PUT', 1, 'ry', '', '/workflow/category', '127.0.0.1', '内网IP', '{\"createBy\":null,\"createTime\":null,\"updateBy\":null,\"updateTime\":null,\"categoryId\":\"1698939985011019778\",\"categoryName\":\"qingjia\",\"code\":\"190\",\"remark\":\"\",\"delFlag\":null}', '{\"code\":200,\"msg\":\"操作成功\",\"data\":null}', 0, '', '2023-09-11 11:43:14');
INSERT INTO `sys_oper_log` VALUES (1701078964879720450, '流程分类', 2, 'com.ruoyi.web.controller.workflow.WfCategoryController.edit()', 'PUT', 1, 'ry', '', '/workflow/category', '127.0.0.1', '内网IP', '{\"createBy\":null,\"createTime\":null,\"updateBy\":null,\"updateTime\":null,\"categoryId\":\"1698939985011019778\",\"categoryName\":\"qingjia\",\"code\":\"191\",\"remark\":\"\",\"delFlag\":null}', '{\"code\":200,\"msg\":\"操作成功\",\"data\":null}', 0, '', '2023-09-11 11:43:24');
INSERT INTO `sys_oper_log` VALUES (1701079397757059073, '流程分类', 1, 'com.ruoyi.web.controller.workflow.WfCategoryController.add()', 'POST', 1, 'ry', '', '/workflow/category', '127.0.0.1', '内网IP', '{\"createBy\":null,\"createTime\":null,\"updateBy\":null,\"updateTime\":null,\"categoryId\":null,\"categoryName\":\"qingjia\",\"code\":\"190\",\"remark\":null,\"delFlag\":null}', '{\"code\":200,\"msg\":\"操作成功\",\"data\":null}', 0, '', '2023-09-11 11:45:08');
INSERT INTO `sys_oper_log` VALUES (1701079425322024962, '流程分类', 2, 'com.ruoyi.web.controller.workflow.WfCategoryController.edit()', 'PUT', 1, 'ry', '', '/workflow/category', '127.0.0.1', '内网IP', '{\"createBy\":null,\"createTime\":null,\"updateBy\":null,\"updateTime\":null,\"categoryId\":\"1701079397689950209\",\"categoryName\":\"qingjia\",\"code\":\"191\",\"remark\":\"\",\"delFlag\":null}', '{\"code\":500,\"msg\":\"修改流程分类\'qingjia\'失败，流程编码已存在\",\"data\":null}', 0, '', '2023-09-11 11:45:14');
INSERT INTO `sys_oper_log` VALUES (1701079452752773121, '流程分类', 2, 'com.ruoyi.web.controller.workflow.WfCategoryController.edit()', 'PUT', 1, 'ry', '', '/workflow/category', '127.0.0.1', '内网IP', '{\"createBy\":null,\"createTime\":null,\"updateBy\":null,\"updateTime\":null,\"categoryId\":\"1701079397689950209\",\"categoryName\":\"qingjia\",\"code\":\"191\",\"remark\":\"\",\"delFlag\":null}', '{\"code\":500,\"msg\":\"修改流程分类\'qingjia\'失败，流程编码已存在\",\"data\":null}', 0, '', '2023-09-11 11:45:21');
INSERT INTO `sys_oper_log` VALUES (1701079782630588417, '流程分类', 2, 'com.ruoyi.web.controller.workflow.WfCategoryController.edit()', 'PUT', 1, 'ry', '', '/workflow/category', '127.0.0.1', '内网IP', '{\"createBy\":null,\"createTime\":null,\"updateBy\":null,\"updateTime\":null,\"categoryId\":\"1701079397689950209\",\"categoryName\":\"qingjia\",\"code\":\"1911\",\"remark\":\"\",\"delFlag\":null}', '{\"code\":200,\"msg\":\"操作成功\",\"data\":null}', 0, '', '2023-09-11 11:46:39');
INSERT INTO `sys_oper_log` VALUES (1701103310134280194, '流程分类', 1, 'com.ruoyi.web.controller.workflow.WfCategoryController.add()', 'POST', 1, 'admin', '', '/workflow/category', '127.0.0.1', '内网IP', '{\"createBy\":null,\"createTime\":null,\"updateBy\":null,\"updateTime\":null,\"categoryId\":null,\"categoryName\":\"qingjia\",\"code\":\"1\",\"remark\":null,\"delFlag\":null}', '{\"code\":200,\"msg\":\"操作成功\",\"data\":null}', 0, '', '2023-09-11 13:20:09');
INSERT INTO `sys_oper_log` VALUES (1701133930705158146, '流程分类', 3, 'com.ruoyi.web.controller.workflow.WfCategoryController.remove()', 'DELETE', 1, 'admin', '', '/workflow/category/1698939985011019778', '127.0.0.1', '内网IP', '{}', '{\"code\":200,\"msg\":\"操作成功\",\"data\":null}', 0, '', '2023-09-11 15:21:49');
INSERT INTO `sys_oper_log` VALUES (1701133943736860674, '流程分类', 3, 'com.ruoyi.web.controller.workflow.WfCategoryController.remove()', 'DELETE', 1, 'admin', '', '/workflow/category/1701079397689950209', '127.0.0.1', '内网IP', '{}', '{\"code\":200,\"msg\":\"操作成功\",\"data\":null}', 0, '', '2023-09-11 15:21:52');
INSERT INTO `sys_oper_log` VALUES (1701133953589280770, '流程分类', 3, 'com.ruoyi.web.controller.workflow.WfCategoryController.remove()', 'DELETE', 1, 'admin', '', '/workflow/category/1701103310071365633', '127.0.0.1', '内网IP', '{}', '{\"code\":200,\"msg\":\"操作成功\",\"data\":null}', 0, '', '2023-09-11 15:21:55');
INSERT INTO `sys_oper_log` VALUES (1701134010849918977, '流程分类', 1, 'com.ruoyi.web.controller.workflow.WfCategoryController.add()', 'POST', 1, 'admin', '', '/workflow/category', '127.0.0.1', '内网IP', '{\"createBy\":null,\"createTime\":null,\"updateBy\":null,\"updateTime\":null,\"categoryId\":null,\"categoryName\":\"111\",\"code\":\"221\",\"remark\":\"11\",\"delFlag\":null}', '{\"code\":200,\"msg\":\"操作成功\",\"data\":null}', 0, '', '2023-09-11 15:22:08');
INSERT INTO `sys_oper_log` VALUES (1701134028457607170, '流程分类', 3, 'com.ruoyi.web.controller.workflow.WfCategoryController.remove()', 'DELETE', 1, 'admin', '', '/workflow/category/1701134010787004418', '127.0.0.1', '内网IP', '{}', '{\"code\":200,\"msg\":\"操作成功\",\"data\":null}', 0, '', '2023-09-11 15:22:13');
INSERT INTO `sys_oper_log` VALUES (1702525553645056001, '流程分类', 1, 'com.ruoyi.web.controller.workflow.WfCategoryController.add()', 'POST', 1, 'admin', '', '/workflow/category', '127.0.0.1', '内网IP', '{\"createBy\":null,\"createTime\":null,\"updateBy\":null,\"updateTime\":null,\"categoryId\":null,\"categoryName\":\"请假\",\"code\":\"80019227\",\"remark\":\"斌请假\\n\",\"delFlag\":null}', '{\"code\":200,\"msg\":\"操作成功\",\"data\":null}', 0, '', '2023-09-15 11:31:38');
INSERT INTO `sys_oper_log` VALUES (1702525639015919618, '流程模型', 1, 'com.ruoyi.web.controller.workflow.WfModelController.add()', 'POST', 1, 'admin', '', '/workflow/model', '127.0.0.1', '内网IP', '{\"modelId\":null,\"modelName\":\"业务流程_1694748712300\",\"modelKey\":\"Process_1694748712300\",\"category\":\"80019227\",\"description\":\"666\",\"formType\":null,\"formId\":null,\"bpmnXml\":null,\"newVersion\":null}', '{\"code\":200,\"msg\":\"操作成功\",\"data\":null}', 0, '', '2023-09-15 11:31:58');
INSERT INTO `sys_oper_log` VALUES (1702560068035801090, '部署流程模型', 1, 'com.ruoyi.web.controller.workflow.WfModelController.deployModel()', 'POST', 1, 'admin', '', '/workflow/model/deploy', '127.0.0.1', '内网IP', '\"6cebd5c1-5378-11ee-b4db-a0e70b8d65c1\"', '', 1, '请先设计流程图！', '2023-09-15 13:48:47');
INSERT INTO `sys_oper_log` VALUES (1702560343526076417, '保存流程模型', 1, 'com.ruoyi.web.controller.workflow.WfModelController.save()', 'POST', 1, 'admin', '', '/workflow/model/save', '127.0.0.1', '内网IP', '{\"modelId\":\"6cebd5c1-5378-11ee-b4db-a0e70b8d65c1\",\"modelName\":null,\"modelKey\":null,\"category\":null,\"description\":null,\"formType\":null,\"formId\":null,\"bpmnXml\":\"<?xml version=\\\"1.0\\\" encoding=\\\"UTF-8\\\"?>\\n<bpmn2:definitions xmlns:xsi=\\\"http://www.w3.org/2001/XMLSchema-instance\\\" xmlns:bpmn2=\\\"http://www.omg.org/spec/BPMN/20100524/MODEL\\\" xmlns:bpmndi=\\\"http://www.omg.org/spec/BPMN/20100524/DI\\\" xmlns:dc=\\\"http://www.omg.org/spec/DD/20100524/DC\\\" xmlns:di=\\\"http://www.omg.org/spec/DD/20100524/DI\\\" xmlns:flowable=\\\"http://flowable.org/bpmn\\\" id=\\\"diagram_Process_1694748712300\\\" targetNamespace=\\\"http://flowable.org/bpmn\\\" xsi:schemaLocation=\\\"http://www.omg.org/spec/BPMN/20100524/MODEL BPMN20.xsd\\\">\\n  <bpmn2:process id=\\\"Process_1694748712300\\\" name=\\\"业务流程_1694748712300\\\" isExecutable=\\\"true\\\">\\n    <bpmn2:startEvent id=\\\"Event_1tpipnj\\\" flowable:formKey=\\\"key_1698939762687741954\\\">\\n      <bpmn2:outgoing>Flow_040bleh</bpmn2:outgoing>\\n    </bpmn2:startEvent>\\n    <bpmn2:endEvent id=\\\"Event_1j2jxd1\\\">\\n      <bpmn2:incoming>Flow_0xzah7y</bpmn2:incoming>\\n    </bpmn2:endEvent>\\n    <bpmn2:userTask id=\\\"Activity_0vgnx5z\\\" flowable:dataType=\\\"USERS\\\" flowable:assignee=\\\"2\\\" flowable:text=\\\"若依\\\">\\n      <bpmn2:incoming>Flow_040bleh</bpmn2:incoming>\\n      <bpmn2:outgoing>Flow_0xzah7y</bpmn2:outgoing>\\n    </bpmn2:userTask>\\n    <bpmn2:sequenceFlow id=\\\"Flow_040bleh\\\" sourceRef=\\\"Event_1tpipnj\\\" targetRef=\\\"Activity_0vgnx5z\\\" />\\n    <bpmn2:sequenceFlow id=\\\"Flow_0xzah7y\\\" sourceRef=\\\"Activity_0vgnx5z\\\" targetRef=\\\"Event_1j2jxd1\\\" />\\n  </bpmn2:process>\\n  <bpmndi:BPMNDiagram id=\\\"BPMNDiagram_1\\\">\\n    <bpmndi:BPMNPlane id=\\\"BPMNPlane_1\\\" bpmnElement=\\\"Process_1694748712300\\\">\\n      <bpmndi:BPMNEdge id=\\\"Flow_040bleh_di\\\" bpmnElement=\\\"Flow_040bleh\\\">\\n        <di:waypoint x=\\\"368\\\" y=\\\"140\\\" />\\n        <di:waypoint x=\\\"490\\\" y=\\\"140\\\" />\\n      </bpmndi:BPMNEdge>\\n      <bpmndi:BPMNEdge id=\\\"Flow_0xzah7y_di\\\" bpmnElement=\\\"Flow_0xzah7y\\\">\\n        <di:waypoint x=\\\"590\\\" ', '{\"code\":200,\"msg\":\"操作成功\",\"data\":null}', 0, '', '2023-09-15 13:49:53');
INSERT INTO `sys_oper_log` VALUES (1704365795209629698, '流程表单', 2, 'com.ruoyi.web.controller.workflow.WfFormController.edit()', 'PUT', 1, 'admin', '', '/workflow/form', '127.0.0.1', '内网IP', '{\"createBy\":null,\"createTime\":null,\"updateBy\":null,\"updateTime\":null,\"formId\":\"1698939762687741954\",\"formName\":\"请假单\",\"content\":\"{\\\"formRef\\\":\\\"elForm\\\",\\\"formModel\\\":\\\"formData\\\",\\\"size\\\":\\\"medium\\\",\\\"labelPosition\\\":\\\"right\\\",\\\"labelWidth\\\":100,\\\"formRules\\\":\\\"rules\\\",\\\"gutter\\\":15,\\\"disabled\\\":false,\\\"span\\\":24,\\\"formBtns\\\":true,\\\"fields\\\":[{\\\"__config__\\\":{\\\"label\\\":\\\"单行文本\\\",\\\"labelWidth\\\":null,\\\"showLabel\\\":true,\\\"changeTag\\\":true,\\\"tag\\\":\\\"el-input\\\",\\\"tagIcon\\\":\\\"input\\\",\\\"required\\\":true,\\\"layout\\\":\\\"colFormItem\\\",\\\"span\\\":24,\\\"document\\\":\\\"https://element.eleme.cn/#/zh-CN/component/input\\\",\\\"regList\\\":[],\\\"formId\\\":101,\\\"renderKey\\\":\\\"1011693893767038\\\",\\\"defaultValue\\\":\\\"777\\\"},\\\"__slot__\\\":{\\\"prepend\\\":\\\"\\\",\\\"append\\\":\\\"\\\"},\\\"placeholder\\\":\\\"请输入单行文本\\\",\\\"style\\\":{\\\"width\\\":\\\"100%\\\"},\\\"clearable\\\":true,\\\"prefix-icon\\\":\\\"\\\",\\\"suffix-icon\\\":\\\"\\\",\\\"maxlength\\\":null,\\\"show-word-limit\\\":false,\\\"readonly\\\":false,\\\"disabled\\\":false,\\\"__vModel__\\\":\\\"field101\\\"}]}\",\"remark\":\"777\"}', '{\"code\":200,\"msg\":\"操作成功\",\"data\":null}', 0, '', '2023-09-20 13:24:06');
INSERT INTO `sys_oper_log` VALUES (1704366346320203777, '流程表单', 1, 'com.ruoyi.web.controller.workflow.WfFormController.add()', 'POST', 1, 'admin', '', '/workflow/form', '127.0.0.1', '内网IP', '{\"createBy\":null,\"createTime\":null,\"updateBy\":null,\"updateTime\":null,\"formId\":null,\"formName\":\"33\",\"content\":\"{\\\"formRef\\\":\\\"elForm\\\",\\\"formModel\\\":\\\"formData\\\",\\\"size\\\":\\\"medium\\\",\\\"labelPosition\\\":\\\"right\\\",\\\"labelWidth\\\":100,\\\"formRules\\\":\\\"rules\\\",\\\"gutter\\\":15,\\\"disabled\\\":false,\\\"span\\\":24,\\\"formBtns\\\":true,\\\"fields\\\":[{\\\"__config__\\\":{\\\"label\\\":\\\"单行文本\\\",\\\"labelWidth\\\":null,\\\"showLabel\\\":true,\\\"changeTag\\\":true,\\\"tag\\\":\\\"el-input\\\",\\\"tagIcon\\\":\\\"input\\\",\\\"defaultValue\\\":\\\"333\\\",\\\"required\\\":true,\\\"layout\\\":\\\"colFormItem\\\",\\\"span\\\":24,\\\"document\\\":\\\"https://element.eleme.cn/#/zh-CN/component/input\\\",\\\"regList\\\":[],\\\"formId\\\":101,\\\"renderKey\\\":\\\"1011695187564031\\\"},\\\"__slot__\\\":{\\\"prepend\\\":\\\"\\\",\\\"append\\\":\\\"\\\"},\\\"placeholder\\\":\\\"请输入单行文本\\\",\\\"style\\\":{\\\"width\\\":\\\"100%\\\"},\\\"clearable\\\":true,\\\"prefix-icon\\\":\\\"\\\",\\\"suffix-icon\\\":\\\"\\\",\\\"maxlength\\\":null,\\\"show-word-limit\\\":false,\\\"readonly\\\":false,\\\"disabled\\\":false,\\\"__vModel__\\\":\\\"field101\\\"},{\\\"__config__\\\":{\\\"label\\\":\\\"多行文本\\\",\\\"labelWidth\\\":null,\\\"showLabel\\\":true,\\\"tag\\\":\\\"el-input\\\",\\\"tagIcon\\\":\\\"textarea\\\",\\\"defaultValue\\\":\\\"333\\\",\\\"required\\\":true,\\\"layout\\\":\\\"colFormItem\\\",\\\"span\\\":24,\\\"regList\\\":[],\\\"changeTag\\\":true,\\\"document\\\":\\\"https://element.eleme.cn/#/zh-CN/component/input\\\",\\\"formId\\\":102,\\\"renderKey\\\":\\\"1021695187566030\\\"},\\\"type\\\":\\\"textarea\\\",\\\"placeholder\\\":\\\"请输入多行文本\\\",\\\"autosize\\\":{\\\"minRows\\\":4,\\\"maxRows\\\":4},\\\"style\\\":{\\\"width\\\":\\\"100%\\\"},\\\"maxlength\\\":null,\\\"show-word-limit\\\":false,\\\"readonly\\\":false,\\\"disabled\\\":false,\\\"__vModel__\\\":\\\"field102\\\"}]}\",\"remark\":\"22\"}', '{\"code\":200,\"msg\":\"操作成功\",\"data\":null}', 0, '', '2023-09-20 13:26:17');
INSERT INTO `sys_oper_log` VALUES (1736918856972644353, 'OSS对象存储', 1, 'com.ruoyi.web.controller.system.SysOssController.upload()', 'POST', 1, 'admin', '', '/system/oss/upload', '192.168.31.202', '内网IP', '', '', 1, '创建Bucket失败, 请核对配置信息:[Unable to execute HTTP request: Connect to 127.0.0.1:9000 [/127.0.0.1] failed: Connection refused: connect]', '2023-12-19 09:18:21');
INSERT INTO `sys_oper_log` VALUES (1736919383978553345, '对象存储配置', 2, 'com.ruoyi.web.controller.system.SysOssConfigController.edit()', 'PUT', 1, 'admin', '', '/system/oss/config', '192.168.31.202', '内网IP', '{\"createBy\":null,\"createTime\":null,\"updateBy\":null,\"updateTime\":null,\"ossConfigId\":1,\"configKey\":\"minio\",\"accessKey\":\"minioroot\",\"secretKey\":\"minioroot\",\"bucketName\":\"ruoyi-plus\",\"prefix\":\"\",\"endpoint\":\"192.168.200.128:9000\",\"domain\":\"\",\"isHttps\":\"N\",\"status\":\"0\",\"region\":\"\",\"ext1\":\"\",\"remark\":null,\"accessPolicy\":\"1\"}', '{\"code\":200,\"msg\":\"操作成功\",\"data\":null}', 0, '', '2023-12-19 09:20:26');
INSERT INTO `sys_oper_log` VALUES (1736919472335761410, 'OSS对象存储', 1, 'com.ruoyi.web.controller.system.SysOssController.upload()', 'POST', 1, 'admin', '', '/system/oss/upload', '192.168.31.202', '内网IP', '', '{\"code\":200,\"msg\":\"操作成功\",\"data\":{\"ossId\":\"1736919472209932289\",\"url\":\"http://192.168.200.128:9000/ruoyi-plus/2023/12/19/969e1b81aa9c44f1bb802daf7b7d259f.jpg\",\"fileName\":\"微信图片_20220819213455.jpg\"}}', 0, '', '2023-12-19 09:20:47');
INSERT INTO `sys_oper_log` VALUES (1736992867731648514, '用户管理', 2, 'com.ruoyi.web.controller.system.SysUserController.changeStatus()', 'PUT', 1, 'admin', '', '/system/user/changeStatus', '192.168.31.202', '内网IP', '{\"createBy\":null,\"createTime\":null,\"updateBy\":null,\"updateTime\":null,\"userId\":1,\"deptId\":null,\"userName\":null,\"nickName\":null,\"userType\":null,\"email\":null,\"phonenumber\":null,\"sex\":null,\"avatar\":null,\"status\":\"1\",\"delFlag\":null,\"loginIp\":null,\"loginDate\":null,\"remark\":null,\"dept\":null,\"roles\":null,\"roleIds\":null,\"postIds\":null,\"roleId\":null,\"admin\":true}', '', 1, '不允许操作超级管理员用户', '2023-12-19 14:12:26');
INSERT INTO `sys_oper_log` VALUES (1736992896978530305, '用户管理', 2, 'com.ruoyi.web.controller.system.SysUserController.changeStatus()', 'PUT', 1, 'admin', '', '/system/user/changeStatus', '192.168.31.202', '内网IP', '{\"createBy\":null,\"createTime\":null,\"updateBy\":null,\"updateTime\":null,\"userId\":1,\"deptId\":null,\"userName\":null,\"nickName\":null,\"userType\":null,\"email\":null,\"phonenumber\":null,\"sex\":null,\"avatar\":null,\"status\":\"1\",\"delFlag\":null,\"loginIp\":null,\"loginDate\":null,\"remark\":null,\"dept\":null,\"roles\":null,\"roleIds\":null,\"postIds\":null,\"roleId\":null,\"admin\":true}', '', 1, '不允许操作超级管理员用户', '2023-12-19 14:12:33');
INSERT INTO `sys_oper_log` VALUES (1736992914405863425, '用户管理', 2, 'com.ruoyi.web.controller.system.SysUserController.changeStatus()', 'PUT', 1, 'admin', '', '/system/user/changeStatus', '192.168.31.202', '内网IP', '{\"createBy\":null,\"createTime\":null,\"updateBy\":\"admin\",\"updateTime\":\"2023-12-19 14:12:37\",\"userId\":2,\"deptId\":null,\"userName\":null,\"nickName\":null,\"userType\":null,\"email\":null,\"phonenumber\":null,\"sex\":null,\"avatar\":null,\"status\":\"1\",\"delFlag\":null,\"loginIp\":null,\"loginDate\":null,\"remark\":null,\"dept\":null,\"roles\":null,\"roleIds\":null,\"postIds\":null,\"roleId\":null,\"admin\":false}', '{\"code\":200,\"msg\":\"操作成功\",\"data\":null}', 0, '', '2023-12-19 14:12:37');
INSERT INTO `sys_oper_log` VALUES (1736992926116360194, '用户管理', 2, 'com.ruoyi.web.controller.system.SysUserController.changeStatus()', 'PUT', 1, 'admin', '', '/system/user/changeStatus', '192.168.31.202', '内网IP', '{\"createBy\":null,\"createTime\":null,\"updateBy\":\"admin\",\"updateTime\":\"2023-12-19 14:12:40\",\"userId\":2,\"deptId\":null,\"userName\":null,\"nickName\":null,\"userType\":null,\"email\":null,\"phonenumber\":null,\"sex\":null,\"avatar\":null,\"status\":\"0\",\"delFlag\":null,\"loginIp\":null,\"loginDate\":null,\"remark\":null,\"dept\":null,\"roles\":null,\"roleIds\":null,\"postIds\":null,\"roleId\":null,\"admin\":false}', '{\"code\":200,\"msg\":\"操作成功\",\"data\":null}', 0, '', '2023-12-19 14:12:40');
INSERT INTO `sys_oper_log` VALUES (1737000531706523650, '部门管理', 1, 'com.ruoyi.web.controller.system.SysDeptController.add()', 'POST', 1, 'admin', '', '/system/dept', '192.168.31.202', '内网IP', '{\"createBy\":\"admin\",\"createTime\":\"2023-12-19 14:42:53\",\"updateBy\":\"admin\",\"updateTime\":\"2023-12-19 14:42:53\",\"parentName\":null,\"parentId\":109,\"children\":[],\"deptId\":\"1737000531639414786\",\"deptName\":\"A\",\"orderNum\":1,\"leader\":\"负责人1\",\"phone\":\"13479243656\",\"email\":\"2918806788@qq.com\",\"status\":\"0\",\"delFlag\":null,\"ancestors\":\"0,100,102,109\"}', '{\"code\":200,\"msg\":\"操作成功\",\"data\":null}', 0, '', '2023-12-19 14:42:53');
INSERT INTO `sys_oper_log` VALUES (1739082265138954242, '角色管理', 5, 'com.ruoyi.web.controller.system.SysRoleController.export()', 'POST', 1, 'admin', '', '/system/role/export', '192.168.31.202', '内网IP', '{\"createBy\":null,\"createTime\":null,\"updateBy\":null,\"updateTime\":null,\"roleId\":null,\"roleName\":null,\"roleKey\":null,\"roleSort\":null,\"dataScope\":null,\"menuCheckStrictly\":null,\"deptCheckStrictly\":null,\"status\":null,\"delFlag\":null,\"remark\":null,\"flag\":false,\"menuIds\":null,\"deptIds\":null,\"admin\":false}', '', 0, '', '2023-12-25 08:34:57');
INSERT INTO `sys_oper_log` VALUES (1739166098022617089, '用户管理', 5, 'com.ruoyi.web.controller.system.SysUserController.export()', 'POST', 1, 'admin', '', '/system/user/export', '192.168.31.202', '内网IP', '{\"createBy\":null,\"createTime\":null,\"updateBy\":null,\"updateTime\":null,\"userId\":null,\"deptId\":null,\"userName\":null,\"nickName\":null,\"userType\":null,\"email\":null,\"phonenumber\":null,\"sex\":null,\"avatar\":null,\"status\":null,\"delFlag\":null,\"loginIp\":null,\"loginDate\":null,\"remark\":null,\"dept\":null,\"roles\":null,\"roleIds\":null,\"postIds\":null,\"roleId\":null,\"admin\":false}', '', 0, '', '2023-12-25 14:08:05');
INSERT INTO `sys_oper_log` VALUES (1739167238919442434, '用户管理', 6, 'com.ruoyi.web.controller.system.SysUserController.importData()', 'POST', 1, 'admin', '', '/system/user/importData', '192.168.31.202', '内网IP', 'false', '', 1, 'Convert data com.alibaba.excel.metadata.data.ReadCellData@5566b2f1 to class java.lang.Long error ', '2023-12-25 14:12:37');
INSERT INTO `sys_oper_log` VALUES (1739185873130078210, '用户管理', 5, 'com.ruoyi.web.controller.system.SysUserController.export()', 'POST', 1, 'admin', '', '/system/user/export', '192.168.31.202', '内网IP', '{\"createBy\":null,\"createTime\":null,\"updateBy\":null,\"updateTime\":null,\"userId\":null,\"deptId\":null,\"userName\":null,\"nickName\":null,\"userType\":null,\"email\":null,\"phonenumber\":null,\"sex\":null,\"avatar\":null,\"status\":null,\"delFlag\":null,\"loginIp\":null,\"loginDate\":null,\"remark\":null,\"dept\":null,\"roles\":null,\"roleIds\":null,\"postIds\":null,\"roleId\":null,\"admin\":false}', '', 0, '', '2023-12-25 15:26:39');
INSERT INTO `sys_oper_log` VALUES (1745684921596907521, '用户管理', 1, 'com.ruoyi.web.controller.system.SysUserController.add()', 'POST', 1, 'admin', '', '/system/user', '192.168.31.202', '内网IP', '{\"createBy\":null,\"createTime\":null,\"updateBy\":null,\"updateTime\":null,\"userId\":null,\"deptId\":100,\"userName\":\"test01\",\"nickName\":\"test01\",\"userType\":null,\"email\":\"29@18.com\",\"phonenumber\":\"13479243656\",\"sex\":\"0\",\"avatar\":null,\"status\":\"0\",\"delFlag\":null,\"loginIp\":null,\"loginDate\":null,\"remark\":\"测试角色用户信息\",\"dept\":null,\"roles\":null,\"roleIds\":[2],\"postIds\":[1],\"roleId\":null,\"admin\":false}', '{\"code\":500,\"msg\":\"新增用户\'test01\'失败，手机号码已存在\",\"data\":null}', 0, '', '2024-01-12 13:51:33');
INSERT INTO `sys_oper_log` VALUES (1745684948398510082, '用户管理', 1, 'com.ruoyi.web.controller.system.SysUserController.add()', 'POST', 1, 'admin', '', '/system/user', '192.168.31.202', '内网IP', '{\"createBy\":\"admin\",\"createTime\":\"2024-01-12 13:51:39\",\"updateBy\":\"admin\",\"updateTime\":\"2024-01-12 13:51:39\",\"userId\":\"1745684948272680962\",\"deptId\":100,\"userName\":\"test01\",\"nickName\":\"test01\",\"userType\":null,\"email\":\"29@18.com\",\"phonenumber\":\"13479243655\",\"sex\":\"0\",\"avatar\":null,\"status\":\"0\",\"delFlag\":null,\"loginIp\":null,\"loginDate\":null,\"remark\":\"测试角色用户信息\",\"dept\":null,\"roles\":null,\"roleIds\":[2],\"postIds\":[1],\"roleId\":null,\"admin\":false}', '{\"code\":200,\"msg\":\"操作成功\",\"data\":null}', 0, '', '2024-01-12 13:51:40');
INSERT INTO `sys_oper_log` VALUES (1745697311784923138, '待签流程', 5, 'com.ruoyi.web.controller.workflow.WfProcessController.claimExport()', 'POST', 1, 'admin', '', '/workflow/process/claimExport', '192.168.31.202', '内网IP', '{\"processKey\":null,\"processName\":null,\"category\":null,\"state\":null,\"params\":{}}', '', 0, '', '2024-01-12 14:40:47');
INSERT INTO `sys_oper_log` VALUES (1745726371818860546, '可发起流程', 5, 'com.ruoyi.web.controller.workflow.WfProcessController.startExport()', 'POST', 1, 'admin', '', '/workflow/process/startExport', '192.168.31.202', '内网IP', '{\"processKey\":null,\"processName\":null,\"category\":null,\"state\":null,\"params\":{}}', '', 0, '', '2024-01-12 16:36:16');
INSERT INTO `sys_oper_log` VALUES (1745830079596556290, '对象存储状态修改', 2, 'com.ruoyi.web.controller.system.SysOssConfigController.changeStatus()', 'PUT', 1, 'admin', '', '/system/oss/config/changeStatus', '192.168.31.202', '内网IP', '{\"createBy\":null,\"createTime\":null,\"updateBy\":null,\"updateTime\":null,\"ossConfigId\":1,\"configKey\":\"minio\",\"accessKey\":null,\"secretKey\":null,\"bucketName\":null,\"prefix\":null,\"endpoint\":null,\"domain\":null,\"isHttps\":null,\"status\":\"1\",\"region\":null,\"ext1\":null,\"remark\":null,\"accessPolicy\":null}', '{\"code\":200,\"msg\":\"操作成功\",\"data\":null}', 0, '', '2024-01-12 23:28:22');
INSERT INTO `sys_oper_log` VALUES (1745830090157813762, '对象存储状态修改', 2, 'com.ruoyi.web.controller.system.SysOssConfigController.changeStatus()', 'PUT', 1, 'admin', '', '/system/oss/config/changeStatus', '192.168.31.202', '内网IP', '{\"createBy\":null,\"createTime\":null,\"updateBy\":null,\"updateTime\":null,\"ossConfigId\":1,\"configKey\":\"minio\",\"accessKey\":null,\"secretKey\":null,\"bucketName\":null,\"prefix\":null,\"endpoint\":null,\"domain\":null,\"isHttps\":null,\"status\":\"0\",\"region\":null,\"ext1\":null,\"remark\":null,\"accessPolicy\":null}', '{\"code\":200,\"msg\":\"操作成功\",\"data\":null}', 0, '', '2024-01-12 23:28:24');
INSERT INTO `sys_oper_log` VALUES (1745831681036378113, '对象存储配置', 2, 'com.ruoyi.web.controller.system.SysOssConfigController.edit()', 'PUT', 1, 'admin', '', '/system/oss/config', '192.168.31.202', '内网IP', '{\"createBy\":null,\"createTime\":null,\"updateBy\":null,\"updateTime\":null,\"ossConfigId\":1,\"configKey\":\"minio\",\"accessKey\":\"minioroot\",\"secretKey\":\"minioroot\",\"bucketName\":\"ruoyi-plus\",\"prefix\":\"\",\"endpoint\":\"192.168.200.128:9000\",\"domain\":\"\",\"isHttps\":\"N\",\"status\":\"0\",\"region\":\"\",\"ext1\":\"\",\"remark\":\"\",\"accessPolicy\":\"1\"}', '{\"code\":200,\"msg\":\"操作成功\",\"data\":null}', 0, '', '2024-01-12 23:34:43');
INSERT INTO `sys_oper_log` VALUES (1745831775462744066, 'OSS对象存储', 1, 'com.ruoyi.web.controller.system.SysOssController.upload()', 'POST', 1, 'admin', '', '/system/oss/upload', '192.168.31.202', '内网IP', '', '', 1, '文件存储服务类型无法找到!', '2024-01-12 23:35:06');
INSERT INTO `sys_oper_log` VALUES (1745832276870815746, 'OSS对象存储', 1, 'com.ruoyi.web.controller.system.SysOssController.upload()', 'POST', 1, 'admin', '', '/system/oss/upload', '192.168.31.161', '内网IP', '', '', 1, '文件存储服务类型无法找到!', '2024-01-12 23:37:05');
INSERT INTO `sys_oper_log` VALUES (1745832428507488257, 'OSS对象存储', 1, 'com.ruoyi.web.controller.system.SysOssController.upload()', 'POST', 1, 'admin', '', '/system/oss/upload', '192.168.31.161', '内网IP', '', '', 1, '文件存储服务类型无法找到!', '2024-01-12 23:37:42');
INSERT INTO `sys_oper_log` VALUES (1745832456940675074, 'OSS对象存储', 1, 'com.ruoyi.web.controller.system.SysOssController.upload()', 'POST', 1, 'admin', '', '/system/oss/upload', '192.168.31.161', '内网IP', '', '', 1, '文件存储服务类型无法找到!', '2024-01-12 23:37:48');
INSERT INTO `sys_oper_log` VALUES (1745832501177999361, 'OSS对象存储', 1, 'com.ruoyi.web.controller.system.SysOssController.upload()', 'POST', 1, 'admin', '', '/system/oss/upload', '192.168.31.202', '内网IP', '', '', 1, '文件存储服务类型无法找到!', '2024-01-12 23:37:59');
INSERT INTO `sys_oper_log` VALUES (1745832595193323521, '参数管理', 2, 'com.ruoyi.web.controller.system.SysConfigController.updateByKey()', 'PUT', 1, 'admin', '', '/system/config/updateByKey', '192.168.31.202', '内网IP', '{\"createBy\":null,\"createTime\":null,\"updateBy\":\"admin\",\"updateTime\":\"2024-01-12 23:38:21\",\"configId\":null,\"configName\":null,\"configKey\":\"sys.oss.previewListResource\",\"configValue\":\"false\",\"configType\":null,\"remark\":null}', '{\"code\":200,\"msg\":\"操作成功\",\"data\":null}', 0, '', '2024-01-12 23:38:21');
INSERT INTO `sys_oper_log` VALUES (1745832610246680578, '参数管理', 2, 'com.ruoyi.web.controller.system.SysConfigController.updateByKey()', 'PUT', 1, 'admin', '', '/system/config/updateByKey', '192.168.31.202', '内网IP', '{\"createBy\":null,\"createTime\":null,\"updateBy\":\"admin\",\"updateTime\":\"2024-01-12 23:38:24\",\"configId\":null,\"configName\":null,\"configKey\":\"sys.oss.previewListResource\",\"configValue\":\"true\",\"configType\":null,\"remark\":null}', '{\"code\":200,\"msg\":\"操作成功\",\"data\":null}', 0, '', '2024-01-12 23:38:25');
INSERT INTO `sys_oper_log` VALUES (1745832682585841666, '对象存储配置', 2, 'com.ruoyi.web.controller.system.SysOssConfigController.edit()', 'PUT', 1, 'admin', '', '/system/oss/config', '192.168.31.202', '内网IP', '{\"createBy\":null,\"createTime\":null,\"updateBy\":null,\"updateTime\":null,\"ossConfigId\":1,\"configKey\":\"minio\",\"accessKey\":\"minioroot\",\"secretKey\":\"minioroot\",\"bucketName\":\"ruoyi-plus\",\"prefix\":\"\",\"endpoint\":\"192.168.200.128:9000\",\"domain\":\"\",\"isHttps\":\"N\",\"status\":\"0\",\"region\":\"\",\"ext1\":\"\",\"remark\":\"\",\"accessPolicy\":\"1\"}', '{\"code\":200,\"msg\":\"操作成功\",\"data\":null}', 0, '', '2024-01-12 23:38:42');
INSERT INTO `sys_oper_log` VALUES (1745832770368430082, 'OSS对象存储', 1, 'com.ruoyi.web.controller.system.SysOssController.upload()', 'POST', 1, 'admin', '', '/system/oss/upload', '192.168.31.202', '内网IP', '', '', 1, '文件存储服务类型无法找到!', '2024-01-12 23:39:03');
INSERT INTO `sys_oper_log` VALUES (1746718379597250561, 'OSS对象存储', 1, 'com.ruoyi.web.controller.system.SysOssController.upload()', 'POST', 1, 'admin', '', '/system/oss/upload', '192.168.31.202', '内网IP', '', '{\"code\":200,\"msg\":\"操作成功\",\"data\":{\"ossId\":\"1746718379534336001\",\"url\":\"http://192.168.200.128:9000/ruoyi-plus/2024/01/15/521c22b095714508b878e84211153c51.jpg\",\"fileName\":\"微信图片_20220819213455.jpg\"}}', 0, '', '2024-01-15 10:18:09');
INSERT INTO `sys_oper_log` VALUES (1746718396378660866, 'OSS对象存储', 3, 'com.ruoyi.web.controller.system.SysOssController.remove()', 'DELETE', 1, 'admin', '', '/system/oss/1746718379534336001', '192.168.31.202', '内网IP', '{}', '{\"code\":200,\"msg\":\"操作成功\",\"data\":null}', 0, '', '2024-01-15 10:18:13');
INSERT INTO `sys_oper_log` VALUES (1746718407183187969, 'OSS对象存储', 3, 'com.ruoyi.web.controller.system.SysOssController.remove()', 'DELETE', 1, 'admin', '', '/system/oss/1736919472209932289', '192.168.31.202', '内网IP', '{}', '{\"code\":200,\"msg\":\"操作成功\",\"data\":null}', 0, '', '2024-01-15 10:18:15');
INSERT INTO `sys_oper_log` VALUES (1746718591619317761, 'OSS对象存储', 1, 'com.ruoyi.web.controller.system.SysOssController.upload()', 'POST', 1, 'admin', '', '/system/oss/upload', '192.168.31.202', '内网IP', '', '{\"code\":200,\"msg\":\"操作成功\",\"data\":{\"ossId\":\"1746718591556403202\",\"url\":\"http://192.168.200.128:9000/ruoyi-plus/2024/01/15/1b4925e7d523482ea6d5827dea9cb3ab.jpg\",\"fileName\":\"微信图片_20220819213455.jpg\"}}', 0, '', '2024-01-15 10:18:59');
INSERT INTO `sys_oper_log` VALUES (1746718826361929730, 'OSS对象存储', 1, 'com.ruoyi.web.controller.system.SysOssController.upload()', 'POST', 1, 'admin', '', '/system/oss/upload', '192.168.31.202', '内网IP', '', '{\"code\":200,\"msg\":\"操作成功\",\"data\":{\"ossId\":\"1746718826361929729\",\"url\":\"http://192.168.200.128:9000/ruoyi-plus/2024/01/15/47c79cede4024bb98ddc5b6d9db464a7.jpg\",\"fileName\":\"微信图片_20220823212959.jpg\"}}', 0, '', '2024-01-15 10:19:55');
INSERT INTO `sys_oper_log` VALUES (1746719667315687426, '对象存储配置', 2, 'com.ruoyi.web.controller.system.SysOssConfigController.edit()', 'PUT', 1, 'admin', '', '/system/oss/config', '192.168.31.202', '内网IP', '{\"createBy\":null,\"createTime\":null,\"updateBy\":null,\"updateTime\":null,\"ossConfigId\":1,\"configKey\":\"minio\",\"accessKey\":\"minioroot\",\"secretKey\":\"minioroot\",\"bucketName\":\"ruoyi-plus\",\"prefix\":\"caobin\",\"endpoint\":\"192.168.200.128:9000\",\"domain\":\"\",\"isHttps\":\"N\",\"status\":\"0\",\"region\":\"\",\"ext1\":\"\",\"remark\":\"\",\"accessPolicy\":\"1\"}', '{\"code\":200,\"msg\":\"操作成功\",\"data\":null}', 0, '', '2024-01-15 10:23:16');
INSERT INTO `sys_oper_log` VALUES (1746719708965126146, 'OSS对象存储', 1, 'com.ruoyi.web.controller.system.SysOssController.upload()', 'POST', 1, 'admin', '', '/system/oss/upload', '192.168.31.202', '内网IP', '', '{\"code\":200,\"msg\":\"操作成功\",\"data\":{\"ossId\":\"1746719708965126145\",\"url\":\"http://192.168.200.128:9000/ruoyi-plus/caobin/2024/01/15/5537e5fb6d914194bd9ce7b6814411b3.jpg\",\"fileName\":\"微信图片_20220823212959.jpg\"}}', 0, '', '2024-01-15 10:23:26');
INSERT INTO `sys_oper_log` VALUES (1746784298793058305, '在线用户', 7, 'com.ruoyi.web.controller.monitor.SysUserOnlineController.forceLogout()', 'DELETE', 1, 'admin', '', '/monitor/online/eyJ0eXAiOiJKV1QiLCJhbGciOiJIUzI1NiJ9.eyJsb2dpblR5cGUiOiJsb2dpbiIsImxvZ2luSWQiOiJzeXNfdXNlcjoxIiwicm5TdHIiOiJpZGdrZ3Fwalk1ZjYyT016NjdUY2IzZzdVTmVkUVF6ViIsInVzZXJJZCI6MX0.Y2C0s60P5Rj8a6I8031gcCOqfEmH-20Fxgy1dKlCkR4', '192.168.31.202', '内网IP', '{}', '{\"code\":200,\"msg\":\"操作成功\",\"data\":null}', 0, '', '2024-01-15 14:40:05');
INSERT INTO `sys_oper_log` VALUES (1746785056129171458, '流程表单', 1, 'com.ruoyi.web.controller.workflow.WfFormController.add()', 'POST', 1, 'admin', '', '/workflow/form', '192.168.31.202', '内网IP', '{\"createBy\":null,\"createTime\":null,\"updateBy\":null,\"updateTime\":null,\"formId\":null,\"formName\":\"请假表单\",\"content\":\"{\\\"formRef\\\":\\\"elForm\\\",\\\"formModel\\\":\\\"formData\\\",\\\"size\\\":\\\"medium\\\",\\\"labelPosition\\\":\\\"right\\\",\\\"labelWidth\\\":100,\\\"formRules\\\":\\\"rules\\\",\\\"gutter\\\":15,\\\"disabled\\\":false,\\\"span\\\":24,\\\"formBtns\\\":true,\\\"fields\\\":[{\\\"__config__\\\":{\\\"label\\\":\\\"请假理由\\\",\\\"labelWidth\\\":null,\\\"showLabel\\\":true,\\\"changeTag\\\":true,\\\"tag\\\":\\\"el-input\\\",\\\"tagIcon\\\":\\\"input\\\",\\\"required\\\":true,\\\"layout\\\":\\\"colFormItem\\\",\\\"span\\\":24,\\\"document\\\":\\\"https://element.eleme.cn/#/zh-CN/component/input\\\",\\\"regList\\\":[],\\\"formId\\\":101,\\\"renderKey\\\":\\\"1011705300850240\\\"},\\\"__slot__\\\":{\\\"prepend\\\":\\\"\\\",\\\"append\\\":\\\"\\\"},\\\"placeholder\\\":\\\"请输入请假理由\\\",\\\"style\\\":{\\\"width\\\":\\\"100%\\\"},\\\"clearable\\\":true,\\\"prefix-icon\\\":\\\"\\\",\\\"suffix-icon\\\":\\\"\\\",\\\"maxlength\\\":null,\\\"show-word-limit\\\":false,\\\"readonly\\\":false,\\\"disabled\\\":false,\\\"__vModel__\\\":\\\"field101\\\"},{\\\"__config__\\\":{\\\"label\\\":\\\"请假日期\\\",\\\"tag\\\":\\\"el-date-picker\\\",\\\"tagIcon\\\":\\\"date-range\\\",\\\"defaultValue\\\":null,\\\"span\\\":24,\\\"showLabel\\\":true,\\\"labelWidth\\\":null,\\\"required\\\":true,\\\"layout\\\":\\\"colFormItem\\\",\\\"regList\\\":[],\\\"changeTag\\\":true,\\\"document\\\":\\\"https://element.eleme.cn/#/zh-CN/component/date-picker\\\",\\\"formId\\\":105,\\\"renderKey\\\":\\\"1051705300941272\\\"},\\\"style\\\":{\\\"width\\\":\\\"100%\\\"},\\\"type\\\":\\\"daterange\\\",\\\"range-separator\\\":\\\"至\\\",\\\"start-placeholder\\\":\\\"开始日期\\\",\\\"end-placeholder\\\":\\\"结束日期\\\",\\\"disabled\\\":false,\\\"clearable\\\":true,\\\"format\\\":\\\"yyyy-MM-dd\\\",\\\"value-format\\\":\\\"yyyy-MM-dd\\\",\\\"readonly\\\":false,\\\"__vModel__\\\":\\\"field105\\\"}]}\",\"remark\":\"备注：这是请假表单\"}', '{\"code\":200,\"msg\":\"操作成功\",\"data\":null}', 0, '', '2024-01-15 14:43:06');
INSERT INTO `sys_oper_log` VALUES (1747071053043851265, '代码生成', 6, 'com.ruoyi.generator.controller.GenController.importTableSave()', 'POST', 1, 'admin', '', '/tool/gen/importTable', '192.168.31.202', '内网IP', '\"sys_user\"', '{\"code\":200,\"msg\":\"操作成功\",\"data\":null}', 0, '', '2024-01-16 09:39:33');
INSERT INTO `sys_oper_log` VALUES (1747079247895977986, '流程分类', 3, 'com.ruoyi.web.controller.workflow.WfCategoryController.remove()', 'DELETE', 1, 'admin', '', '/workflow/category/1702525553447923713', '192.168.31.202', '内网IP', '{}', '{\"code\":200,\"msg\":\"操作成功\",\"data\":null}', 0, '', '2024-01-16 10:12:07');
INSERT INTO `sys_oper_log` VALUES (1747079271950311426, '流程表单', 3, 'com.ruoyi.web.controller.workflow.WfFormController.remove()', 'DELETE', 1, 'admin', '', '/workflow/form/1698939762687741954', '192.168.31.202', '内网IP', '{}', '{\"code\":200,\"msg\":\"操作成功\",\"data\":null}', 0, '', '2024-01-16 10:12:12');
INSERT INTO `sys_oper_log` VALUES (1747079279529418754, '流程表单', 3, 'com.ruoyi.web.controller.workflow.WfFormController.remove()', 'DELETE', 1, 'admin', '', '/workflow/form/1704366346185986049', '192.168.31.202', '内网IP', '{}', '{\"code\":200,\"msg\":\"操作成功\",\"data\":null}', 0, '', '2024-01-16 10:12:14');
INSERT INTO `sys_oper_log` VALUES (1747079289822240769, '流程表单', 3, 'com.ruoyi.web.controller.workflow.WfFormController.remove()', 'DELETE', 1, 'admin', '', '/workflow/form/1746785055994953729', '192.168.31.202', '内网IP', '{}', '{\"code\":200,\"msg\":\"操作成功\",\"data\":null}', 0, '', '2024-01-16 10:12:17');
INSERT INTO `sys_oper_log` VALUES (1747079507569532930, '删除流程模型', 3, 'com.ruoyi.web.controller.workflow.WfModelController.remove()', 'DELETE', 1, 'admin', '', '/workflow/model/b0ba4122-538b-11ee-b4db-a0e70b8d65c1,5c9c0cea-4dee-11ee-9689-a0e70b8d65c1,2259f35b-4c57-11ee-b39b-a0e70b8d65c1', '192.168.31.202', '内网IP', '{}', '{\"code\":200,\"msg\":\"操作成功\",\"data\":null}', 0, '', '2024-01-16 10:13:08');
INSERT INTO `sys_oper_log` VALUES (1747079545146302465, '删除流程模型', 3, 'com.ruoyi.web.controller.workflow.WfModelController.remove()', 'DELETE', 1, 'admin', '', '/workflow/model/6cebd5c1-5378-11ee-b4db-a0e70b8d65c1,21ff2ae9-4dee-11ee-9689-a0e70b8d65c1,09b12f62-4bb3-11ee-9ed1-a0e70b8d65c1', '192.168.31.202', '内网IP', '{}', '{\"code\":200,\"msg\":\"操作成功\",\"data\":null}', 0, '', '2024-01-16 10:13:17');
INSERT INTO `sys_oper_log` VALUES (1747079571805298689, '删除流程模型', 3, 'com.ruoyi.web.controller.workflow.WfModelController.remove()', 'DELETE', 1, 'admin', '', '/workflow/model/662979f0-4bb2-11ee-9ed1-a0e70b8d65c1', '192.168.31.202', '内网IP', '{}', '{\"code\":200,\"msg\":\"操作成功\",\"data\":null}', 0, '', '2024-01-16 10:13:24');
INSERT INTO `sys_oper_log` VALUES (1747079689673629698, '删除流程部署', 3, 'com.ruoyi.web.controller.workflow.WfDeployController.remove()', 'DELETE', 1, 'admin', '', '/workflow/deploy/5df4980c-4dee-11ee-9689-a0e70b8d65c1', '192.168.31.202', '内网IP', '{}', '{\"code\":200,\"msg\":\"操作成功\",\"data\":null}', 0, '', '2024-01-16 10:13:52');
INSERT INTO `sys_oper_log` VALUES (1747079698993373186, '删除流程部署', 3, 'com.ruoyi.web.controller.workflow.WfDeployController.remove()', 'DELETE', 1, 'admin', '', '/workflow/deploy/2829d5cd-4c57-11ee-b39b-a0e70b8d65c1', '192.168.31.202', '内网IP', '{}', '{\"code\":200,\"msg\":\"操作成功\",\"data\":null}', 0, '', '2024-01-16 10:13:54');
INSERT INTO `sys_oper_log` VALUES (1747079722661830657, '删除流程部署', 3, 'com.ruoyi.web.controller.workflow.WfDeployController.remove()', 'DELETE', 1, 'admin', '', '/workflow/deploy/1e5351f4-4bb3-11ee-9ed1-a0e70b8d65c1', '192.168.31.202', '内网IP', '{}', '{\"code\":200,\"msg\":\"操作成功\",\"data\":null}', 0, '', '2024-01-16 10:14:00');
INSERT INTO `sys_oper_log` VALUES (1747079731163684865, '删除流程部署', 3, 'com.ruoyi.web.controller.workflow.WfDeployController.remove()', 'DELETE', 1, 'admin', '', '/workflow/deploy/3fd8b5e8-4bb3-11ee-9ed1-a0e70b8d65c1', '192.168.31.202', '内网IP', '{}', '{\"code\":200,\"msg\":\"操作成功\",\"data\":null}', 0, '', '2024-01-16 10:14:02');
INSERT INTO `sys_oper_log` VALUES (1747079791083511809, '删除流程模型', 3, 'com.ruoyi.web.controller.workflow.WfModelController.remove()', 'DELETE', 1, 'admin', '', '/workflow/model/089d43bf-4bb2-11ee-9ed1-a0e70b8d65c1', '192.168.31.202', '内网IP', '{}', '{\"code\":200,\"msg\":\"操作成功\",\"data\":null}', 0, '', '2024-01-16 10:14:16');
INSERT INTO `sys_oper_log` VALUES (1747133318698885121, '字典类型', 5, 'com.ruoyi.web.controller.system.SysDictTypeController.export()', 'POST', 1, 'admin', '', '/system/dict/type/export', '192.168.31.202', '内网IP', '{\"createBy\":null,\"createTime\":null,\"updateBy\":null,\"updateTime\":null,\"dictId\":null,\"dictName\":null,\"dictType\":null,\"status\":null,\"remark\":null}', '', 0, '', '2024-01-16 13:46:58');
INSERT INTO `sys_oper_log` VALUES (1747137725201113089, 'OSS对象存储', 1, 'com.ruoyi.web.controller.system.SysOssController.upload()', 'POST', 1, 'admin', '', '/system/oss/upload', '192.168.31.202', '内网IP', '', '{\"code\":200,\"msg\":\"操作成功\",\"data\":{\"ossId\":\"1747137725134004225\",\"url\":\"http://192.168.200.128:9000/ruoyi-plus/caobin/2024/01/16/e2d025b0742d405d93098b4ce0f710ff.jpg\",\"fileName\":\"微信图片_20220819213455.jpg\"}}', 0, '', '2024-01-16 14:04:29');
INSERT INTO `sys_oper_log` VALUES (1747137732943798273, '通知公告', 2, 'com.ruoyi.web.controller.system.SysNoticeController.edit()', 'PUT', 1, 'admin', '', '/system/notice', '192.168.31.202', '内网IP', '{\"createBy\":\"admin\",\"createTime\":\"2023-08-15 16:28:38\",\"updateBy\":\"admin\",\"updateTime\":\"2024-01-16 14:04:30\",\"noticeId\":1,\"noticeTitle\":\"温馨提醒：2018-07-01 新版本发布啦\",\"noticeType\":\"2\",\"noticeContent\":\"<p><img src=\\\"http://192.168.200.128:9000/ruoyi-plus/caobin/2024/01/16/e2d025b0742d405d93098b4ce0f710ff.jpg\\\">新版本内容</p>\",\"status\":\"0\",\"remark\":\"管理员\"}', '{\"code\":200,\"msg\":\"操作成功\",\"data\":null}', 0, '', '2024-01-16 14:04:30');
INSERT INTO `sys_oper_log` VALUES (1758772849348960258, '流程表单', 1, 'com.ruoyi.web.controller.workflow.WfFormController.add()', 'POST', 1, 'admin', '', '/workflow/form', '192.168.31.202', '内网IP', '{\"createBy\":null,\"createTime\":null,\"updateBy\":null,\"updateTime\":null,\"formId\":null,\"formName\":\"测试表单\",\"content\":\"{\\\"formRef\\\":\\\"elForm\\\",\\\"formModel\\\":\\\"formData\\\",\\\"size\\\":\\\"medium\\\",\\\"labelPosition\\\":\\\"right\\\",\\\"labelWidth\\\":100,\\\"formRules\\\":\\\"rules\\\",\\\"gutter\\\":15,\\\"disabled\\\":false,\\\"span\\\":24,\\\"formBtns\\\":true,\\\"fields\\\":[{\\\"__config__\\\":{\\\"label\\\":\\\"单行文本\\\",\\\"labelWidth\\\":null,\\\"showLabel\\\":true,\\\"changeTag\\\":true,\\\"tag\\\":\\\"el-input\\\",\\\"tagIcon\\\":\\\"input\\\",\\\"required\\\":true,\\\"layout\\\":\\\"colFormItem\\\",\\\"span\\\":24,\\\"document\\\":\\\"https://element.eleme.cn/#/zh-CN/component/input\\\",\\\"regList\\\":[],\\\"formId\\\":101,\\\"renderKey\\\":\\\"1011708159045152\\\"},\\\"__slot__\\\":{\\\"prepend\\\":\\\"\\\",\\\"append\\\":\\\"\\\"},\\\"placeholder\\\":\\\"请输入单行文本\\\",\\\"style\\\":{\\\"width\\\":\\\"100%\\\"},\\\"clearable\\\":true,\\\"prefix-icon\\\":\\\"\\\",\\\"suffix-icon\\\":\\\"\\\",\\\"maxlength\\\":null,\\\"show-word-limit\\\":false,\\\"readonly\\\":false,\\\"disabled\\\":false,\\\"__vModel__\\\":\\\"field101\\\"},{\\\"__config__\\\":{\\\"label\\\":\\\"多行文本\\\",\\\"labelWidth\\\":null,\\\"showLabel\\\":true,\\\"tag\\\":\\\"el-input\\\",\\\"tagIcon\\\":\\\"textarea\\\",\\\"required\\\":true,\\\"layout\\\":\\\"colFormItem\\\",\\\"span\\\":24,\\\"regList\\\":[],\\\"changeTag\\\":true,\\\"document\\\":\\\"https://element.eleme.cn/#/zh-CN/component/input\\\",\\\"formId\\\":102,\\\"renderKey\\\":\\\"1021708159046748\\\"},\\\"type\\\":\\\"textarea\\\",\\\"placeholder\\\":\\\"请输入多行文本\\\",\\\"autosize\\\":{\\\"minRows\\\":4,\\\"maxRows\\\":4},\\\"style\\\":{\\\"width\\\":\\\"100%\\\"},\\\"maxlength\\\":null,\\\"show-word-limit\\\":false,\\\"readonly\\\":false,\\\"disabled\\\":false,\\\"__vModel__\\\":\\\"field102\\\"}]}\",\"remark\":\"备注666\"}', '{\"code\":200,\"msg\":\"操作成功\",\"data\":null}', 0, '', '2024-02-17 16:38:18');
INSERT INTO `sys_oper_log` VALUES (1759011624238964738, '流程表单', 3, 'com.ruoyi.web.controller.workflow.WfFormController.remove()', 'DELETE', 1, 'cb', '', '/workflow/form/1758772849273462785', '192.168.31.202', '内网IP', '{}', '{\"code\":200,\"msg\":\"操作成功\",\"data\":null}', 0, '', '2024-02-18 08:27:07');
INSERT INTO `sys_oper_log` VALUES (1759011848135106563, '流程表单', 1, 'com.ruoyi.web.controller.workflow.WfFormController.add()', 'POST', 1, 'cb', '', '/workflow/form', '192.168.31.202', '内网IP', '{\"createBy\":null,\"createTime\":null,\"updateBy\":null,\"updateTime\":null,\"formId\":null,\"formName\":\"请假表单\",\"content\":\"{\\\"formRef\\\":\\\"elForm\\\",\\\"formModel\\\":\\\"formData\\\",\\\"size\\\":\\\"medium\\\",\\\"labelPosition\\\":\\\"right\\\",\\\"labelWidth\\\":100,\\\"formRules\\\":\\\"rules\\\",\\\"gutter\\\":15,\\\"disabled\\\":false,\\\"span\\\":24,\\\"formBtns\\\":true,\\\"fields\\\":[{\\\"__config__\\\":{\\\"label\\\":\\\"单行文本\\\",\\\"labelWidth\\\":null,\\\"showLabel\\\":true,\\\"changeTag\\\":true,\\\"tag\\\":\\\"el-input\\\",\\\"tagIcon\\\":\\\"input\\\",\\\"required\\\":true,\\\"layout\\\":\\\"colFormItem\\\",\\\"span\\\":24,\\\"document\\\":\\\"https://element.eleme.cn/#/zh-CN/component/input\\\",\\\"regList\\\":[],\\\"formId\\\":101,\\\"renderKey\\\":\\\"1011708216036427\\\"},\\\"__slot__\\\":{\\\"prepend\\\":\\\"\\\",\\\"append\\\":\\\"\\\"},\\\"placeholder\\\":\\\"请输入单行文本\\\",\\\"style\\\":{\\\"width\\\":\\\"100%\\\"},\\\"clearable\\\":true,\\\"prefix-icon\\\":\\\"\\\",\\\"suffix-icon\\\":\\\"\\\",\\\"maxlength\\\":null,\\\"show-word-limit\\\":false,\\\"readonly\\\":false,\\\"disabled\\\":false,\\\"__vModel__\\\":\\\"field101\\\"}]}\",\"remark\":\"表单测试备注\"}', '{\"code\":200,\"msg\":\"操作成功\",\"data\":null}', 0, '', '2024-02-18 08:28:00');
INSERT INTO `sys_oper_log` VALUES (1759013029783789569, '流程分类', 1, 'com.ruoyi.web.controller.workflow.WfCategoryController.add()', 'POST', 1, 'cb', '', '/workflow/category', '192.168.31.202', '内网IP', '{\"createBy\":null,\"createTime\":null,\"updateBy\":null,\"updateTime\":null,\"categoryId\":null,\"categoryName\":\"请假流程\",\"code\":\"110\",\"remark\":\"请假流程\",\"delFlag\":null}', '{\"code\":200,\"msg\":\"操作成功\",\"data\":null}', 0, '', '2024-02-18 08:32:42');
INSERT INTO `sys_oper_log` VALUES (1759014974573502465, '流程表单', 5, 'com.ruoyi.web.controller.workflow.WfFormController.export()', 'POST', 1, 'cb', '', '/workflow/form/export', '192.168.31.202', '内网IP', '{\"createBy\":null,\"createTime\":null,\"updateBy\":null,\"updateTime\":null,\"formId\":null,\"formName\":null,\"content\":null,\"remark\":null}', '', 0, '', '2024-02-18 08:40:26');
INSERT INTO `sys_oper_log` VALUES (1759015404569354242, '流程模型', 1, 'com.ruoyi.web.controller.workflow.WfModelController.add()', 'POST', 1, 'cb', '', '/workflow/model', '192.168.31.202', '内网IP', '{\"modelId\":null,\"modelName\":\"业务流程_1708216905599\",\"modelKey\":\"Process_1708216905599\",\"category\":\"110\",\"description\":\"请假描述\",\"formType\":null,\"formId\":null,\"bpmnXml\":null,\"newVersion\":null}', '{\"code\":200,\"msg\":\"操作成功\",\"data\":null}', 0, '', '2024-02-18 08:42:08');
INSERT INTO `sys_oper_log` VALUES (1759043559971610626, '保存流程模型', 1, 'com.ruoyi.web.controller.workflow.WfModelController.save()', 'POST', 1, 'admin', '', '/workflow/model/save', '192.168.31.202', '内网IP', '{\"modelId\":\"8b72a83d-cdf6-11ee-83a2-a0e70b8d65c1\",\"modelName\":null,\"modelKey\":null,\"category\":null,\"description\":null,\"formType\":null,\"formId\":null,\"bpmnXml\":\"<?xml version=\\\"1.0\\\" encoding=\\\"UTF-8\\\"?>\\n<bpmn2:definitions xmlns:xsi=\\\"http://www.w3.org/2001/XMLSchema-instance\\\" xmlns:bpmn2=\\\"http://www.omg.org/spec/BPMN/20100524/MODEL\\\" xmlns:bpmndi=\\\"http://www.omg.org/spec/BPMN/20100524/DI\\\" xmlns:dc=\\\"http://www.omg.org/spec/DD/20100524/DC\\\" xmlns:di=\\\"http://www.omg.org/spec/DD/20100524/DI\\\" xmlns:flowable=\\\"http://flowable.org/bpmn\\\" id=\\\"diagram_Process_1708216905599\\\" targetNamespace=\\\"http://flowable.org/bpmn\\\" xsi:schemaLocation=\\\"http://www.omg.org/spec/BPMN/20100524/MODEL BPMN20.xsd\\\">\\n  <bpmn2:process id=\\\"Process_1708216905599\\\" name=\\\"业务流程_1708216905599\\\" isExecutable=\\\"true\\\">\\n    <bpmn2:startEvent id=\\\"Event_1at5nuz\\\">\\n      <bpmn2:outgoing>Flow_0uyrwl4</bpmn2:outgoing>\\n    </bpmn2:startEvent>\\n    <bpmn2:endEvent id=\\\"Event_0z6p5nb\\\">\\n      <bpmn2:incoming>Flow_18ft9xa</bpmn2:incoming>\\n    </bpmn2:endEvent>\\n    <bpmn2:userTask id=\\\"Activity_0moq7sv\\\" flowable:formKey=\\\"key_1759011848135106562\\\" flowable:dataType=\\\"USERS\\\" flowable:assignee=\\\"3\\\" flowable:text=\\\"谢老板\\\">\\n      <bpmn2:incoming>Flow_0uyrwl4</bpmn2:incoming>\\n      <bpmn2:outgoing>Flow_1wk6416</bpmn2:outgoing>\\n    </bpmn2:userTask>\\n    <bpmn2:userTask id=\\\"Activity_0tj6539\\\" flowable:dataType=\\\"USERS\\\" flowable:assignee=\\\"5\\\" flowable:text=\\\"波哥\\\">\\n      <bpmn2:incoming>Flow_1wk6416</bpmn2:incoming>\\n      <bpmn2:outgoing>Flow_18ft9xa</bpmn2:outgoing>\\n    </bpmn2:userTask>\\n    <bpmn2:sequenceFlow id=\\\"Flow_0uyrwl4\\\" sourceRef=\\\"Event_1at5nuz\\\" targetRef=\\\"Activity_0moq7sv\\\" />\\n    <bpmn2:sequenceFlow id=\\\"Flow_1wk6416\\\" sourceRef=\\\"Activity_0moq7sv\\\" targetRef=\\\"Activity_0tj6539\\\" />\\n    <bpmn2:sequenceFlow id=\\\"Flow_18ft9xa\\\" sourceRef=\\\"Activity_0tj6539\\\" targetRef=\\\"Event_0z6p5nb\\\" />\\n  </bpmn2:process>\\n  <bpmndi:BPMNDiagram id=\\\"BPMNDiagram_1\\\">\\n    <bpmndi:BPMNPlane i', '', 1, '请配置流程表单', '2024-02-18 10:34:01');
INSERT INTO `sys_oper_log` VALUES (1759043602338275329, '保存流程模型', 1, 'com.ruoyi.web.controller.workflow.WfModelController.save()', 'POST', 1, 'admin', '', '/workflow/model/save', '192.168.31.202', '内网IP', '{\"modelId\":\"8b72a83d-cdf6-11ee-83a2-a0e70b8d65c1\",\"modelName\":null,\"modelKey\":null,\"category\":null,\"description\":null,\"formType\":null,\"formId\":null,\"bpmnXml\":\"<?xml version=\\\"1.0\\\" encoding=\\\"UTF-8\\\"?>\\n<bpmn2:definitions xmlns:xsi=\\\"http://www.w3.org/2001/XMLSchema-instance\\\" xmlns:bpmn2=\\\"http://www.omg.org/spec/BPMN/20100524/MODEL\\\" xmlns:bpmndi=\\\"http://www.omg.org/spec/BPMN/20100524/DI\\\" xmlns:dc=\\\"http://www.omg.org/spec/DD/20100524/DC\\\" xmlns:di=\\\"http://www.omg.org/spec/DD/20100524/DI\\\" xmlns:flowable=\\\"http://flowable.org/bpmn\\\" id=\\\"diagram_Process_1708216905599\\\" targetNamespace=\\\"http://flowable.org/bpmn\\\" xsi:schemaLocation=\\\"http://www.omg.org/spec/BPMN/20100524/MODEL BPMN20.xsd\\\">\\n  <bpmn2:process id=\\\"Process_1708216905599\\\" name=\\\"业务流程_1708216905599\\\" isExecutable=\\\"true\\\">\\n    <bpmn2:startEvent id=\\\"Event_1at5nuz\\\" flowable:formKey=\\\"key_1759011848135106562\\\">\\n      <bpmn2:outgoing>Flow_0uyrwl4</bpmn2:outgoing>\\n    </bpmn2:startEvent>\\n    <bpmn2:endEvent id=\\\"Event_0z6p5nb\\\">\\n      <bpmn2:incoming>Flow_18ft9xa</bpmn2:incoming>\\n    </bpmn2:endEvent>\\n    <bpmn2:userTask id=\\\"Activity_0moq7sv\\\" flowable:formKey=\\\"key_1759011848135106562\\\" flowable:dataType=\\\"USERS\\\" flowable:assignee=\\\"3\\\" flowable:text=\\\"谢老板\\\">\\n      <bpmn2:incoming>Flow_0uyrwl4</bpmn2:incoming>\\n      <bpmn2:outgoing>Flow_1wk6416</bpmn2:outgoing>\\n    </bpmn2:userTask>\\n    <bpmn2:userTask id=\\\"Activity_0tj6539\\\" flowable:dataType=\\\"USERS\\\" flowable:assignee=\\\"5\\\" flowable:text=\\\"波哥\\\">\\n      <bpmn2:incoming>Flow_1wk6416</bpmn2:incoming>\\n      <bpmn2:outgoing>Flow_18ft9xa</bpmn2:outgoing>\\n    </bpmn2:userTask>\\n    <bpmn2:sequenceFlow id=\\\"Flow_0uyrwl4\\\" sourceRef=\\\"Event_1at5nuz\\\" targetRef=\\\"Activity_0moq7sv\\\" />\\n    <bpmn2:sequenceFlow id=\\\"Flow_1wk6416\\\" sourceRef=\\\"Activity_0moq7sv\\\" targetRef=\\\"Activity_0tj6539\\\" />\\n    <bpmn2:sequenceFlow id=\\\"Flow_18ft9xa\\\" sourceRef=\\\"Activity_0tj6539\\\" targetRef=\\\"Event_0z6p5nb\\\" />\\n  </bpmn2:process>\\n  <bpmndi:BPMNDiagram i', '{\"code\":200,\"msg\":\"操作成功\",\"data\":null}', 0, '', '2024-02-18 10:34:11');
INSERT INTO `sys_oper_log` VALUES (1759044281408675842, '部署流程模型', 1, 'com.ruoyi.web.controller.workflow.WfModelController.deployModel()', 'POST', 1, 'admin', '', '/workflow/model/deploy', '192.168.31.202', '内网IP', '\"329587ee-ce06-11ee-83a2-a0e70b8d65c1\"', '{\"code\":200,\"msg\":\"操作成功\",\"data\":null}', 0, '', '2024-02-18 10:36:53');
INSERT INTO `sys_oper_log` VALUES (1759121743685607426, '用户管理', 5, 'com.ruoyi.web.controller.system.SysUserController.export()', 'POST', 1, 'admin', '', '/system/user/export', '192.168.31.202', '内网IP', '{\"createBy\":null,\"createTime\":null,\"updateBy\":null,\"updateTime\":null,\"userId\":null,\"deptId\":null,\"userName\":null,\"nickName\":null,\"userType\":null,\"email\":null,\"phonenumber\":null,\"sex\":null,\"avatar\":null,\"status\":null,\"delFlag\":null,\"loginIp\":null,\"loginDate\":null,\"remark\":null,\"dept\":null,\"roles\":null,\"roleIds\":null,\"postIds\":null,\"roleId\":null,\"admin\":false}', '', 0, '', '2024-02-18 15:44:41');
INSERT INTO `sys_oper_log` VALUES (1759123646536474625, '字典类型', 9, 'com.ruoyi.web.controller.system.SysDictTypeController.refreshCache()', 'DELETE', 1, 'admin', '', '/system/dict/type/refreshCache', '192.168.31.202', '内网IP', '{}', '{\"code\":200,\"msg\":\"操作成功\",\"data\":null}', 0, '', '2024-02-18 15:52:15');
INSERT INTO `sys_oper_log` VALUES (1759135243250163714, '抄送流程', 5, 'com.ruoyi.web.controller.workflow.WfProcessController.copyExport()', 'POST', 1, 'bg', '', '/workflow/process/copyExport', '192.168.31.202', '内网IP', '{\"createBy\":null,\"createTime\":null,\"updateBy\":null,\"updateTime\":null,\"copyId\":null,\"title\":null,\"processId\":null,\"processName\":null,\"categoryId\":null,\"taskId\":null,\"userId\":5,\"originatorId\":null,\"originatorName\":null}', '', 0, '', '2024-02-18 16:38:20');
INSERT INTO `sys_oper_log` VALUES (1759775094236471297, 'OSS对象存储', 1, 'com.ruoyi.web.controller.system.SysOssController.upload()', 'POST', 1, 'cb', '', '/system/oss/upload', '127.0.0.1', '内网IP', '', '{\"code\":200,\"msg\":\"操作成功\",\"data\":{\"ossId\":\"1759775094169362434\",\"url\":\"http://192.168.200.128:9000/ruoyi-plus/caobin/2024/02/20/d64eda88558c40d78c1c37b92ed610d5.jpg\",\"fileName\":\"微信图片_20220823212959.jpg\"}}', 0, '', '2024-02-20 11:00:52');
INSERT INTO `sys_oper_log` VALUES (1759775197823197187, 'OSS对象存储', 1, 'com.ruoyi.web.controller.system.SysOssController.upload()', 'POST', 1, 'cb', '', '/system/oss/upload', '127.0.0.1', '内网IP', '', '{\"code\":200,\"msg\":\"操作成功\",\"data\":{\"ossId\":\"1759775197823197186\",\"url\":\"http://192.168.200.128:9000/ruoyi-plus/caobin/2024/02/20/d861cdd7ca7444bc998b413dd3a15c37.txt\",\"fileName\":\"新建 文本文档.txt\"}}', 0, '', '2024-02-20 11:01:17');
INSERT INTO `sys_oper_log` VALUES (1759958190479089666, '用户头像', 2, 'com.ruoyi.web.controller.system.SysProfileController.avatar()', 'POST', 1, 'admin', '', '/system/user/profile/avatar', '127.0.0.1', '内网IP', '', '{\"code\":200,\"msg\":\"操作成功\",\"data\":{\"imgUrl\":\"http://192.168.200.128:9000/ruoyi-plus/caobin/2024/02/20/74a92fe41bc2477ba2698fd644e4970a.jpg\"}}', 0, '', '2024-02-20 23:08:26');
INSERT INTO `sys_oper_log` VALUES (1759958209118576641, '个人信息', 2, 'com.ruoyi.web.controller.system.SysProfileController.updateProfile()', 'PUT', 1, 'admin', '', '/system/user/profile', '127.0.0.1', '内网IP', '{\"createBy\":\"admin\",\"createTime\":\"2023-08-15 16:28:37\",\"updateBy\":\"admin\",\"updateTime\":\"2024-02-20 23:08:30\",\"userId\":1,\"deptId\":null,\"userName\":null,\"nickName\":\"若依管理员\",\"userType\":\"sys_user\",\"email\":\"ry@163.com\",\"phonenumber\":\"15888888888\",\"sex\":\"1\",\"avatar\":null,\"status\":\"0\",\"delFlag\":\"0\",\"loginIp\":\"127.0.0.1\",\"loginDate\":\"2024-02-20 23:01:17\",\"remark\":\"管理员\",\"dept\":{\"createBy\":null,\"createTime\":null,\"updateBy\":null,\"updateTime\":null,\"parentName\":null,\"parentId\":101,\"children\":[],\"deptId\":103,\"deptName\":\"研发部门\",\"orderNum\":1,\"leader\":\"若依\",\"phone\":null,\"email\":null,\"status\":\"0\",\"delFlag\":null,\"ancestors\":\"0,100,101\"},\"roles\":[{\"createBy\":null,\"createTime\":null,\"updateBy\":null,\"updateTime\":null,\"roleId\":1,\"roleName\":\"超级管理员\",\"roleKey\":\"admin\",\"roleSort\":1,\"dataScope\":\"1\",\"menuCheckStrictly\":null,\"deptCheckStrictly\":null,\"status\":\"0\",\"delFlag\":null,\"remark\":null,\"flag\":false,\"menuIds\":null,\"deptIds\":null,\"admin\":true}],\"roleIds\":null,\"postIds\":null,\"roleId\":null,\"admin\":true}', '{\"code\":200,\"msg\":\"操作成功\",\"data\":null}', 0, '', '2024-02-20 23:08:30');
INSERT INTO `sys_oper_log` VALUES (1759958977175330818, '角色管理', 1, 'com.ruoyi.web.controller.system.SysRoleController.add()', 'POST', 1, 'admin', '', '/system/role', '127.0.0.1', '内网IP', '{\"createBy\":\"admin\",\"createTime\":\"2024-02-20 23:11:33\",\"updateBy\":\"admin\",\"updateTime\":\"2024-02-20 23:11:33\",\"roleId\":\"1759958977108221953\",\"roleName\":\"牛马角色\",\"roleKey\":\"niuma\",\"roleSort\":3,\"dataScope\":null,\"menuCheckStrictly\":true,\"deptCheckStrictly\":true,\"status\":\"0\",\"delFlag\":null,\"remark\":\"测试权限设置\",\"flag\":false,\"menuIds\":[5,125,1180,1181,126,1190,1191,1192,1193,127,1200,1201,128,1210,1211,129,1220,1221,130,1230],\"deptIds\":[],\"admin\":false}', '{\"code\":200,\"msg\":\"操作成功\",\"data\":null}', 0, '', '2024-02-20 23:11:33');
INSERT INTO `sys_oper_log` VALUES (1759959147522793473, '用户管理', 4, 'com.ruoyi.web.controller.system.SysUserController.insertAuthRole()', 'PUT', 1, 'admin', '', '/system/user/authRole', '127.0.0.1', '内网IP', '{\"roleIds\":\"1759958977108221953\",\"userId\":\"4\"}', '{\"code\":200,\"msg\":\"操作成功\",\"data\":null}', 0, '', '2024-02-20 23:12:14');
INSERT INTO `sys_oper_log` VALUES (1760118600054222849, '用户管理', 1, 'com.ruoyi.web.controller.system.SysUserController.add()', 'POST', 1, 'admin', '', '/system/user', '192.168.31.202', '内网IP', '{\"createBy\":\"admin\",\"createTime\":\"2024-02-21 09:45:50\",\"updateBy\":\"admin\",\"updateTime\":\"2024-02-21 09:45:50\",\"userId\":\"1760118599878062081\",\"deptId\":103,\"userName\":\"test02\",\"nickName\":\"测试人员2\",\"userType\":null,\"email\":\"29@qq.com\",\"phonenumber\":\"13479243355\",\"sex\":\"0\",\"avatar\":null,\"status\":\"0\",\"delFlag\":null,\"loginIp\":null,\"loginDate\":null,\"remark\":\"测试数据\",\"dept\":null,\"roles\":null,\"roleIds\":[2],\"postIds\":[1,3],\"roleId\":null,\"admin\":false}', '{\"code\":200,\"msg\":\"操作成功\",\"data\":null}', 0, '', '2024-02-21 09:45:50');
INSERT INTO `sys_oper_log` VALUES (1760120920066371585, '菜单管理', 1, 'com.ruoyi.web.controller.system.SysMenuController.add()', 'POST', 1, 'admin', '', '/system/menu', '192.168.31.202', '内网IP', '{\"createBy\":null,\"createTime\":null,\"updateBy\":null,\"updateTime\":null,\"parentName\":null,\"parentId\":1,\"children\":[],\"menuId\":null,\"menuName\":\"测试外链效果\",\"orderNum\":13,\"path\":\"www.baidu.com\",\"component\":null,\"queryParam\":null,\"isFrame\":\"0\",\"isCache\":\"0\",\"menuType\":\"M\",\"visible\":\"0\",\"status\":\"0\",\"icon\":\"bug\",\"remark\":null}', '{\"code\":500,\"msg\":\"新增菜单\'测试外链效果\'失败，地址必须以http(s)://开头\",\"data\":null}', 0, '', '2024-02-21 09:55:03');
INSERT INTO `sys_oper_log` VALUES (1760120971278823426, '菜单管理', 1, 'com.ruoyi.web.controller.system.SysMenuController.add()', 'POST', 1, 'admin', '', '/system/menu', '192.168.31.202', '内网IP', '{\"createBy\":\"admin\",\"createTime\":\"2024-02-21 09:55:15\",\"updateBy\":\"admin\",\"updateTime\":\"2024-02-21 09:55:15\",\"parentName\":null,\"parentId\":1,\"children\":[],\"menuId\":\"1760120971228491778\",\"menuName\":\"测试外链效果\",\"orderNum\":13,\"path\":\"https:www.baidu.com\",\"component\":null,\"queryParam\":null,\"isFrame\":\"0\",\"isCache\":\"0\",\"menuType\":\"M\",\"visible\":\"0\",\"status\":\"0\",\"icon\":\"bug\",\"remark\":null}', '{\"code\":200,\"msg\":\"操作成功\",\"data\":null}', 0, '', '2024-02-21 09:55:16');
INSERT INTO `sys_oper_log` VALUES (1760121206101127169, '菜单管理', 3, 'com.ruoyi.web.controller.system.SysMenuController.remove()', 'DELETE', 1, 'admin', '', '/system/menu/1760120971228491778', '192.168.31.202', '内网IP', '{}', '{\"code\":200,\"msg\":\"操作成功\",\"data\":null}', 0, '', '2024-02-21 09:56:12');
INSERT INTO `sys_oper_log` VALUES (1760124951350452225, '用户管理', 5, 'com.ruoyi.web.controller.system.SysUserController.export()', 'POST', 1, 'admin', '', '/system/user/export', '192.168.31.202', '内网IP', '{\"createBy\":null,\"createTime\":null,\"updateBy\":null,\"updateTime\":null,\"userId\":null,\"deptId\":null,\"userName\":null,\"nickName\":null,\"userType\":null,\"email\":null,\"phonenumber\":null,\"sex\":null,\"avatar\":null,\"status\":null,\"delFlag\":null,\"loginIp\":null,\"loginDate\":null,\"remark\":null,\"dept\":null,\"roles\":null,\"roleIds\":null,\"postIds\":null,\"roleId\":null,\"admin\":false}', '', 0, '', '2024-02-21 10:11:05');
INSERT INTO `sys_oper_log` VALUES (1773351610023030785, '流程表单', 1, 'com.ruoyi.web.controller.workflow.WfFormController.add()', 'POST', 1, 'admin', '', '/workflow/form', '192.168.31.202', '内网IP', '{\"createBy\":null,\"createTime\":null,\"updateBy\":null,\"updateTime\":null,\"formId\":null,\"formName\":\"测试表单001\",\"content\":\"{\\\"formRef\\\":\\\"elForm\\\",\\\"formModel\\\":\\\"formData\\\",\\\"size\\\":\\\"medium\\\",\\\"labelPosition\\\":\\\"right\\\",\\\"labelWidth\\\":100,\\\"formRules\\\":\\\"rules\\\",\\\"gutter\\\":15,\\\"disabled\\\":false,\\\"span\\\":24,\\\"formBtns\\\":true,\\\"fields\\\":[{\\\"__config__\\\":{\\\"label\\\":\\\"上传\\\",\\\"tag\\\":\\\"el-upload\\\",\\\"tagIcon\\\":\\\"upload\\\",\\\"layout\\\":\\\"colFormItem\\\",\\\"defaultValue\\\":null,\\\"showLabel\\\":true,\\\"labelWidth\\\":null,\\\"required\\\":true,\\\"span\\\":24,\\\"showTip\\\":false,\\\"buttonText\\\":\\\"点击上传\\\",\\\"regList\\\":[],\\\"changeTag\\\":true,\\\"fileSize\\\":2,\\\"sizeUnit\\\":\\\"MB\\\",\\\"document\\\":\\\"https://element.eleme.cn/#/zh-CN/component/upload\\\",\\\"formId\\\":101,\\\"renderKey\\\":\\\"1011711634878729\\\"},\\\"__slot__\\\":{\\\"list-type\\\":true},\\\"action\\\":\\\"/dev-api/system/oss/upload\\\",\\\"disabled\\\":false,\\\"accept\\\":\\\"\\\",\\\"name\\\":\\\"file\\\",\\\"auto-upload\\\":true,\\\"list-type\\\":\\\"text\\\",\\\"multiple\\\":false,\\\"__vModel__\\\":\\\"field101\\\"},{\\\"__config__\\\":{\\\"label\\\":\\\"单行文本\\\",\\\"labelWidth\\\":null,\\\"showLabel\\\":true,\\\"changeTag\\\":true,\\\"tag\\\":\\\"el-input\\\",\\\"tagIcon\\\":\\\"input\\\",\\\"required\\\":true,\\\"layout\\\":\\\"colFormItem\\\",\\\"span\\\":24,\\\"document\\\":\\\"https://element.eleme.cn/#/zh-CN/component/input\\\",\\\"regList\\\":[],\\\"formId\\\":102,\\\"renderKey\\\":\\\"1021711634891199\\\"},\\\"__slot__\\\":{\\\"prepend\\\":\\\"\\\",\\\"append\\\":\\\"\\\"},\\\"placeholder\\\":\\\"请输入单行文本\\\",\\\"style\\\":{\\\"width\\\":\\\"100%\\\"},\\\"clearable\\\":true,\\\"prefix-icon\\\":\\\"\\\",\\\"suffix-icon\\\":\\\"\\\",\\\"maxlength\\\":null,\\\"show-word-limit\\\":false,\\\"readonly\\\":false,\\\"disabled\\\":false,\\\"__vModel__\\\":\\\"field102\\\"},{\\\"__config__\\\":{\\\"label\\\":\\\"下拉选择\\\",\\\"showLabel\\\":true,\\\"labelWidth\\\":null,\\\"tag\\\":\\\"el-select\\\",\\\"tagIcon\\\":\\\"select\\\",\\\"layout\\\":\\\"colFormItem\\\",\\\"span\\\":24,\\\"required\\\":true,\\\"regList\\\":[],\\\"changeTag\\\":true,\\\"document\\\":\\\"https://element.eleme.cn/#/zh-CN/component/select\\\",\\\"formId\\\":104,\\\"renderKey\\\":\\\"1041711634902262\\\"},\\\"__slot__\\\":{\\\"options\\\":[{\\\"label\\\":\\\"选项一\\\",\\\"value\\\":1},{\\\"label\\\":\\\"选项二\\\",\\\"value\\', '{\"code\":200,\"msg\":\"操作成功\",\"data\":null}', 0, '', '2024-03-28 22:09:06');
INSERT INTO `sys_oper_log` VALUES (1773357732482134017, '流程分类', 1, 'com.ruoyi.web.controller.workflow.WfCategoryController.add()', 'POST', 1, 'admin', '', '/workflow/category', '192.168.31.202', '内网IP', '{\"createBy\":null,\"createTime\":null,\"updateBy\":null,\"updateTime\":null,\"categoryId\":null,\"categoryName\":\"chanjian\",\"code\":\"chanjian\",\"remark\":\"产检流程\",\"delFlag\":null}', '{\"code\":200,\"msg\":\"操作成功\",\"data\":null}', 0, '', '2024-03-28 22:33:25');
INSERT INTO `sys_oper_log` VALUES (1773357774953656321, '流程分类', 2, 'com.ruoyi.web.controller.workflow.WfCategoryController.edit()', 'PUT', 1, 'admin', '', '/workflow/category', '192.168.31.202', '内网IP', '{\"createBy\":null,\"createTime\":null,\"updateBy\":null,\"updateTime\":null,\"categoryId\":\"1773357732427608066\",\"categoryName\":\"产检流程\",\"code\":\"chanjian\",\"remark\":\"产检流程\",\"delFlag\":null}', '{\"code\":200,\"msg\":\"操作成功\",\"data\":null}', 0, '', '2024-03-28 22:33:36');
INSERT INTO `sys_oper_log` VALUES (1773357814925373442, '流程分类', 2, 'com.ruoyi.web.controller.workflow.WfCategoryController.edit()', 'PUT', 1, 'admin', '', '/workflow/category', '192.168.31.202', '内网IP', '{\"createBy\":null,\"createTime\":null,\"updateBy\":null,\"updateTime\":null,\"categoryId\":\"1773357732427608066\",\"categoryName\":\"产检流程\",\"code\":\"120\",\"remark\":\"产检流程\",\"delFlag\":null}', '{\"code\":200,\"msg\":\"操作成功\",\"data\":null}', 0, '', '2024-03-28 22:33:45');
INSERT INTO `sys_oper_log` VALUES (1773358016356823042, '流程模型', 1, 'com.ruoyi.web.controller.workflow.WfModelController.add()', 'POST', 1, 'admin', '', '/workflow/model', '192.168.31.202', '内网IP', '{\"modelId\":null,\"modelName\":\"业务流程_1711636458266\",\"modelKey\":\"Process_1711636458266\",\"category\":\"120\",\"description\":\"测试数据\",\"formType\":null,\"formId\":null,\"bpmnXml\":null,\"newVersion\":null}', '{\"code\":200,\"msg\":\"操作成功\",\"data\":null}', 0, '', '2024-03-28 22:34:33');
INSERT INTO `sys_oper_log` VALUES (1773358485393256450, '保存流程模型', 1, 'com.ruoyi.web.controller.workflow.WfModelController.save()', 'POST', 1, 'admin', '', '/workflow/model/save', '192.168.31.202', '内网IP', '{\"modelId\":\"4b2aa734-ed10-11ee-82f5-a0e70b8d65c1\",\"modelName\":null,\"modelKey\":null,\"category\":null,\"description\":null,\"formType\":null,\"formId\":null,\"bpmnXml\":\"<?xml version=\\\"1.0\\\" encoding=\\\"UTF-8\\\"?>\\n<bpmn2:definitions xmlns:xsi=\\\"http://www.w3.org/2001/XMLSchema-instance\\\" xmlns:bpmn2=\\\"http://www.omg.org/spec/BPMN/20100524/MODEL\\\" xmlns:bpmndi=\\\"http://www.omg.org/spec/BPMN/20100524/DI\\\" xmlns:dc=\\\"http://www.omg.org/spec/DD/20100524/DC\\\" xmlns:di=\\\"http://www.omg.org/spec/DD/20100524/DI\\\" xmlns:flowable=\\\"http://flowable.org/bpmn\\\" id=\\\"diagram_Process_1711636458266\\\" targetNamespace=\\\"http://flowable.org/bpmn\\\" xsi:schemaLocation=\\\"http://www.omg.org/spec/BPMN/20100524/MODEL BPMN20.xsd\\\">\\n  <bpmn2:process id=\\\"Process_1711636458266\\\" name=\\\"业务流程_1711636458266\\\" isExecutable=\\\"true\\\">\\n    <bpmn2:startEvent id=\\\"Event_0jmakry\\\" flowable:formKey=\\\"key_1773351609905590273\\\">\\n      <bpmn2:outgoing>Flow_0u8aut6</bpmn2:outgoing>\\n    </bpmn2:startEvent>\\n    <bpmn2:endEvent id=\\\"Event_14g6ysm\\\">\\n      <bpmn2:incoming>Flow_0y1fiau</bpmn2:incoming>\\n    </bpmn2:endEvent>\\n    <bpmn2:userTask id=\\\"Activity_0xjvj7t\\\" flowable:formKey=\\\"\\\">\\n      <bpmn2:incoming>Flow_0u8aut6</bpmn2:incoming>\\n      <bpmn2:outgoing>Flow_1nrpgdw</bpmn2:outgoing>\\n    </bpmn2:userTask>\\n    <bpmn2:userTask id=\\\"Activity_10wr77c\\\">\\n      <bpmn2:incoming>Flow_1nrpgdw</bpmn2:incoming>\\n      <bpmn2:outgoing>Flow_0y1fiau</bpmn2:outgoing>\\n    </bpmn2:userTask>\\n    <bpmn2:sequenceFlow id=\\\"Flow_0u8aut6\\\" sourceRef=\\\"Event_0jmakry\\\" targetRef=\\\"Activity_0xjvj7t\\\" />\\n    <bpmn2:sequenceFlow id=\\\"Flow_1nrpgdw\\\" sourceRef=\\\"Activity_0xjvj7t\\\" targetRef=\\\"Activity_10wr77c\\\" />\\n    <bpmn2:sequenceFlow id=\\\"Flow_0y1fiau\\\" sourceRef=\\\"Activity_10wr77c\\\" targetRef=\\\"Event_14g6ysm\\\" />\\n  </bpmn2:process>\\n  <bpmndi:BPMNDiagram id=\\\"BPMNDiagram_1\\\">\\n    <bpmndi:BPMNPlane id=\\\"BPMNPlane_1\\\" bpmnElement=\\\"Process_1711636458266\\\">\\n      <bpmndi:BPMNEdge id=\\\"Flow_0u8aut6_di\\\" bpmnElement=\\\"Flow_0u', '{\"code\":200,\"msg\":\"操作成功\",\"data\":null}', 0, '', '2024-03-28 22:36:25');
INSERT INTO `sys_oper_log` VALUES (1773358517399990273, '部署流程模型', 1, 'com.ruoyi.web.controller.workflow.WfModelController.deployModel()', 'POST', 1, 'admin', '', '/workflow/model/deploy', '192.168.31.202', '内网IP', '\"329587ee-ce06-11ee-83a2-a0e70b8d65c1\"', '{\"code\":200,\"msg\":\"操作成功\",\"data\":null}', 0, '', '2024-03-28 22:36:33');
INSERT INTO `sys_oper_log` VALUES (1773358978207199234, '保存流程模型', 1, 'com.ruoyi.web.controller.workflow.WfModelController.save()', 'POST', 1, 'admin', '', '/workflow/model/save', '192.168.31.202', '内网IP', '{\"modelId\":\"8dd044a5-ed10-11ee-82f5-a0e70b8d65c1\",\"modelName\":null,\"modelKey\":null,\"category\":null,\"description\":null,\"formType\":null,\"formId\":null,\"bpmnXml\":\"<?xml version=\\\"1.0\\\" encoding=\\\"UTF-8\\\"?>\\n<bpmn2:definitions xmlns:xsi=\\\"http://www.w3.org/2001/XMLSchema-instance\\\" xmlns:bpmn2=\\\"http://www.omg.org/spec/BPMN/20100524/MODEL\\\" xmlns:bpmndi=\\\"http://www.omg.org/spec/BPMN/20100524/DI\\\" xmlns:dc=\\\"http://www.omg.org/spec/DD/20100524/DC\\\" xmlns:di=\\\"http://www.omg.org/spec/DD/20100524/DI\\\" xmlns:flowable=\\\"http://flowable.org/bpmn\\\" id=\\\"diagram_Process_1711636458266\\\" targetNamespace=\\\"http://flowable.org/bpmn\\\" xsi:schemaLocation=\\\"http://www.omg.org/spec/BPMN/20100524/MODEL BPMN20.xsd\\\">\\n  <bpmn2:process id=\\\"Process_1711636458266\\\" name=\\\"业务流程_1711636458266\\\" isExecutable=\\\"true\\\">\\n    <bpmn2:startEvent id=\\\"Event_0jmakry\\\" flowable:formKey=\\\"key_1773351609905590273\\\">\\n      <bpmn2:outgoing>Flow_0u8aut6</bpmn2:outgoing>\\n    </bpmn2:startEvent>\\n    <bpmn2:endEvent id=\\\"Event_14g6ysm\\\">\\n      <bpmn2:incoming>Flow_0y1fiau</bpmn2:incoming>\\n    </bpmn2:endEvent>\\n    <bpmn2:userTask id=\\\"Activity_0xjvj7t\\\" flowable:formKey=\\\"\\\" flowable:dataType=\\\"USERS\\\" flowable:assignee=\\\"4\\\" flowable:text=\\\"曹老板\\\">\\n      <bpmn2:incoming>Flow_0u8aut6</bpmn2:incoming>\\n      <bpmn2:outgoing>Flow_1nrpgdw</bpmn2:outgoing>\\n    </bpmn2:userTask>\\n    <bpmn2:userTask id=\\\"Activity_10wr77c\\\" flowable:dataType=\\\"USERS\\\" flowable:assignee=\\\"3\\\" flowable:text=\\\"谢老板\\\">\\n      <bpmn2:incoming>Flow_1nrpgdw</bpmn2:incoming>\\n      <bpmn2:outgoing>Flow_0y1fiau</bpmn2:outgoing>\\n    </bpmn2:userTask>\\n    <bpmn2:sequenceFlow id=\\\"Flow_0u8aut6\\\" sourceRef=\\\"Event_0jmakry\\\" targetRef=\\\"Activity_0xjvj7t\\\" />\\n    <bpmn2:sequenceFlow id=\\\"Flow_1nrpgdw\\\" sourceRef=\\\"Activity_0xjvj7t\\\" targetRef=\\\"Activity_10wr77c\\\" />\\n    <bpmn2:sequenceFlow id=\\\"Flow_0y1fiau\\\" sourceRef=\\\"Activity_10wr77c\\\" targetRef=\\\"Event_14g6ysm\\\" />\\n  </bpmn2:process>\\n  <bpmndi:BPMNDiagram id=\\\"BPMNDiagram_1\\\">\\n', '{\"code\":200,\"msg\":\"操作成功\",\"data\":null}', 0, '', '2024-03-28 22:38:22');
INSERT INTO `sys_oper_log` VALUES (1773358987409502209, '部署流程模型', 1, 'com.ruoyi.web.controller.workflow.WfModelController.deployModel()', 'POST', 1, 'admin', '', '/workflow/model/deploy', '192.168.31.202', '内网IP', '\"d3d9315b-ed10-11ee-82f5-a0e70b8d65c1\"', '{\"code\":200,\"msg\":\"操作成功\",\"data\":null}', 0, '', '2024-03-28 22:38:25');
INSERT INTO `sys_oper_log` VALUES (1773359903055425537, 'OSS对象存储', 1, 'com.ruoyi.web.controller.system.SysOssController.upload()', 'POST', 1, 'admin', '', '/system/oss/upload', '192.168.31.202', '内网IP', '', '{\"code\":200,\"msg\":\"操作成功\",\"data\":{\"ossId\":\"1773359902996705282\",\"url\":\"http://192.168.200.128:9000/ruoyi-plus/caobin/2024/03/28/31f5f339ff7b45df8f797cd5ca52ffc0.jpg\",\"fileName\":\"微信图片_20220819213455.jpg\"}}', 0, '', '2024-03-28 22:42:03');
INSERT INTO `sys_oper_log` VALUES (1773361044648505346, '用户管理', 4, 'com.ruoyi.web.controller.system.SysUserController.insertAuthRole()', 'PUT', 1, 'admin', '', '/system/user/authRole', '192.168.31.202', '内网IP', '{\"roleIds\":\"2\",\"userId\":\"4\"}', '{\"code\":200,\"msg\":\"操作成功\",\"data\":null}', 0, '', '2024-03-28 22:46:35');
INSERT INTO `sys_oper_log` VALUES (1773361215700611074, '角色管理', 2, 'com.ruoyi.web.controller.system.SysRoleController.dataScope()', 'PUT', 1, 'admin', '', '/system/role/dataScope', '192.168.31.202', '内网IP', '{\"createBy\":\"admin\",\"createTime\":\"2024-02-20 23:11:33\",\"updateBy\":\"admin\",\"updateTime\":\"2024-03-28 22:47:15\",\"roleId\":\"1759958977108221953\",\"roleName\":\"牛马角色\",\"roleKey\":\"niuma\",\"roleSort\":3,\"dataScope\":\"1\",\"menuCheckStrictly\":true,\"deptCheckStrictly\":true,\"status\":\"0\",\"delFlag\":\"0\",\"remark\":\"测试权限设置\",\"flag\":false,\"menuIds\":null,\"deptIds\":[],\"admin\":false}', '{\"code\":200,\"msg\":\"操作成功\",\"data\":null}', 0, '', '2024-03-28 22:47:16');
INSERT INTO `sys_oper_log` VALUES (1773361243420766209, '角色管理', 2, 'com.ruoyi.web.controller.system.SysRoleController.dataScope()', 'PUT', 1, 'admin', '', '/system/role/dataScope', '192.168.31.202', '内网IP', '{\"createBy\":\"admin\",\"createTime\":\"2023-08-15 16:28:37\",\"updateBy\":\"admin\",\"updateTime\":\"2024-03-28 22:47:22\",\"roleId\":2,\"roleName\":\"普通角色\",\"roleKey\":\"common\",\"roleSort\":2,\"dataScope\":\"1\",\"menuCheckStrictly\":true,\"deptCheckStrictly\":true,\"status\":\"0\",\"delFlag\":\"0\",\"remark\":\"普通角色\",\"flag\":false,\"menuIds\":null,\"deptIds\":[],\"admin\":false}', '{\"code\":200,\"msg\":\"操作成功\",\"data\":null}', 0, '', '2024-03-28 22:47:23');
INSERT INTO `sys_oper_log` VALUES (1773894899319128066, '流程表单', 1, 'com.ruoyi.web.controller.workflow.WfFormController.add()', 'POST', 1, 'admin', '', '/workflow/form', '192.168.31.202', '内网IP', '{\"createBy\":null,\"createTime\":null,\"updateBy\":null,\"updateTime\":null,\"formId\":null,\"formName\":\"330表单\",\"content\":\"{\\\"formRef\\\":\\\"elForm\\\",\\\"formModel\\\":\\\"formData\\\",\\\"size\\\":\\\"medium\\\",\\\"labelPosition\\\":\\\"right\\\",\\\"labelWidth\\\":100,\\\"formRules\\\":\\\"rules\\\",\\\"gutter\\\":15,\\\"disabled\\\":false,\\\"span\\\":24,\\\"formBtns\\\":true,\\\"fields\\\":[{\\\"__config__\\\":{\\\"label\\\":\\\"单行文本\\\",\\\"labelWidth\\\":null,\\\"showLabel\\\":true,\\\"changeTag\\\":true,\\\"tag\\\":\\\"el-input\\\",\\\"tagIcon\\\":\\\"input\\\",\\\"required\\\":true,\\\"layout\\\":\\\"colFormItem\\\",\\\"span\\\":24,\\\"document\\\":\\\"https://element.eleme.cn/#/zh-CN/component/input\\\",\\\"regList\\\":[],\\\"formId\\\":101,\\\"renderKey\\\":\\\"1011711764344344\\\"},\\\"__slot__\\\":{\\\"prepend\\\":\\\"\\\",\\\"append\\\":\\\"\\\"},\\\"placeholder\\\":\\\"请输入单行文本\\\",\\\"style\\\":{\\\"width\\\":\\\"100%\\\"},\\\"clearable\\\":true,\\\"prefix-icon\\\":\\\"\\\",\\\"suffix-icon\\\":\\\"\\\",\\\"maxlength\\\":null,\\\"show-word-limit\\\":false,\\\"readonly\\\":false,\\\"disabled\\\":false,\\\"__vModel__\\\":\\\"field101\\\"},{\\\"__config__\\\":{\\\"label\\\":\\\"多行文本\\\",\\\"labelWidth\\\":null,\\\"showLabel\\\":true,\\\"tag\\\":\\\"el-input\\\",\\\"tagIcon\\\":\\\"textarea\\\",\\\"required\\\":true,\\\"layout\\\":\\\"colFormItem\\\",\\\"span\\\":24,\\\"regList\\\":[],\\\"changeTag\\\":true,\\\"document\\\":\\\"https://element.eleme.cn/#/zh-CN/component/input\\\",\\\"formId\\\":102,\\\"renderKey\\\":\\\"1021711764345898\\\"},\\\"type\\\":\\\"textarea\\\",\\\"placeholder\\\":\\\"请输入多行文本\\\",\\\"autosize\\\":{\\\"minRows\\\":4,\\\"maxRows\\\":4},\\\"style\\\":{\\\"width\\\":\\\"100%\\\"},\\\"maxlength\\\":null,\\\"show-word-limit\\\":false,\\\"readonly\\\":false,\\\"disabled\\\":false,\\\"__vModel__\\\":\\\"field102\\\"},{\\\"__config__\\\":{\\\"label\\\":\\\"上传\\\",\\\"tag\\\":\\\"el-upload\\\",\\\"tagIcon\\\":\\\"upload\\\",\\\"layout\\\":\\\"colFormItem\\\",\\\"defaultValue\\\":null,\\\"showLabel\\\":true,\\\"labelWidth\\\":null,\\\"required\\\":true,\\\"span\\\":24,\\\"showTip\\\":false,\\\"buttonText\\\":\\\"点击上传\\\",\\\"regList\\\":[],\\\"changeTag\\\":true,\\\"fileSize\\\":2,\\\"sizeUnit\\\":\\\"MB\\\",\\\"document\\\":\\\"https://element.eleme.cn/#/zh-CN/component/upload\\\",\\\"formId\\\":103,\\\"renderKey\\\":\\\"1031711764350141\\\"},\\\"__slot__\\\":{\\\"list-type\\\":true},\\\"action\\\":\\\"/dev-api/system/oss/upload', '{\"code\":200,\"msg\":\"操作成功\",\"data\":null}', 0, '', '2024-03-30 10:07:56');
INSERT INTO `sys_oper_log` VALUES (1773895812813373442, '流程分类', 1, 'com.ruoyi.web.controller.workflow.WfCategoryController.add()', 'POST', 1, 'admin', '', '/workflow/category', '192.168.31.202', '内网IP', '{\"createBy\":null,\"createTime\":null,\"updateBy\":null,\"updateTime\":null,\"categoryId\":null,\"categoryName\":\"结婚流程\",\"code\":\"130\",\"remark\":\"结婚的详细流程\",\"delFlag\":null}', '{\"code\":200,\"msg\":\"操作成功\",\"data\":null}', 0, '', '2024-03-30 10:11:34');
INSERT INTO `sys_oper_log` VALUES (1773896409096601602, '流程分类', 1, 'com.ruoyi.web.controller.workflow.WfCategoryController.add()', 'POST', 1, 'admin', '', '/workflow/category', '192.168.31.202', '内网IP', '{\"createBy\":null,\"createTime\":null,\"updateBy\":null,\"updateTime\":null,\"categoryId\":null,\"categoryName\":\"生娃流程\",\"code\":\"140\",\"remark\":\"生娃流程\",\"delFlag\":null}', '{\"code\":200,\"msg\":\"操作成功\",\"data\":null}', 0, '', '2024-03-30 10:13:56');
INSERT INTO `sys_oper_log` VALUES (1773900447150194690, '流程模型', 1, 'com.ruoyi.web.controller.workflow.WfModelController.add()', 'POST', 1, 'admin', '', '/workflow/model', '192.168.31.202', '内网IP', '{\"modelId\":null,\"modelName\":\"业务流程_1711765614799\",\"modelKey\":\"Process_1711765614799\",\"category\":\"130\",\"description\":\"测试结婚流程\",\"formType\":null,\"formId\":null,\"bpmnXml\":null,\"newVersion\":null}', '{\"code\":200,\"msg\":\"操作成功\",\"data\":null}', 0, '', '2024-03-30 10:29:59');
INSERT INTO `sys_oper_log` VALUES (1773903942737674241, '保存流程模型', 1, 'com.ruoyi.web.controller.workflow.WfModelController.save()', 'POST', 1, 'admin', '', '/workflow/model/save', '192.168.31.202', '内网IP', '{\"modelId\":\"65f16ab9-ee3d-11ee-a7e7-a0e70b8d65c1\",\"modelName\":null,\"modelKey\":null,\"category\":null,\"description\":null,\"formType\":null,\"formId\":null,\"bpmnXml\":\"<?xml version=\\\"1.0\\\" encoding=\\\"UTF-8\\\"?>\\n<bpmn2:definitions xmlns:xsi=\\\"http://www.w3.org/2001/XMLSchema-instance\\\" xmlns:bpmn2=\\\"http://www.omg.org/spec/BPMN/20100524/MODEL\\\" xmlns:bpmndi=\\\"http://www.omg.org/spec/BPMN/20100524/DI\\\" xmlns:dc=\\\"http://www.omg.org/spec/DD/20100524/DC\\\" xmlns:di=\\\"http://www.omg.org/spec/DD/20100524/DI\\\" xmlns:flowable=\\\"http://flowable.org/bpmn\\\" id=\\\"diagram_Process_1711765614799\\\" targetNamespace=\\\"http://flowable.org/bpmn\\\" xsi:schemaLocation=\\\"http://www.omg.org/spec/BPMN/20100524/MODEL BPMN20.xsd\\\">\\n  <bpmn2:process id=\\\"Process_1711765614799\\\" name=\\\"业务流程_1711765614799\\\" isExecutable=\\\"true\\\">\\n    <bpmn2:startEvent id=\\\"Event_1e0njhx\\\" flowable:formKey=\\\"key_1773894899210076161\\\">\\n      <bpmn2:outgoing>Flow_11q623h</bpmn2:outgoing>\\n    </bpmn2:startEvent>\\n    <bpmn2:endEvent id=\\\"Event_18g78c6\\\">\\n      <bpmn2:incoming>Flow_07oge8g</bpmn2:incoming>\\n    </bpmn2:endEvent>\\n    <bpmn2:userTask id=\\\"Activity_0hzygso\\\" flowable:dataType=\\\"USERS\\\" flowable:assignee=\\\"4\\\" flowable:text=\\\"曹老板\\\">\\n      <bpmn2:incoming>Flow_11q623h</bpmn2:incoming>\\n      <bpmn2:outgoing>Flow_17n6smw</bpmn2:outgoing>\\n    </bpmn2:userTask>\\n    <bpmn2:userTask id=\\\"Activity_1c1jcsz\\\" flowable:dataType=\\\"USERS\\\" flowable:assignee=\\\"3\\\" flowable:text=\\\"谢老板\\\">\\n      <bpmn2:incoming>Flow_17n6smw</bpmn2:incoming>\\n      <bpmn2:outgoing>Flow_07oge8g</bpmn2:outgoing>\\n    </bpmn2:userTask>\\n    <bpmn2:sequenceFlow id=\\\"Flow_11q623h\\\" sourceRef=\\\"Event_1e0njhx\\\" targetRef=\\\"Activity_0hzygso\\\" />\\n    <bpmn2:sequenceFlow id=\\\"Flow_17n6smw\\\" sourceRef=\\\"Activity_0hzygso\\\" targetRef=\\\"Activity_1c1jcsz\\\" />\\n    <bpmn2:sequenceFlow id=\\\"Flow_07oge8g\\\" sourceRef=\\\"Activity_1c1jcsz\\\" targetRef=\\\"Event_18g78c6\\\" />\\n  </bpmn2:process>\\n  <bpmndi:BPMNDiagram id=\\\"BPMNDiagram_1\\\">\\n    <bpmndi:BPMNPlane ', '{\"code\":200,\"msg\":\"操作成功\",\"data\":null}', 0, '', '2024-03-30 10:43:52');
INSERT INTO `sys_oper_log` VALUES (1774088804006313985, '部署流程模型', 1, 'com.ruoyi.web.controller.workflow.WfModelController.deployModel()', 'POST', 1, 'admin', '', '/workflow/model/deploy', '192.168.31.202', '内网IP', '\"ed82335a-ee3e-11ee-a7e7-a0e70b8d65c1\"', '{\"code\":200,\"msg\":\"操作成功\",\"data\":null}', 0, '', '2024-03-30 22:58:27');
INSERT INTO `sys_oper_log` VALUES (1774144659707895810, 'OSS对象存储', 1, 'com.ruoyi.web.controller.system.SysOssController.upload()', 'POST', 1, 'admin', '', '/system/oss/upload', '192.168.31.202', '内网IP', '', '{\"code\":200,\"msg\":\"操作成功\",\"data\":{\"ossId\":\"1774144659535929345\",\"url\":\"http://192.168.200.128:9000/ruoyi-plus/caobin/2024/03/31/ce563eaf580e41508d55ca95da74d861.jpg\",\"fileName\":\"微信图片_20220819213455.jpg\"}}', 0, '', '2024-03-31 02:40:24');
INSERT INTO `sys_oper_log` VALUES (1774721343343505409, '字典类型', 2, 'com.ruoyi.web.controller.system.SysDictTypeController.edit()', 'PUT', 1, 'admin', '', '/system/dict/type', '192.168.31.202', '内网IP', '{\"createBy\":\"admin\",\"createTime\":\"2023-08-15 16:28:37\",\"updateBy\":\"admin\",\"updateTime\":\"2024-04-01 16:51:55\",\"dictId\":1,\"dictName\":\"用户性别\",\"dictType\":\"sys_user_sex\",\"status\":\"0\",\"remark\":\"用户性别列表\"}', '{\"code\":200,\"msg\":\"操作成功\",\"data\":null}', 0, '', '2024-04-01 16:51:56');
INSERT INTO `sys_oper_log` VALUES (1774721358258450434, '字典类型', 2, 'com.ruoyi.web.controller.system.SysDictTypeController.edit()', 'PUT', 1, 'admin', '', '/system/dict/type', '192.168.31.202', '内网IP', '{\"createBy\":\"admin\",\"createTime\":\"2023-08-15 16:28:37\",\"updateBy\":\"admin\",\"updateTime\":\"2024-04-01 16:51:59\",\"dictId\":1,\"dictName\":\"用户性别\",\"dictType\":\"sys_user_sex\",\"status\":\"0\",\"remark\":\"用户性别列表\"}', '{\"code\":200,\"msg\":\"操作成功\",\"data\":null}', 0, '', '2024-04-01 16:51:59');
INSERT INTO `sys_oper_log` VALUES (1774721463879413762, '字典类型', 1, 'com.ruoyi.web.controller.system.SysDictTypeController.add()', 'POST', 1, 'admin', '', '/system/dict/type', '192.168.31.202', '内网IP', '{\"createBy\":\"admin\",\"createTime\":\"2024-04-01 16:52:24\",\"updateBy\":\"admin\",\"updateTime\":\"2024-04-01 16:52:24\",\"dictId\":\"1774721463820693505\",\"dictName\":\"用户编号\",\"dictType\":\"sys_user_num\",\"status\":\"0\",\"remark\":\"用户序号\"}', '{\"code\":200,\"msg\":\"操作成功\",\"data\":null}', 0, '', '2024-04-01 16:52:24');
INSERT INTO `sys_oper_log` VALUES (1774808715724795906, 'OSS对象存储', 1, 'com.ruoyi.web.controller.system.SysOssController.upload()', 'POST', 1, 'admin', '', '/system/oss/upload', '192.168.31.202', '内网IP', '', '{\"code\":200,\"msg\":\"操作成功\",\"data\":{\"ossId\":\"1774808715661881345\",\"url\":\"http://192.168.200.128:9000/ruoyi-plus/caobin/2024/04/01/7ddb478f093e4aeca6f9d569fe9454f7.png\",\"fileName\":\"5.png\"}}', 0, '', '2024-04-01 22:39:07');
INSERT INTO `sys_oper_log` VALUES (1774811196005494785, 'OSS对象存储', 1, 'com.ruoyi.web.controller.system.SysOssController.upload()', 'POST', 1, 'admin', '', '/system/oss/upload', '192.168.31.202', '内网IP', '', '{\"code\":200,\"msg\":\"操作成功\",\"data\":{\"ossId\":\"1774810999833702402\",\"url\":\"http://192.168.200.128:9000/ruoyi-plus/caobin/2024/04/01/641789b65ffb41daa099bac77931fadb.png\",\"fileName\":\"6.png\"}}', 0, '', '2024-04-01 22:48:58');
INSERT INTO `sys_oper_log` VALUES (1774811489376088065, 'OSS对象存储', 1, 'com.ruoyi.web.controller.system.SysOssController.upload()', 'POST', 1, 'admin', '', '/system/oss/upload', '192.168.31.202', '内网IP', '', '{\"code\":200,\"msg\":\"操作成功\",\"data\":{\"ossId\":\"1774811489325756417\",\"url\":\"http://192.168.200.128:9000/ruoyi-plus/caobin/2024/04/01/1022c96c4acf4a1ab5fb0332dac053ad.txt\",\"fileName\":\"es的配置信息.txt\"}}', 0, '', '2024-04-01 22:50:08');
INSERT INTO `sys_oper_log` VALUES (1774816871565701121, '字典类型', 5, 'com.ruoyi.web.controller.system.SysDictTypeController.export()', 'POST', 1, 'admin', '', '/system/dict/type/export', '192.168.31.202', '内网IP', '{\"createBy\":null,\"createTime\":null,\"updateBy\":null,\"updateTime\":null,\"dictId\":null,\"dictName\":null,\"dictType\":null,\"status\":null,\"remark\":null}', '', 0, '', '2024-04-01 23:11:31');
INSERT INTO `sys_oper_log` VALUES (1774818531583143937, '用户管理', 5, 'com.ruoyi.web.controller.system.SysUserController.export()', 'POST', 1, 'admin', '', '/system/user/export', '192.168.31.202', '内网IP', '{\"createBy\":null,\"createTime\":null,\"updateBy\":null,\"updateTime\":null,\"userId\":null,\"deptId\":null,\"userName\":null,\"nickName\":null,\"userType\":null,\"email\":null,\"phonenumber\":null,\"sex\":null,\"avatar\":null,\"status\":null,\"delFlag\":null,\"loginIp\":null,\"loginDate\":null,\"remark\":null,\"dept\":null,\"roles\":null,\"roleIds\":null,\"postIds\":null,\"roleId\":null,\"admin\":false}', '', 0, '', '2024-04-01 23:18:07');
INSERT INTO `sys_oper_log` VALUES (1774818604425621506, '用户管理', 5, 'com.ruoyi.web.controller.system.SysUserController.export()', 'POST', 1, 'admin', '', '/system/user/export', '192.168.31.202', '内网IP', '{\"createBy\":null,\"createTime\":null,\"updateBy\":null,\"updateTime\":null,\"userId\":null,\"deptId\":null,\"userName\":null,\"nickName\":null,\"userType\":null,\"email\":null,\"phonenumber\":null,\"sex\":null,\"avatar\":null,\"status\":null,\"delFlag\":null,\"loginIp\":null,\"loginDate\":null,\"remark\":null,\"dept\":null,\"roles\":null,\"roleIds\":null,\"postIds\":null,\"roleId\":null,\"admin\":false}', '', 0, '', '2024-04-01 23:18:24');
INSERT INTO `sys_oper_log` VALUES (1774825374204243970, '字典类型', 5, 'com.ruoyi.web.controller.system.SysDictTypeController.export()', 'POST', 1, 'admin', '', '/system/dict/type/export', '192.168.31.202', '内网IP', '{\"createBy\":null,\"createTime\":null,\"updateBy\":null,\"updateTime\":null,\"dictId\":null,\"dictName\":null,\"dictType\":null,\"status\":null,\"remark\":null}', '', 0, '', '2024-04-01 23:45:19');
INSERT INTO `sys_oper_log` VALUES (1787420004833746946, '角色管理', 2, 'com.ruoyi.web.controller.system.SysRoleController.dataScope()', 'PUT', 1, 'admin', '', '/system/role/dataScope', '192.168.31.202', '内网IP', '{\"createBy\":\"admin\",\"createTime\":\"2024-02-20 23:11:33\",\"updateBy\":\"admin\",\"updateTime\":\"2024-05-06 17:51:32\",\"roleId\":\"1759958977108221953\",\"roleName\":\"牛马角色\",\"roleKey\":\"niuma\",\"roleSort\":3,\"dataScope\":\"3\",\"menuCheckStrictly\":true,\"deptCheckStrictly\":true,\"status\":\"0\",\"delFlag\":\"0\",\"remark\":\"测试权限设置\",\"flag\":false,\"menuIds\":null,\"deptIds\":[],\"admin\":false}', '{\"code\":200,\"msg\":\"操作成功\",\"data\":null}', 0, '', '2024-05-06 17:51:52');
INSERT INTO `sys_oper_log` VALUES (1787420681786023938, '角色管理', 2, 'com.ruoyi.web.controller.system.SysRoleController.dataScope()', 'PUT', 1, 'admin', '', '/system/role/dataScope', '192.168.31.202', '内网IP', '{\"createBy\":\"admin\",\"createTime\":\"2023-08-15 16:28:37\",\"updateBy\":\"admin\",\"updateTime\":\"2024-05-06 17:54:33\",\"roleId\":2,\"roleName\":\"普通角色\",\"roleKey\":\"common\",\"roleSort\":2,\"dataScope\":\"3\",\"menuCheckStrictly\":true,\"deptCheckStrictly\":true,\"status\":\"0\",\"delFlag\":\"0\",\"remark\":\"普通角色\",\"flag\":false,\"menuIds\":null,\"deptIds\":[],\"admin\":false}', '{\"code\":200,\"msg\":\"操作成功\",\"data\":null}', 0, '', '2024-05-06 17:54:34');
INSERT INTO `sys_oper_log` VALUES (1787421839481036801, '角色管理', 2, 'com.ruoyi.web.controller.system.SysRoleController.dataScope()', 'PUT', 1, 'admin', '', '/system/role/dataScope', '192.168.31.202', '内网IP', '{\"createBy\":\"admin\",\"createTime\":\"2023-08-15 16:28:37\",\"updateBy\":\"admin\",\"updateTime\":\"2024-05-06 17:59:09\",\"roleId\":2,\"roleName\":\"普通角色\",\"roleKey\":\"common\",\"roleSort\":2,\"dataScope\":\"3\",\"menuCheckStrictly\":true,\"deptCheckStrictly\":true,\"status\":\"0\",\"delFlag\":\"0\",\"remark\":\"普通角色\",\"flag\":false,\"menuIds\":null,\"deptIds\":[],\"admin\":false}', '{\"code\":200,\"msg\":\"操作成功\",\"data\":null}', 0, '', '2024-05-06 17:59:10');
INSERT INTO `sys_oper_log` VALUES (1787422064614498305, '角色管理', 2, 'com.ruoyi.web.controller.system.SysRoleController.dataScope()', 'PUT', 1, 'bg', '', '/system/role/dataScope', '192.168.31.202', '内网IP', '{\"createBy\":\"admin\",\"createTime\":\"2023-08-15 16:28:37\",\"updateBy\":\"bg\",\"updateTime\":\"2024-05-06 18:00:03\",\"roleId\":2,\"roleName\":\"普通角色\",\"roleKey\":\"common\",\"roleSort\":2,\"dataScope\":\"3\",\"menuCheckStrictly\":true,\"deptCheckStrictly\":true,\"status\":\"0\",\"delFlag\":\"0\",\"remark\":\"普通角色\",\"flag\":false,\"menuIds\":null,\"deptIds\":[],\"admin\":false}', '{\"code\":200,\"msg\":\"操作成功\",\"data\":null}', 0, '', '2024-05-06 18:00:04');
INSERT INTO `sys_oper_log` VALUES (1787422224971128833, '角色管理', 2, 'com.ruoyi.web.controller.system.SysRoleController.dataScope()', 'PUT', 1, 'bg', '', '/system/role/dataScope', '192.168.31.202', '内网IP', '{\"createBy\":\"admin\",\"createTime\":\"2023-08-15 16:28:37\",\"updateBy\":\"bg\",\"updateTime\":\"2024-05-06 18:00:41\",\"roleId\":2,\"roleName\":\"普通角色\",\"roleKey\":\"common\",\"roleSort\":2,\"dataScope\":\"4\",\"menuCheckStrictly\":true,\"deptCheckStrictly\":true,\"status\":\"0\",\"delFlag\":\"0\",\"remark\":\"普通角色\",\"flag\":false,\"menuIds\":null,\"deptIds\":[],\"admin\":false}', '{\"code\":200,\"msg\":\"操作成功\",\"data\":null}', 0, '', '2024-05-06 18:00:42');
INSERT INTO `sys_oper_log` VALUES (1787422299273224194, '角色管理', 2, 'com.ruoyi.web.controller.system.SysRoleController.dataScope()', 'PUT', 1, 'bg', '', '/system/role/dataScope', '192.168.31.202', '内网IP', '{\"createBy\":\"admin\",\"createTime\":\"2023-08-15 16:28:37\",\"updateBy\":\"bg\",\"updateTime\":\"2024-05-06 18:00:59\",\"roleId\":2,\"roleName\":\"普通角色\",\"roleKey\":\"common\",\"roleSort\":2,\"dataScope\":\"1\",\"menuCheckStrictly\":true,\"deptCheckStrictly\":true,\"status\":\"0\",\"delFlag\":\"0\",\"remark\":\"普通角色\",\"flag\":false,\"menuIds\":null,\"deptIds\":[],\"admin\":false}', '{\"code\":200,\"msg\":\"操作成功\",\"data\":null}', 0, '', '2024-05-06 18:01:00');
INSERT INTO `sys_oper_log` VALUES (1787422975009153026, '角色管理', 2, 'com.ruoyi.web.controller.system.SysRoleController.dataScope()', 'PUT', 1, 'bg', '', '/system/role/dataScope', '192.168.31.202', '内网IP', '{\"createBy\":\"admin\",\"createTime\":\"2023-08-15 16:28:37\",\"updateBy\":\"bg\",\"updateTime\":\"2024-05-06 18:03:40\",\"roleId\":2,\"roleName\":\"普通角色\",\"roleKey\":\"common\",\"roleSort\":2,\"dataScope\":\"3\",\"menuCheckStrictly\":true,\"deptCheckStrictly\":true,\"status\":\"0\",\"delFlag\":\"0\",\"remark\":\"普通角色\",\"flag\":false,\"menuIds\":null,\"deptIds\":[],\"admin\":false}', '{\"code\":200,\"msg\":\"操作成功\",\"data\":null}', 0, '', '2024-05-06 18:03:41');
INSERT INTO `sys_oper_log` VALUES (1787472432799080450, '菜单管理', 2, 'com.ruoyi.web.controller.system.SysMenuController.edit()', 'PUT', 1, 'admin', '', '/system/menu', '192.168.31.202', '内网IP', '{\"createBy\":\"admin\",\"createTime\":\"2023-08-15 16:28:37\",\"updateBy\":\"admin\",\"updateTime\":\"2024-05-06 21:20:12\",\"parentName\":null,\"parentId\":0,\"children\":[],\"menuId\":1,\"menuName\":\"系统管理\",\"orderNum\":1,\"path\":\"system\",\"component\":null,\"queryParam\":\"\",\"isFrame\":\"1\",\"isCache\":\"0\",\"menuType\":\"M\",\"visible\":\"0\",\"status\":\"0\",\"perms\":\"\",\"icon\":\"system\",\"remark\":\"系统管理目录\"}', '{\"code\":200,\"msg\":\"操作成功\",\"data\":null}', 0, '', '2024-05-06 21:20:12');
INSERT INTO `sys_oper_log` VALUES (1787472885871992833, '菜单管理', 2, 'com.ruoyi.web.controller.system.SysMenuController.edit()', 'PUT', 1, 'admin', '', '/system/menu', '192.168.31.202', '内网IP', '{\"createBy\":\"admin\",\"createTime\":\"2023-08-15 16:28:37\",\"updateBy\":\"\",\"updateTime\":null,\"parentName\":null,\"parentId\":1130,\"children\":[],\"menuId\":1130,\"menuName\":\"文件查询\",\"orderNum\":1,\"path\":\"#\",\"component\":\"\",\"queryParam\":\"\",\"isFrame\":\"1\",\"isCache\":\"0\",\"menuType\":\"F\",\"visible\":\"0\",\"status\":\"0\",\"perms\":\"system:oss:query\",\"icon\":\"#\",\"remark\":\"\"}', '{\"code\":500,\"msg\":\"修改菜单\'文件查询\'失败，上级菜单不能选择自己\",\"data\":null}', 0, '', '2024-05-06 21:22:00');
INSERT INTO `sys_oper_log` VALUES (1823663538996477953, '代码生成', 6, 'com.ruoyi.generator.controller.GenController.importTableSave()', 'POST', 1, 'admin', '', '/tool/gen/importTable', '127.0.0.1', '内网IP', '\"sys_user_role,sys_user_post\"', '{\"code\":200,\"msg\":\"操作成功\",\"data\":null}', 0, '', '2024-08-14 18:10:44');
INSERT INTO `sys_oper_log` VALUES (1823663790172372994, '代码生成', 2, 'com.ruoyi.generator.controller.GenController.editSave()', 'PUT', 1, 'admin', '', '/tool/gen', '127.0.0.1', '内网IP', '{\"createBy\":null,\"createTime\":null,\"updateBy\":\"admin\",\"updateTime\":\"2024-08-14 18:11:44\",\"params\":{\"treeCode\":\"role_id\",\"treeName\":\"user_id\",\"treeParentCode\":\"user_id\",\"parentMenuId\":1},\"tableId\":\"1823663538866454530\",\"tableName\":\"sys_user_role\",\"tableComment\":\"用户和角色关联表\",\"subTableName\":\"\",\"subTableFkName\":\"\",\"className\":\"SysUserRole\",\"tplCategory\":\"tree\",\"packageName\":\"com.ruoyi.system\",\"moduleName\":\"system\",\"businessName\":\"userRole\",\"functionName\":\"用户和角色关联\",\"functionAuthor\":\"ruoyi\",\"genType\":\"0\",\"genPath\":\"/\",\"pkColumn\":null,\"subTable\":null,\"columns\":[{\"createBy\":\"admin\",\"createTime\":\"2024-08-14 18:10:44\",\"updateBy\":\"admin\",\"updateTime\":\"2024-08-14 18:11:44\",\"columnId\":\"1823663538866454531\",\"tableId\":\"1823663538866454530\",\"columnName\":\"user_id\",\"columnComment\":\"用户ID\",\"columnType\":\"bigint\",\"javaType\":\"Long\",\"javaField\":\"userId\",\"isPk\":\"1\",\"isIncrement\":\"0\",\"isRequired\":\"1\",\"isInsert\":null,\"isEdit\":\"1\",\"isList\":\"1\",\"isQuery\":null,\"queryType\":\"EQ\",\"htmlType\":\"input\",\"dictType\":\"\",\"sort\":1,\"list\":true,\"required\":true,\"edit\":true,\"pk\":true,\"insert\":false,\"usableColumn\":false,\"superColumn\":false,\"query\":false,\"capJavaField\":\"UserId\",\"increment\":false},{\"createBy\":\"admin\",\"createTime\":\"2024-08-14 18:10:44\",\"updateBy\":\"admin\",\"updateTime\":\"2024-08-14 18:11:44\",\"columnId\":\"1823663538866454532\",\"tableId\":\"1823663538866454530\",\"columnName\":\"role_id\",\"columnComment\":\"角色ID\",\"columnType\":\"bigint\",\"javaType\":\"Long\",\"javaField\":\"roleId\",\"isPk\":\"1\",\"isIncrement\":\"0\",\"isRequired\":\"1\",\"isInsert\":null,\"isEdit\":\"1\",\"isList\":\"1\",\"isQuery\":null,\"queryType\":\"EQ\",\"htmlType\":\"input\",\"dictType\":\"\",\"sort\":2,\"list\":true,\"required\":true,\"edit\":true,\"pk\":true,\"insert\":false,\"usableColumn\":false,\"superColumn\":false,\"query\":false,\"capJavaField\":\"RoleId\",\"increment\":false}],\"options\":\"{\\\"treeCode\\\":\\\"role_id\\\",\\\"treeName\\\":\\\"user_id\\\",\\\"treeParentCode\\\":\\\"user_id\\\",\\\"parentMenuId\\\":1}\",\"remark\":null,\"treeCode\":\"role_id\",\"treeParentCode\":\"user_id\",\"treeName\":\"user_id\",\"menuIds\":null,\"parentMenuId\":\"', '{\"code\":200,\"msg\":\"操作成功\",\"data\":null}', 0, '', '2024-08-14 18:11:44');
INSERT INTO `sys_oper_log` VALUES (1823663914776756226, '代码生成', 2, 'com.ruoyi.generator.controller.GenController.editSave()', 'PUT', 1, 'admin', '', '/tool/gen', '127.0.0.1', '内网IP', '{\"createBy\":null,\"createTime\":null,\"updateBy\":\"admin\",\"updateTime\":\"2024-08-14 18:12:13\",\"params\":{\"treeCode\":\"post_id\",\"treeName\":\"user_id\",\"treeParentCode\":\"post_id\",\"parentMenuId\":1},\"tableId\":\"1823663538736431106\",\"tableName\":\"sys_user_post\",\"tableComment\":\"用户与岗位关联表\",\"subTableName\":\"\",\"subTableFkName\":\"\",\"className\":\"SysUserPost\",\"tplCategory\":\"tree\",\"packageName\":\"com.ruoyi.system\",\"moduleName\":\"system\",\"businessName\":\"userPost\",\"functionName\":\"用户与岗位关联\",\"functionAuthor\":\"ruoyi\",\"genType\":\"0\",\"genPath\":\"/\",\"pkColumn\":null,\"subTable\":null,\"columns\":[{\"createBy\":\"admin\",\"createTime\":\"2024-08-14 18:10:44\",\"updateBy\":\"admin\",\"updateTime\":\"2024-08-14 18:12:13\",\"columnId\":\"1823663538803539970\",\"tableId\":\"1823663538736431106\",\"columnName\":\"user_id\",\"columnComment\":\"用户ID\",\"columnType\":\"bigint\",\"javaType\":\"Long\",\"javaField\":\"userId\",\"isPk\":\"1\",\"isIncrement\":\"0\",\"isRequired\":\"1\",\"isInsert\":null,\"isEdit\":\"1\",\"isList\":\"1\",\"isQuery\":null,\"queryType\":\"EQ\",\"htmlType\":\"input\",\"dictType\":\"\",\"sort\":1,\"list\":true,\"required\":true,\"edit\":true,\"pk\":true,\"insert\":false,\"usableColumn\":false,\"superColumn\":false,\"query\":false,\"capJavaField\":\"UserId\",\"increment\":false},{\"createBy\":\"admin\",\"createTime\":\"2024-08-14 18:10:44\",\"updateBy\":\"admin\",\"updateTime\":\"2024-08-14 18:12:13\",\"columnId\":\"1823663538803539971\",\"tableId\":\"1823663538736431106\",\"columnName\":\"post_id\",\"columnComment\":\"岗位ID\",\"columnType\":\"bigint\",\"javaType\":\"Long\",\"javaField\":\"postId\",\"isPk\":\"1\",\"isIncrement\":\"0\",\"isRequired\":\"1\",\"isInsert\":null,\"isEdit\":\"1\",\"isList\":\"1\",\"isQuery\":null,\"queryType\":\"EQ\",\"htmlType\":\"input\",\"dictType\":\"\",\"sort\":2,\"list\":true,\"required\":true,\"edit\":true,\"pk\":true,\"insert\":false,\"usableColumn\":false,\"superColumn\":false,\"query\":false,\"capJavaField\":\"PostId\",\"increment\":false}],\"options\":\"{\\\"treeCode\\\":\\\"post_id\\\",\\\"treeName\\\":\\\"user_id\\\",\\\"treeParentCode\\\":\\\"post_id\\\",\\\"parentMenuId\\\":1}\",\"remark\":null,\"treeCode\":\"post_id\",\"treeParentCode\":\"post_id\",\"treeName\":\"user_id\",\"menuIds\":null,\"parentMenuId\":\"', '{\"code\":200,\"msg\":\"操作成功\",\"data\":null}', 0, '', '2024-08-14 18:12:14');
INSERT INTO `sys_oper_log` VALUES (1823664343271047169, '代码生成', 3, 'com.ruoyi.generator.controller.GenController.remove()', 'DELETE', 1, 'admin', '', '/tool/gen/1747071052741861377,1699584196920205313,1823663538736431106,1823663538866454530', '127.0.0.1', '内网IP', '{}', '{\"code\":200,\"msg\":\"操作成功\",\"data\":null}', 0, '', '2024-08-14 18:13:56');
INSERT INTO `sys_oper_log` VALUES (1823664373419704321, '代码生成', 6, 'com.ruoyi.generator.controller.GenController.importTableSave()', 'POST', 1, 'admin', '', '/tool/gen/importTable', '127.0.0.1', '内网IP', '\"sys_user\"', '{\"code\":200,\"msg\":\"操作成功\",\"data\":null}', 0, '', '2024-08-14 18:14:03');
INSERT INTO `sys_oper_log` VALUES (1823664434341969924, '代码生成', 6, 'com.ruoyi.generator.controller.GenController.importTableSave()', 'POST', 1, 'admin', '', '/tool/gen/importTable', '127.0.0.1', '内网IP', '\"sys_user_role,sys_user_post\"', '{\"code\":200,\"msg\":\"操作成功\",\"data\":null}', 0, '', '2024-08-14 18:14:18');

-- ----------------------------
-- Table structure for sys_oss
-- ----------------------------
DROP TABLE IF EXISTS `sys_oss`;
CREATE TABLE `sys_oss`  (
  `oss_id` bigint NOT NULL COMMENT '对象存储主键',
  `file_name` varchar(255) CHARACTER SET utf8mb4 COLLATE utf8mb4_general_ci NOT NULL DEFAULT '' COMMENT '文件名',
  `original_name` varchar(255) CHARACTER SET utf8mb4 COLLATE utf8mb4_general_ci NOT NULL DEFAULT '' COMMENT '原名',
  `file_suffix` varchar(10) CHARACTER SET utf8mb4 COLLATE utf8mb4_general_ci NOT NULL DEFAULT '' COMMENT '文件后缀名',
  `url` varchar(500) CHARACTER SET utf8mb4 COLLATE utf8mb4_general_ci NOT NULL COMMENT 'URL地址',
  `create_time` datetime NULL DEFAULT NULL COMMENT '创建时间',
  `create_by` varchar(64) CHARACTER SET utf8mb4 COLLATE utf8mb4_general_ci NULL DEFAULT '' COMMENT '上传人',
  `update_time` datetime NULL DEFAULT NULL COMMENT '更新时间',
  `update_by` varchar(64) CHARACTER SET utf8mb4 COLLATE utf8mb4_general_ci NULL DEFAULT '' COMMENT '更新人',
  `service` varchar(20) CHARACTER SET utf8mb4 COLLATE utf8mb4_general_ci NOT NULL DEFAULT 'minio' COMMENT '服务商',
  PRIMARY KEY (`oss_id`) USING BTREE
) ENGINE = InnoDB CHARACTER SET = utf8mb4 COLLATE = utf8mb4_general_ci COMMENT = 'OSS对象存储表' ROW_FORMAT = DYNAMIC;

-- ----------------------------
-- Records of sys_oss
-- ----------------------------
INSERT INTO `sys_oss` VALUES (1746718591556403202, '2024/01/15/1b4925e7d523482ea6d5827dea9cb3ab.jpg', '微信图片_20220819213455.jpg', '.jpg', 'http://192.168.200.128:9000/ruoyi-plus/2024/01/15/1b4925e7d523482ea6d5827dea9cb3ab.jpg', '2024-01-15 10:18:59', 'admin', '2024-01-15 10:18:59', 'admin', 'minio');
INSERT INTO `sys_oss` VALUES (1746718826361929729, '2024/01/15/47c79cede4024bb98ddc5b6d9db464a7.jpg', '微信图片_20220823212959.jpg', '.jpg', 'http://192.168.200.128:9000/ruoyi-plus/2024/01/15/47c79cede4024bb98ddc5b6d9db464a7.jpg', '2024-01-15 10:19:55', 'admin', '2024-01-15 10:19:55', 'admin', 'minio');
INSERT INTO `sys_oss` VALUES (1746719708965126145, 'caobin/2024/01/15/5537e5fb6d914194bd9ce7b6814411b3.jpg', '微信图片_20220823212959.jpg', '.jpg', 'http://192.168.200.128:9000/ruoyi-plus/caobin/2024/01/15/5537e5fb6d914194bd9ce7b6814411b3.jpg', '2024-01-15 10:23:26', 'admin', '2024-01-15 10:23:26', 'admin', 'minio');
INSERT INTO `sys_oss` VALUES (1747137725134004225, 'caobin/2024/01/16/e2d025b0742d405d93098b4ce0f710ff.jpg', '微信图片_20220819213455.jpg', '.jpg', 'http://192.168.200.128:9000/ruoyi-plus/caobin/2024/01/16/e2d025b0742d405d93098b4ce0f710ff.jpg', '2024-01-16 14:04:29', 'admin', '2024-01-16 14:04:29', 'admin', 'minio');
INSERT INTO `sys_oss` VALUES (1759775094169362434, 'caobin/2024/02/20/d64eda88558c40d78c1c37b92ed610d5.jpg', '微信图片_20220823212959.jpg', '.jpg', 'http://192.168.200.128:9000/ruoyi-plus/caobin/2024/02/20/d64eda88558c40d78c1c37b92ed610d5.jpg', '2024-02-20 11:00:52', 'cb', '2024-02-20 11:00:52', 'cb', 'minio');
INSERT INTO `sys_oss` VALUES (1759775197823197186, 'caobin/2024/02/20/d861cdd7ca7444bc998b413dd3a15c37.txt', '新建 文本文档.txt', '.txt', 'http://192.168.200.128:9000/ruoyi-plus/caobin/2024/02/20/d861cdd7ca7444bc998b413dd3a15c37.txt', '2024-02-20 11:01:17', 'cb', '2024-02-20 11:01:17', 'cb', 'minio');
INSERT INTO `sys_oss` VALUES (1759958190344871937, 'caobin/2024/02/20/74a92fe41bc2477ba2698fd644e4970a.jpg', '微信图片_20220819213455.jpg', '.jpg', 'http://192.168.200.128:9000/ruoyi-plus/caobin/2024/02/20/74a92fe41bc2477ba2698fd644e4970a.jpg', '2024-02-20 23:08:26', 'admin', '2024-02-20 23:08:26', 'admin', 'minio');
INSERT INTO `sys_oss` VALUES (1773359902996705282, 'caobin/2024/03/28/31f5f339ff7b45df8f797cd5ca52ffc0.jpg', '微信图片_20220819213455.jpg', '.jpg', 'http://192.168.200.128:9000/ruoyi-plus/caobin/2024/03/28/31f5f339ff7b45df8f797cd5ca52ffc0.jpg', '2024-03-28 22:42:03', 'admin', '2024-03-28 22:42:03', 'admin', 'minio');
INSERT INTO `sys_oss` VALUES (1774144659535929345, 'caobin/2024/03/31/ce563eaf580e41508d55ca95da74d861.jpg', '微信图片_20220819213455.jpg', '.jpg', 'http://192.168.200.128:9000/ruoyi-plus/caobin/2024/03/31/ce563eaf580e41508d55ca95da74d861.jpg', '2024-03-31 02:40:24', 'admin', '2024-03-31 02:40:24', 'admin', 'minio');
INSERT INTO `sys_oss` VALUES (1774808715661881345, 'caobin/2024/04/01/7ddb478f093e4aeca6f9d569fe9454f7.png', '5.png', '.png', 'http://192.168.200.128:9000/ruoyi-plus/caobin/2024/04/01/7ddb478f093e4aeca6f9d569fe9454f7.png', '2024-04-01 22:39:07', 'admin', '2024-04-01 22:39:07', 'admin', 'minio');
INSERT INTO `sys_oss` VALUES (1774810999833702402, 'caobin/2024/04/01/641789b65ffb41daa099bac77931fadb.png', '6.png', '.png', 'http://192.168.200.128:9000/ruoyi-plus/caobin/2024/04/01/641789b65ffb41daa099bac77931fadb.png', '2024-04-01 22:48:11', 'admin', '2024-04-01 22:48:11', 'admin', 'minio');
INSERT INTO `sys_oss` VALUES (1774811489325756417, 'caobin/2024/04/01/1022c96c4acf4a1ab5fb0332dac053ad.txt', 'es的配置信息.txt', '.txt', 'http://192.168.200.128:9000/ruoyi-plus/caobin/2024/04/01/1022c96c4acf4a1ab5fb0332dac053ad.txt', '2024-04-01 22:50:08', 'admin', '2024-04-01 22:50:08', 'admin', 'minio');

-- ----------------------------
-- Table structure for sys_oss_config
-- ----------------------------
DROP TABLE IF EXISTS `sys_oss_config`;
CREATE TABLE `sys_oss_config`  (
  `oss_config_id` bigint NOT NULL COMMENT '主建',
  `config_key` varchar(20) CHARACTER SET utf8mb4 COLLATE utf8mb4_general_ci NOT NULL DEFAULT '' COMMENT '配置key',
  `access_key` varchar(255) CHARACTER SET utf8mb4 COLLATE utf8mb4_general_ci NULL DEFAULT '' COMMENT 'accessKey',
  `secret_key` varchar(255) CHARACTER SET utf8mb4 COLLATE utf8mb4_general_ci NULL DEFAULT '' COMMENT '秘钥',
  `bucket_name` varchar(255) CHARACTER SET utf8mb4 COLLATE utf8mb4_general_ci NULL DEFAULT '' COMMENT '桶名称',
  `prefix` varchar(255) CHARACTER SET utf8mb4 COLLATE utf8mb4_general_ci NULL DEFAULT '' COMMENT '前缀',
  `endpoint` varchar(255) CHARACTER SET utf8mb4 COLLATE utf8mb4_general_ci NULL DEFAULT '' COMMENT '访问站点',
  `domain` varchar(255) CHARACTER SET utf8mb4 COLLATE utf8mb4_general_ci NULL DEFAULT '' COMMENT '自定义域名',
  `is_https` char(1) CHARACTER SET utf8mb4 COLLATE utf8mb4_general_ci NULL DEFAULT 'N' COMMENT '是否https（Y=是,N=否）',
  `region` varchar(255) CHARACTER SET utf8mb4 COLLATE utf8mb4_general_ci NULL DEFAULT '' COMMENT '域',
  `access_policy` char(1) CHARACTER SET utf8mb4 COLLATE utf8mb4_general_ci NOT NULL DEFAULT '1' COMMENT '桶权限类型(0=private 1=public 2=custom)',
  `status` char(1) CHARACTER SET utf8mb4 COLLATE utf8mb4_general_ci NULL DEFAULT '1' COMMENT '状态（0=正常,1=停用）',
  `ext1` varchar(255) CHARACTER SET utf8mb4 COLLATE utf8mb4_general_ci NULL DEFAULT '' COMMENT '扩展字段',
  `create_by` varchar(64) CHARACTER SET utf8mb4 COLLATE utf8mb4_general_ci NULL DEFAULT '' COMMENT '创建者',
  `create_time` datetime NULL DEFAULT NULL COMMENT '创建时间',
  `update_by` varchar(64) CHARACTER SET utf8mb4 COLLATE utf8mb4_general_ci NULL DEFAULT '' COMMENT '更新者',
  `update_time` datetime NULL DEFAULT NULL COMMENT '更新时间',
  `remark` varchar(500) CHARACTER SET utf8mb4 COLLATE utf8mb4_general_ci NULL DEFAULT NULL COMMENT '备注',
  PRIMARY KEY (`oss_config_id`) USING BTREE
) ENGINE = InnoDB CHARACTER SET = utf8mb4 COLLATE = utf8mb4_general_ci COMMENT = '对象存储配置表' ROW_FORMAT = DYNAMIC;

-- ----------------------------
-- Records of sys_oss_config
-- ----------------------------
INSERT INTO `sys_oss_config` VALUES (1, 'minio', 'minioroot', 'minioroot', 'ruoyi-plus', 'caobin', '192.168.200.128:9000', '', 'N', '', '1', '0', '', 'admin', '2023-08-15 16:28:38', 'admin', '2024-01-15 10:23:16', '');
INSERT INTO `sys_oss_config` VALUES (2, 'qiniu', 'XXXXXXXXXXXXXXX', 'XXXXXXXXXXXXXXX', 'ruoyi', '', 's3-cn-north-1.qiniucs.com', '', 'N', '', '1', '1', '', 'admin', '2023-08-15 16:28:38', 'admin', '2023-08-15 16:28:38', NULL);
INSERT INTO `sys_oss_config` VALUES (3, 'aliyun', 'XXXXXXXXXXXXXXX', 'XXXXXXXXXXXXXXX', 'ruoyi', '', 'oss-cn-beijing.aliyuncs.com', '', 'N', '', '1', '1', '', 'admin', '2023-08-15 16:28:38', 'admin', '2023-08-15 16:28:38', NULL);
INSERT INTO `sys_oss_config` VALUES (4, 'qcloud', 'XXXXXXXXXXXXXXX', 'XXXXXXXXXXXXXXX', 'ruoyi-1250000000', '', 'cos.ap-beijing.myqcloud.com', '', 'N', 'ap-beijing', '1', '1', '', 'admin', '2023-08-15 16:28:38', 'admin', '2023-08-15 16:28:38', NULL);
INSERT INTO `sys_oss_config` VALUES (5, 'image', 'ruoyi', 'ruoyi123', 'ruoyi', 'image', '127.0.0.1:9000', '', 'N', '', '1', '1', '', 'admin', '2023-08-15 16:28:38', 'admin', '2023-08-15 16:28:38', NULL);

-- ----------------------------
-- Table structure for sys_post
-- ----------------------------
DROP TABLE IF EXISTS `sys_post`;
CREATE TABLE `sys_post`  (
  `post_id` bigint NOT NULL COMMENT '岗位ID',
  `post_code` varchar(64) CHARACTER SET utf8mb4 COLLATE utf8mb4_general_ci NOT NULL COMMENT '岗位编码',
  `post_name` varchar(50) CHARACTER SET utf8mb4 COLLATE utf8mb4_general_ci NOT NULL COMMENT '岗位名称',
  `post_sort` int NOT NULL COMMENT '显示顺序',
  `status` char(1) CHARACTER SET utf8mb4 COLLATE utf8mb4_general_ci NOT NULL COMMENT '状态（0正常 1停用）',
  `create_by` varchar(64) CHARACTER SET utf8mb4 COLLATE utf8mb4_general_ci NULL DEFAULT '' COMMENT '创建者',
  `create_time` datetime NULL DEFAULT NULL COMMENT '创建时间',
  `update_by` varchar(64) CHARACTER SET utf8mb4 COLLATE utf8mb4_general_ci NULL DEFAULT '' COMMENT '更新者',
  `update_time` datetime NULL DEFAULT NULL COMMENT '更新时间',
  `remark` varchar(500) CHARACTER SET utf8mb4 COLLATE utf8mb4_general_ci NULL DEFAULT NULL COMMENT '备注',
  PRIMARY KEY (`post_id`) USING BTREE
) ENGINE = InnoDB CHARACTER SET = utf8mb4 COLLATE = utf8mb4_general_ci COMMENT = '岗位信息表' ROW_FORMAT = DYNAMIC;

-- ----------------------------
-- Records of sys_post
-- ----------------------------
INSERT INTO `sys_post` VALUES (1, 'ceo', '董事长', 1, '0', 'admin', '2023-08-15 16:28:37', '', NULL, '');
INSERT INTO `sys_post` VALUES (2, 'se', '项目经理', 2, '0', 'admin', '2023-08-15 16:28:37', '', NULL, '');
INSERT INTO `sys_post` VALUES (3, 'hr', '人力资源', 3, '0', 'admin', '2023-08-15 16:28:37', '', NULL, '');
INSERT INTO `sys_post` VALUES (4, 'user', '普通员工', 4, '0', 'admin', '2023-08-15 16:28:37', '', NULL, '');

-- ----------------------------
-- Table structure for sys_role
-- ----------------------------
DROP TABLE IF EXISTS `sys_role`;
CREATE TABLE `sys_role`  (
  `role_id` bigint NOT NULL COMMENT '角色ID',
  `role_name` varchar(30) CHARACTER SET utf8mb4 COLLATE utf8mb4_general_ci NOT NULL COMMENT '角色名称',
  `role_key` varchar(100) CHARACTER SET utf8mb4 COLLATE utf8mb4_general_ci NOT NULL COMMENT '角色权限字符串',
  `role_sort` int NOT NULL COMMENT '显示顺序',
  `data_scope` char(1) CHARACTER SET utf8mb4 COLLATE utf8mb4_general_ci NULL DEFAULT '1' COMMENT '数据范围（1：全部数据权限 2：自定数据权限 3：本部门数据权限 4：本部门及以下数据权限）',
  `menu_check_strictly` tinyint(1) NULL DEFAULT 1 COMMENT '菜单树选择项是否关联显示',
  `dept_check_strictly` tinyint(1) NULL DEFAULT 1 COMMENT '部门树选择项是否关联显示',
  `status` char(1) CHARACTER SET utf8mb4 COLLATE utf8mb4_general_ci NOT NULL COMMENT '角色状态（0正常 1停用）',
  `del_flag` char(1) CHARACTER SET utf8mb4 COLLATE utf8mb4_general_ci NULL DEFAULT '0' COMMENT '删除标志（0代表存在 2代表删除）',
  `create_by` varchar(64) CHARACTER SET utf8mb4 COLLATE utf8mb4_general_ci NULL DEFAULT '' COMMENT '创建者',
  `create_time` datetime NULL DEFAULT NULL COMMENT '创建时间',
  `update_by` varchar(64) CHARACTER SET utf8mb4 COLLATE utf8mb4_general_ci NULL DEFAULT '' COMMENT '更新者',
  `update_time` datetime NULL DEFAULT NULL COMMENT '更新时间',
  `remark` varchar(500) CHARACTER SET utf8mb4 COLLATE utf8mb4_general_ci NULL DEFAULT NULL COMMENT '备注',
  PRIMARY KEY (`role_id`) USING BTREE
) ENGINE = InnoDB CHARACTER SET = utf8mb4 COLLATE = utf8mb4_general_ci COMMENT = '角色信息表' ROW_FORMAT = DYNAMIC;

-- ----------------------------
-- Records of sys_role
-- ----------------------------
INSERT INTO `sys_role` VALUES (1, '超级管理员', 'admin', 1, '1', 1, 1, '0', '0', 'admin', '2023-08-15 16:28:37', '', NULL, '超级管理员');
INSERT INTO `sys_role` VALUES (2, '普通角色', 'common', 2, '3', 1, 1, '0', '0', 'admin', '2023-08-15 16:28:37', 'bg', '2024-05-06 18:03:41', '普通角色');
INSERT INTO `sys_role` VALUES (1759958977108221953, '牛马角色', 'niuma', 3, '3', 1, 1, '0', '0', 'admin', '2024-02-20 23:11:33', 'admin', '2024-05-06 17:51:33', '测试权限设置');

-- ----------------------------
-- Table structure for sys_role_dept
-- ----------------------------
DROP TABLE IF EXISTS `sys_role_dept`;
CREATE TABLE `sys_role_dept`  (
  `role_id` bigint NOT NULL COMMENT '角色ID',
  `dept_id` bigint NOT NULL COMMENT '部门ID',
  PRIMARY KEY (`role_id`, `dept_id`) USING BTREE
) ENGINE = InnoDB CHARACTER SET = utf8mb4 COLLATE = utf8mb4_general_ci COMMENT = '角色和部门关联表' ROW_FORMAT = DYNAMIC;

-- ----------------------------
-- Records of sys_role_dept
-- ----------------------------

-- ----------------------------
-- Table structure for sys_role_menu
-- ----------------------------
DROP TABLE IF EXISTS `sys_role_menu`;
CREATE TABLE `sys_role_menu`  (
  `role_id` bigint NOT NULL COMMENT '角色ID',
  `menu_id` bigint NOT NULL COMMENT '菜单ID',
  PRIMARY KEY (`role_id`, `menu_id`) USING BTREE
) ENGINE = InnoDB CHARACTER SET = utf8mb4 COLLATE = utf8mb4_general_ci COMMENT = '角色和菜单关联表' ROW_FORMAT = DYNAMIC;

-- ----------------------------
-- Records of sys_role_menu
-- ----------------------------
INSERT INTO `sys_role_menu` VALUES (2, 1);
INSERT INTO `sys_role_menu` VALUES (2, 2);
INSERT INTO `sys_role_menu` VALUES (2, 3);
INSERT INTO `sys_role_menu` VALUES (2, 4);
INSERT INTO `sys_role_menu` VALUES (2, 5);
INSERT INTO `sys_role_menu` VALUES (2, 100);
INSERT INTO `sys_role_menu` VALUES (2, 101);
INSERT INTO `sys_role_menu` VALUES (2, 102);
INSERT INTO `sys_role_menu` VALUES (2, 103);
INSERT INTO `sys_role_menu` VALUES (2, 104);
INSERT INTO `sys_role_menu` VALUES (2, 105);
INSERT INTO `sys_role_menu` VALUES (2, 106);
INSERT INTO `sys_role_menu` VALUES (2, 107);
INSERT INTO `sys_role_menu` VALUES (2, 108);
INSERT INTO `sys_role_menu` VALUES (2, 109);
INSERT INTO `sys_role_menu` VALUES (2, 111);
INSERT INTO `sys_role_menu` VALUES (2, 112);
INSERT INTO `sys_role_menu` VALUES (2, 113);
INSERT INTO `sys_role_menu` VALUES (2, 114);
INSERT INTO `sys_role_menu` VALUES (2, 115);
INSERT INTO `sys_role_menu` VALUES (2, 117);
INSERT INTO `sys_role_menu` VALUES (2, 118);
INSERT INTO `sys_role_menu` VALUES (2, 120);
INSERT INTO `sys_role_menu` VALUES (2, 121);
INSERT INTO `sys_role_menu` VALUES (2, 122);
INSERT INTO `sys_role_menu` VALUES (2, 123);
INSERT INTO `sys_role_menu` VALUES (2, 124);
INSERT INTO `sys_role_menu` VALUES (2, 125);
INSERT INTO `sys_role_menu` VALUES (2, 126);
INSERT INTO `sys_role_menu` VALUES (2, 127);
INSERT INTO `sys_role_menu` VALUES (2, 128);
INSERT INTO `sys_role_menu` VALUES (2, 129);
INSERT INTO `sys_role_menu` VALUES (2, 130);
INSERT INTO `sys_role_menu` VALUES (2, 500);
INSERT INTO `sys_role_menu` VALUES (2, 501);
INSERT INTO `sys_role_menu` VALUES (2, 1001);
INSERT INTO `sys_role_menu` VALUES (2, 1002);
INSERT INTO `sys_role_menu` VALUES (2, 1003);
INSERT INTO `sys_role_menu` VALUES (2, 1004);
INSERT INTO `sys_role_menu` VALUES (2, 1005);
INSERT INTO `sys_role_menu` VALUES (2, 1006);
INSERT INTO `sys_role_menu` VALUES (2, 1007);
INSERT INTO `sys_role_menu` VALUES (2, 1010);
INSERT INTO `sys_role_menu` VALUES (2, 1011);
INSERT INTO `sys_role_menu` VALUES (2, 1012);
INSERT INTO `sys_role_menu` VALUES (2, 1013);
INSERT INTO `sys_role_menu` VALUES (2, 1014);
INSERT INTO `sys_role_menu` VALUES (2, 1020);
INSERT INTO `sys_role_menu` VALUES (2, 1021);
INSERT INTO `sys_role_menu` VALUES (2, 1022);
INSERT INTO `sys_role_menu` VALUES (2, 1023);
INSERT INTO `sys_role_menu` VALUES (2, 1030);
INSERT INTO `sys_role_menu` VALUES (2, 1031);
INSERT INTO `sys_role_menu` VALUES (2, 1032);
INSERT INTO `sys_role_menu` VALUES (2, 1033);
INSERT INTO `sys_role_menu` VALUES (2, 1040);
INSERT INTO `sys_role_menu` VALUES (2, 1041);
INSERT INTO `sys_role_menu` VALUES (2, 1042);
INSERT INTO `sys_role_menu` VALUES (2, 1043);
INSERT INTO `sys_role_menu` VALUES (2, 1044);
INSERT INTO `sys_role_menu` VALUES (2, 1050);
INSERT INTO `sys_role_menu` VALUES (2, 1051);
INSERT INTO `sys_role_menu` VALUES (2, 1052);
INSERT INTO `sys_role_menu` VALUES (2, 1053);
INSERT INTO `sys_role_menu` VALUES (2, 1054);
INSERT INTO `sys_role_menu` VALUES (2, 1060);
INSERT INTO `sys_role_menu` VALUES (2, 1061);
INSERT INTO `sys_role_menu` VALUES (2, 1062);
INSERT INTO `sys_role_menu` VALUES (2, 1063);
INSERT INTO `sys_role_menu` VALUES (2, 1064);
INSERT INTO `sys_role_menu` VALUES (2, 1070);
INSERT INTO `sys_role_menu` VALUES (2, 1071);
INSERT INTO `sys_role_menu` VALUES (2, 1072);
INSERT INTO `sys_role_menu` VALUES (2, 1073);
INSERT INTO `sys_role_menu` VALUES (2, 1080);
INSERT INTO `sys_role_menu` VALUES (2, 1081);
INSERT INTO `sys_role_menu` VALUES (2, 1082);
INSERT INTO `sys_role_menu` VALUES (2, 1090);
INSERT INTO `sys_role_menu` VALUES (2, 1091);
INSERT INTO `sys_role_menu` VALUES (2, 1092);
INSERT INTO `sys_role_menu` VALUES (2, 1093);
INSERT INTO `sys_role_menu` VALUES (2, 1100);
INSERT INTO `sys_role_menu` VALUES (2, 1101);
INSERT INTO `sys_role_menu` VALUES (2, 1102);
INSERT INTO `sys_role_menu` VALUES (2, 1120);
INSERT INTO `sys_role_menu` VALUES (2, 1121);
INSERT INTO `sys_role_menu` VALUES (2, 1122);
INSERT INTO `sys_role_menu` VALUES (2, 1123);
INSERT INTO `sys_role_menu` VALUES (2, 1124);
INSERT INTO `sys_role_menu` VALUES (2, 1125);
INSERT INTO `sys_role_menu` VALUES (2, 1130);
INSERT INTO `sys_role_menu` VALUES (2, 1131);
INSERT INTO `sys_role_menu` VALUES (2, 1132);
INSERT INTO `sys_role_menu` VALUES (2, 1133);
INSERT INTO `sys_role_menu` VALUES (2, 1134);
INSERT INTO `sys_role_menu` VALUES (2, 1135);
INSERT INTO `sys_role_menu` VALUES (2, 1140);
INSERT INTO `sys_role_menu` VALUES (2, 1141);
INSERT INTO `sys_role_menu` VALUES (2, 1142);
INSERT INTO `sys_role_menu` VALUES (2, 1143);
INSERT INTO `sys_role_menu` VALUES (2, 1150);
INSERT INTO `sys_role_menu` VALUES (2, 1151);
INSERT INTO `sys_role_menu` VALUES (2, 1152);
INSERT INTO `sys_role_menu` VALUES (2, 1153);
INSERT INTO `sys_role_menu` VALUES (2, 1154);
INSERT INTO `sys_role_menu` VALUES (2, 1160);
INSERT INTO `sys_role_menu` VALUES (2, 1161);
INSERT INTO `sys_role_menu` VALUES (2, 1162);
INSERT INTO `sys_role_menu` VALUES (2, 1163);
INSERT INTO `sys_role_menu` VALUES (2, 1164);
INSERT INTO `sys_role_menu` VALUES (2, 1165);
INSERT INTO `sys_role_menu` VALUES (2, 1166);
INSERT INTO `sys_role_menu` VALUES (2, 1167);
INSERT INTO `sys_role_menu` VALUES (2, 1168);
INSERT INTO `sys_role_menu` VALUES (2, 1170);
INSERT INTO `sys_role_menu` VALUES (2, 1171);
INSERT INTO `sys_role_menu` VALUES (2, 1172);
INSERT INTO `sys_role_menu` VALUES (2, 1180);
INSERT INTO `sys_role_menu` VALUES (2, 1181);
INSERT INTO `sys_role_menu` VALUES (2, 1190);
INSERT INTO `sys_role_menu` VALUES (2, 1191);
INSERT INTO `sys_role_menu` VALUES (2, 1192);
INSERT INTO `sys_role_menu` VALUES (2, 1193);
INSERT INTO `sys_role_menu` VALUES (2, 1200);
INSERT INTO `sys_role_menu` VALUES (2, 1201);
INSERT INTO `sys_role_menu` VALUES (2, 1210);
INSERT INTO `sys_role_menu` VALUES (2, 1211);
INSERT INTO `sys_role_menu` VALUES (2, 1220);
INSERT INTO `sys_role_menu` VALUES (2, 1221);
INSERT INTO `sys_role_menu` VALUES (2, 1230);
INSERT INTO `sys_role_menu` VALUES (1759958977108221953, 5);
INSERT INTO `sys_role_menu` VALUES (1759958977108221953, 125);
INSERT INTO `sys_role_menu` VALUES (1759958977108221953, 126);
INSERT INTO `sys_role_menu` VALUES (1759958977108221953, 127);
INSERT INTO `sys_role_menu` VALUES (1759958977108221953, 128);
INSERT INTO `sys_role_menu` VALUES (1759958977108221953, 129);
INSERT INTO `sys_role_menu` VALUES (1759958977108221953, 130);
INSERT INTO `sys_role_menu` VALUES (1759958977108221953, 1180);
INSERT INTO `sys_role_menu` VALUES (1759958977108221953, 1181);
INSERT INTO `sys_role_menu` VALUES (1759958977108221953, 1190);
INSERT INTO `sys_role_menu` VALUES (1759958977108221953, 1191);
INSERT INTO `sys_role_menu` VALUES (1759958977108221953, 1192);
INSERT INTO `sys_role_menu` VALUES (1759958977108221953, 1193);
INSERT INTO `sys_role_menu` VALUES (1759958977108221953, 1200);
INSERT INTO `sys_role_menu` VALUES (1759958977108221953, 1201);
INSERT INTO `sys_role_menu` VALUES (1759958977108221953, 1210);
INSERT INTO `sys_role_menu` VALUES (1759958977108221953, 1211);
INSERT INTO `sys_role_menu` VALUES (1759958977108221953, 1220);
INSERT INTO `sys_role_menu` VALUES (1759958977108221953, 1221);
INSERT INTO `sys_role_menu` VALUES (1759958977108221953, 1230);

-- ----------------------------
-- Table structure for sys_user
-- ----------------------------
DROP TABLE IF EXISTS `sys_user`;
CREATE TABLE `sys_user`  (
  `user_id` bigint NOT NULL AUTO_INCREMENT COMMENT '用户ID',
  `dept_id` bigint NULL DEFAULT NULL COMMENT '部门ID',
  `user_name` varchar(30) CHARACTER SET utf8mb4 COLLATE utf8mb4_general_ci NOT NULL COMMENT '用户账号',
  `nick_name` varchar(30) CHARACTER SET utf8mb4 COLLATE utf8mb4_general_ci NOT NULL COMMENT '用户昵称',
  `user_type` varchar(10) CHARACTER SET utf8mb4 COLLATE utf8mb4_general_ci NULL DEFAULT 'sys_user' COMMENT '用户类型（sys_user系统用户）',
  `email` varchar(50) CHARACTER SET utf8mb4 COLLATE utf8mb4_general_ci NULL DEFAULT '' COMMENT '用户邮箱',
  `phonenumber` varchar(11) CHARACTER SET utf8mb4 COLLATE utf8mb4_general_ci NULL DEFAULT '' COMMENT '手机号码',
  `sex` char(1) CHARACTER SET utf8mb4 COLLATE utf8mb4_general_ci NULL DEFAULT '0' COMMENT '用户性别（0男 1女 2未知）',
  `avatar` varchar(100) CHARACTER SET utf8mb4 COLLATE utf8mb4_general_ci NULL DEFAULT '' COMMENT '头像地址',
  `password` varchar(100) CHARACTER SET utf8mb4 COLLATE utf8mb4_general_ci NULL DEFAULT '' COMMENT '密码',
  `status` char(1) CHARACTER SET utf8mb4 COLLATE utf8mb4_general_ci NULL DEFAULT '0' COMMENT '帐号状态（0正常 1停用）',
  `del_flag` char(1) CHARACTER SET utf8mb4 COLLATE utf8mb4_general_ci NULL DEFAULT '0' COMMENT '删除标志（0代表存在 2代表删除）',
  `login_ip` varchar(128) CHARACTER SET utf8mb4 COLLATE utf8mb4_general_ci NULL DEFAULT '' COMMENT '最后登录IP',
  `login_date` datetime NULL DEFAULT NULL COMMENT '最后登录时间',
  `create_by` varchar(64) CHARACTER SET utf8mb4 COLLATE utf8mb4_general_ci NULL DEFAULT '' COMMENT '创建者',
  `create_time` datetime NULL DEFAULT NULL COMMENT '创建时间',
  `update_by` varchar(64) CHARACTER SET utf8mb4 COLLATE utf8mb4_general_ci NULL DEFAULT '' COMMENT '更新者',
  `update_time` datetime NULL DEFAULT NULL COMMENT '更新时间',
  `remark` varchar(500) CHARACTER SET utf8mb4 COLLATE utf8mb4_general_ci NULL DEFAULT NULL COMMENT '备注',
  PRIMARY KEY (`user_id`) USING BTREE
) ENGINE = InnoDB AUTO_INCREMENT = 1760118599878062082 CHARACTER SET = utf8mb4 COLLATE = utf8mb4_general_ci COMMENT = '用户信息表' ROW_FORMAT = DYNAMIC;

-- ----------------------------
-- Records of sys_user
-- ----------------------------
INSERT INTO `sys_user` VALUES (1, 103, 'admin', '若依管理员', 'sys_user', 'ry@163.com', '15888888888', '1', 'http://192.168.200.128:9000/ruoyi-plus/caobin/2024/02/20/74a92fe41bc2477ba2698fd644e4970a.jpg', '$2a$10$7JB720yubVSZvUI0rEqK/.VqGOZTH.ulu33dHOiBE8ByOhJIrdAu2', '0', '0', '127.0.0.1', '2024-08-15 09:49:05', 'admin', '2023-08-15 16:28:37', 'admin', '2024-08-15 09:49:05', '管理员');
INSERT INTO `sys_user` VALUES (2, 105, 'ry', '若依', 'sys_user', 'ry@qq.com', '15666666666', '1', '', '$2a$10$7JB720yubVSZvUI0rEqK/.VqGOZTH.ulu33dHOiBE8ByOhJIrdAu2', '0', '0', '127.0.0.1', '2023-09-11 11:25:46', 'admin', '2023-08-15 16:28:37', 'admin', '2023-12-19 14:12:40', '测试员');
INSERT INTO `sys_user` VALUES (3, 100, 'xmg', '谢老板', 'sys_user', '613@qq.com', '13479243656', '0', '', '$2a$10$ggM7OUxyHJO8Y1vr6Ji1zu/a6iuBPLKd0rgaV25bVbR1NQomANcBe', '0', '0', '192.168.31.202', '2024-03-31 23:22:26', 'admin', '2023-08-15 16:44:45', 'xmg', '2024-03-31 23:22:26', '牛掰的角色');
INSERT INTO `sys_user` VALUES (4, 100, 'cb', '曹老板', 'sys_user', '1228@qq.com', '13576237349', '0', '', '$2a$10$C7NC5g1bgrpEIR6UjmNg.OiIak35rS221hbN1ZDgnXVu2o4EvTq6C', '0', '0', '192.168.31.202', '2024-05-06 18:03:03', 'admin', '2023-08-15 16:45:55', 'cb', '2024-05-06 18:03:03', '牛掰');
INSERT INTO `sys_user` VALUES (5, 100, 'bg', '波哥', 'sys_user', '78@qq.com', '13566666666', '0', '', '$2a$10$kuf.WP75e2ZxX4YwdRvFr.OF/FNA0cSQ1XhCcrvfaI0v9tkqbdDIC', '0', '0', '192.168.31.202', '2024-05-06 18:03:55', 'admin', '2023-08-15 16:46:46', 'bg', '2024-05-06 18:03:55', '波哥666');
INSERT INTO `sys_user` VALUES (6, 100, 'test01', 'test01', 'sys_user', '29@18.com', '13479243655', '0', '', '$2a$10$kn1kCAJnP6ppxRmX4qpBdOh6W6cSCzg2zNuFbZUPQThpht.cZ1VAm', '0', '0', '', NULL, 'admin', '2024-01-12 13:51:40', 'admin', '2024-01-12 13:51:40', '测试角色用户信息');
INSERT INTO `sys_user` VALUES (1760118599878062081, 103, 'test02', '测试人员2', 'sys_user', '29@qq.com', '13479243355', '0', '', '$2a$10$HnFJD4ABTRqmrMwO8CBKsOZ.IncCZCu9PEyjqnynnLe6Q4DAAI.NK', '0', '0', '', NULL, 'admin', '2024-02-21 09:45:50', 'admin', '2024-02-21 09:45:50', '测试数据');

-- ----------------------------
-- Table structure for sys_user_post
-- ----------------------------
DROP TABLE IF EXISTS `sys_user_post`;
CREATE TABLE `sys_user_post`  (
  `user_id` bigint NOT NULL COMMENT '用户ID',
  `post_id` bigint NOT NULL COMMENT '岗位ID',
  PRIMARY KEY (`user_id`, `post_id`) USING BTREE
) ENGINE = InnoDB CHARACTER SET = utf8mb4 COLLATE = utf8mb4_general_ci COMMENT = '用户与岗位关联表' ROW_FORMAT = DYNAMIC;

-- ----------------------------
-- Records of sys_user_post
-- ----------------------------
INSERT INTO `sys_user_post` VALUES (1, 1);
INSERT INTO `sys_user_post` VALUES (2, 2);
INSERT INTO `sys_user_post` VALUES (3, 1);
INSERT INTO `sys_user_post` VALUES (4, 1);
INSERT INTO `sys_user_post` VALUES (5, 1);
INSERT INTO `sys_user_post` VALUES (1745684948272680962, 1);
INSERT INTO `sys_user_post` VALUES (1760118599878062081, 1);
INSERT INTO `sys_user_post` VALUES (1760118599878062081, 3);

-- ----------------------------
-- Table structure for sys_user_role
-- ----------------------------
DROP TABLE IF EXISTS `sys_user_role`;
CREATE TABLE `sys_user_role`  (
  `user_id` bigint NOT NULL COMMENT '用户ID',
  `role_id` bigint NOT NULL COMMENT '角色ID',
  PRIMARY KEY (`user_id`, `role_id`) USING BTREE
) ENGINE = InnoDB CHARACTER SET = utf8mb4 COLLATE = utf8mb4_general_ci COMMENT = '用户和角色关联表' ROW_FORMAT = DYNAMIC;

-- ----------------------------
-- Records of sys_user_role
-- ----------------------------
INSERT INTO `sys_user_role` VALUES (1, 1);
INSERT INTO `sys_user_role` VALUES (2, 2);
INSERT INTO `sys_user_role` VALUES (3, 2);
INSERT INTO `sys_user_role` VALUES (4, 2);
INSERT INTO `sys_user_role` VALUES (5, 2);
INSERT INTO `sys_user_role` VALUES (1745684948272680962, 2);
INSERT INTO `sys_user_role` VALUES (1760118599878062081, 2);

-- ----------------------------
-- Table structure for wf_category
-- ----------------------------
DROP TABLE IF EXISTS `wf_category`;
CREATE TABLE `wf_category`  (
  `category_id` bigint NOT NULL AUTO_INCREMENT COMMENT '流程分类id',
  `category_name` varchar(64) CHARACTER SET utf8mb4 COLLATE utf8mb4_general_ci NULL DEFAULT '' COMMENT '流程分类名称',
  `code` varchar(64) CHARACTER SET utf8mb4 COLLATE utf8mb4_general_ci NULL DEFAULT '' COMMENT '分类编码',
  `remark` varchar(500) CHARACTER SET utf8mb4 COLLATE utf8mb4_general_ci NULL DEFAULT '' COMMENT '备注',
  `create_by` varchar(64) CHARACTER SET utf8mb4 COLLATE utf8mb4_general_ci NULL DEFAULT '' COMMENT '创建者',
  `create_time` datetime NULL DEFAULT NULL COMMENT '创建时间',
  `update_by` varchar(64) CHARACTER SET utf8mb4 COLLATE utf8mb4_general_ci NULL DEFAULT '' COMMENT '更新者',
  `update_time` datetime NULL DEFAULT NULL COMMENT '更新时间',
  `del_flag` char(1) CHARACTER SET utf8mb4 COLLATE utf8mb4_general_ci NULL DEFAULT '0' COMMENT '删除标志（0代表存在 2代表删除）',
  PRIMARY KEY (`category_id`) USING BTREE
) ENGINE = InnoDB AUTO_INCREMENT = 1773896409042075651 CHARACTER SET = utf8mb4 COLLATE = utf8mb4_general_ci COMMENT = '流程分类表' ROW_FORMAT = DYNAMIC;

-- ----------------------------
-- Records of wf_category
-- ----------------------------
INSERT INTO `wf_category` VALUES (1698939985011019778, 'qingjia', '191', '', 'admin', '2023-09-05 14:03:52', 'ry', '2023-09-11 11:43:24', '2');
INSERT INTO `wf_category` VALUES (1701079397689950209, 'qingjia', '1911', '', 'ry', '2023-09-11 11:45:08', 'ry', '2023-09-11 11:46:39', '2');
INSERT INTO `wf_category` VALUES (1701103310071365633, 'qingjia', '1', '', 'admin', '2023-09-11 13:20:09', 'admin', '2023-09-11 13:20:09', '2');
INSERT INTO `wf_category` VALUES (1701134010787004418, '111', '221', '11', 'admin', '2023-09-11 15:22:08', 'admin', '2023-09-11 15:22:08', '2');
INSERT INTO `wf_category` VALUES (1702525553447923713, '请假', '80019227', '斌请假\n', 'admin', '2023-09-15 11:31:38', 'admin', '2023-09-15 11:31:38', '2');
INSERT INTO `wf_category` VALUES (1759013029725069313, '请假流程', '110', '请假流程', 'cb', '2024-02-18 08:32:42', 'cb', '2024-02-18 08:32:42', '0');
INSERT INTO `wf_category` VALUES (1773357732427608066, '产检流程', '120', '产检流程', 'admin', '2024-03-28 22:33:25', 'admin', '2024-03-28 22:33:45', '0');
INSERT INTO `wf_category` VALUES (1773895812813373441, '结婚流程', '130', '结婚的详细流程', 'admin', '2024-03-30 10:11:34', 'admin', '2024-03-30 10:11:34', '0');
INSERT INTO `wf_category` VALUES (1773896409042075650, '生娃流程', '140', '生娃流程', 'admin', '2024-03-30 10:13:56', 'admin', '2024-03-30 10:13:56', '0');

-- ----------------------------
-- Table structure for wf_copy
-- ----------------------------
DROP TABLE IF EXISTS `wf_copy`;
CREATE TABLE `wf_copy`  (
  `copy_id` bigint NOT NULL AUTO_INCREMENT COMMENT '抄送主键',
  `title` varchar(255) CHARACTER SET utf8mb4 COLLATE utf8mb4_general_ci NULL DEFAULT '' COMMENT '抄送标题',
  `process_id` varchar(64) CHARACTER SET utf8mb4 COLLATE utf8mb4_general_ci NULL DEFAULT '' COMMENT '流程主键',
  `process_name` varchar(255) CHARACTER SET utf8mb4 COLLATE utf8mb4_general_ci NULL DEFAULT '' COMMENT '流程名称',
  `category_id` varchar(255) CHARACTER SET utf8mb4 COLLATE utf8mb4_general_ci NULL DEFAULT '' COMMENT '流程分类主键',
  `deployment_id` varchar(64) CHARACTER SET utf8mb4 COLLATE utf8mb4_general_ci NULL DEFAULT '' COMMENT '部署主键',
  `instance_id` varchar(64) CHARACTER SET utf8mb4 COLLATE utf8mb4_general_ci NULL DEFAULT '' COMMENT '流程实例主键',
  `task_id` varchar(64) CHARACTER SET utf8mb4 COLLATE utf8mb4_general_ci NULL DEFAULT '' COMMENT '任务主键',
  `user_id` bigint NULL DEFAULT NULL COMMENT '用户主键',
  `originator_id` bigint NULL DEFAULT NULL COMMENT '发起人主键',
  `originator_name` varchar(64) CHARACTER SET utf8mb4 COLLATE utf8mb4_general_ci NULL DEFAULT '' COMMENT '发起人名称',
  `create_by` varchar(64) CHARACTER SET utf8mb4 COLLATE utf8mb4_general_ci NULL DEFAULT '' COMMENT '创建者',
  `create_time` datetime NULL DEFAULT NULL COMMENT '创建时间',
  `update_by` varchar(64) CHARACTER SET utf8mb4 COLLATE utf8mb4_general_ci NULL DEFAULT '' COMMENT '更新者',
  `update_time` datetime NULL DEFAULT NULL COMMENT '更新时间',
  `del_flag` char(1) CHARACTER SET utf8mb4 COLLATE utf8mb4_general_ci NULL DEFAULT '0' COMMENT '删除标志（0代表存在 2代表删除）',
  PRIMARY KEY (`copy_id`) USING BTREE
) ENGINE = InnoDB AUTO_INCREMENT = 1774446159134973955 CHARACTER SET = utf8mb4 COLLATE = utf8mb4_general_ci COMMENT = '流程抄送表' ROW_FORMAT = DYNAMIC;

-- ----------------------------
-- Records of wf_copy
-- ----------------------------
INSERT INTO `wf_copy` VALUES (1699238763685441537, '业务流程_1693893848930-任务', 'Process_1693893848930:3:28579c90-4c57-11ee-b39b-a0e70b8d65c1', '业务流程_1693893848930', '', '2829d5cd-4c57-11ee-b39b-a0e70b8d65c1', '7aa826e1-4c57-11ee-b39b-a0e70b8d65c1', '7aa826ea-4c57-11ee-b39b-a0e70b8d65c1', 5, 2, '若依', 'ry', '2023-09-06 09:51:06', 'ry', '2023-09-06 09:51:06', '0');
INSERT INTO `wf_copy` VALUES (1699971615402213378, '业务流程_1694139561133-null', 'Process_1694139561133:1:5e1c444f-4dee-11ee-9689-a0e70b8d65c1', '业务流程_1694139561133', '', '5df4980c-4dee-11ee-9689-a0e70b8d65c1', '69914fb0-4dee-11ee-9689-a0e70b8d65c1', '69921309-4dee-11ee-9689-a0e70b8d65c1', 2, 3, '谢老板', 'xmg', '2023-09-08 10:23:12', 'xmg', '2023-09-08 10:23:12', '0');
INSERT INTO `wf_copy` VALUES (1701043364264747009, '业务流程_1694139561133-null', 'Process_1694139561133:1:5e1c444f-4dee-11ee-9689-a0e70b8d65c1', '业务流程_1694139561133', '', '5df4980c-4dee-11ee-9689-a0e70b8d65c1', '7b90d6a3-5041-11ee-a6a8-a0e70b8d65c1', '7b91c10c-5041-11ee-a6a8-a0e70b8d65c1', 2, 3, '谢老板', 'xmg', '2023-09-11 09:21:57', 'xmg', '2023-09-11 09:21:57', '0');
INSERT INTO `wf_copy` VALUES (1701074037587542018, '业务流程_1694139561133-null', 'Process_1694139561133:1:5e1c444f-4dee-11ee-9689-a0e70b8d65c1', '业务流程_1694139561133', '', '5df4980c-4dee-11ee-9689-a0e70b8d65c1', '7b90d6a3-5041-11ee-a6a8-a0e70b8d65c1', '98fc4592-5041-11ee-a6a8-a0e70b8d65c1', 4, 4, '曹老板', 'cb', '2023-09-11 11:23:50', 'cb', '2023-09-11 11:23:50', '0');
INSERT INTO `wf_copy` VALUES (1774446159134973954, '业务流程_1711765614799-null', 'Process_1711765614799:1:f64bef0f-eea5-11ee-a7e7-a0e70b8d65c1', '业务流程_1711765614799', '', 'f5bddfdc-eea5-11ee-a7e7-a0e70b8d65c1', '171abc6f-eec5-11ee-a9b2-a0e70b8d65c1', '171d066f-eec5-11ee-a9b2-a0e70b8d65c1', 4, 4, '曹老板', 'cb', '2024-03-31 22:38:27', 'cb', '2024-03-31 22:38:27', '0');

-- ----------------------------
-- Table structure for wf_deploy_form
-- ----------------------------
DROP TABLE IF EXISTS `wf_deploy_form`;
CREATE TABLE `wf_deploy_form`  (
  `deploy_id` varchar(64) CHARACTER SET utf8mb4 COLLATE utf8mb4_general_ci NOT NULL COMMENT '流程实例主键',
  `form_key` varchar(64) CHARACTER SET utf8mb4 COLLATE utf8mb4_general_ci NOT NULL COMMENT '表单Key',
  `node_key` varchar(64) CHARACTER SET utf8mb4 COLLATE utf8mb4_general_ci NOT NULL COMMENT '节点Key',
  `form_name` varchar(64) CHARACTER SET utf8mb4 COLLATE utf8mb4_general_ci NULL DEFAULT '' COMMENT '表单名称',
  `node_name` varchar(255) CHARACTER SET utf8mb4 COLLATE utf8mb4_general_ci NULL DEFAULT '' COMMENT '节点名称',
  `content` longtext CHARACTER SET utf8mb4 COLLATE utf8mb4_general_ci NULL COMMENT '表单内容',
  PRIMARY KEY (`deploy_id`, `form_key`, `node_key`) USING BTREE
) ENGINE = InnoDB CHARACTER SET = utf8mb4 COLLATE = utf8mb4_general_ci COMMENT = '流程实例关联表单' ROW_FORMAT = DYNAMIC;

-- ----------------------------
-- Records of wf_deploy_form
-- ----------------------------
INSERT INTO `wf_deploy_form` VALUES ('92352567-ed10-11ee-82f5-a0e70b8d65c1', 'key_1759011848135106562', 'Activity_0moq7sv', '请假表单', '', '{\"formRef\":\"elForm\",\"formModel\":\"formData\",\"size\":\"medium\",\"labelPosition\":\"right\",\"labelWidth\":100,\"formRules\":\"rules\",\"gutter\":15,\"disabled\":false,\"span\":24,\"formBtns\":true,\"fields\":[{\"__config__\":{\"label\":\"单行文本\",\"labelWidth\":null,\"showLabel\":true,\"changeTag\":true,\"tag\":\"el-input\",\"tagIcon\":\"input\",\"required\":true,\"layout\":\"colFormItem\",\"span\":24,\"document\":\"https://element.eleme.cn/#/zh-CN/component/input\",\"regList\":[],\"formId\":101,\"renderKey\":\"1011708216036427\"},\"__slot__\":{\"prepend\":\"\",\"append\":\"\"},\"placeholder\":\"请输入单行文本\",\"style\":{\"width\":\"100%\"},\"clearable\":true,\"prefix-icon\":\"\",\"suffix-icon\":\"\",\"maxlength\":null,\"show-word-limit\":false,\"readonly\":false,\"disabled\":false,\"__vModel__\":\"field101\"}]}');
INSERT INTO `wf_deploy_form` VALUES ('92352567-ed10-11ee-82f5-a0e70b8d65c1', 'key_1759011848135106562', 'Event_1at5nuz', '请假表单', '', '{\"formRef\":\"elForm\",\"formModel\":\"formData\",\"size\":\"medium\",\"labelPosition\":\"right\",\"labelWidth\":100,\"formRules\":\"rules\",\"gutter\":15,\"disabled\":false,\"span\":24,\"formBtns\":true,\"fields\":[{\"__config__\":{\"label\":\"单行文本\",\"labelWidth\":null,\"showLabel\":true,\"changeTag\":true,\"tag\":\"el-input\",\"tagIcon\":\"input\",\"required\":true,\"layout\":\"colFormItem\",\"span\":24,\"document\":\"https://element.eleme.cn/#/zh-CN/component/input\",\"regList\":[],\"formId\":101,\"renderKey\":\"1011708216036427\"},\"__slot__\":{\"prepend\":\"\",\"append\":\"\"},\"placeholder\":\"请输入单行文本\",\"style\":{\"width\":\"100%\"},\"clearable\":true,\"prefix-icon\":\"\",\"suffix-icon\":\"\",\"maxlength\":null,\"show-word-limit\":false,\"readonly\":false,\"disabled\":false,\"__vModel__\":\"field101\"}]}');
INSERT INTO `wf_deploy_form` VALUES ('925e67b0-ce06-11ee-83a2-a0e70b8d65c1', 'key_1759011848135106562', 'Activity_0moq7sv', '请假表单', '', '{\"formRef\":\"elForm\",\"formModel\":\"formData\",\"size\":\"medium\",\"labelPosition\":\"right\",\"labelWidth\":100,\"formRules\":\"rules\",\"gutter\":15,\"disabled\":false,\"span\":24,\"formBtns\":true,\"fields\":[{\"__config__\":{\"label\":\"单行文本\",\"labelWidth\":null,\"showLabel\":true,\"changeTag\":true,\"tag\":\"el-input\",\"tagIcon\":\"input\",\"required\":true,\"layout\":\"colFormItem\",\"span\":24,\"document\":\"https://element.eleme.cn/#/zh-CN/component/input\",\"regList\":[],\"formId\":101,\"renderKey\":\"1011708216036427\"},\"__slot__\":{\"prepend\":\"\",\"append\":\"\"},\"placeholder\":\"请输入单行文本\",\"style\":{\"width\":\"100%\"},\"clearable\":true,\"prefix-icon\":\"\",\"suffix-icon\":\"\",\"maxlength\":null,\"show-word-limit\":false,\"readonly\":false,\"disabled\":false,\"__vModel__\":\"field101\"}]}');
INSERT INTO `wf_deploy_form` VALUES ('925e67b0-ce06-11ee-83a2-a0e70b8d65c1', 'key_1759011848135106562', 'Event_1at5nuz', '请假表单', '', '{\"formRef\":\"elForm\",\"formModel\":\"formData\",\"size\":\"medium\",\"labelPosition\":\"right\",\"labelWidth\":100,\"formRules\":\"rules\",\"gutter\":15,\"disabled\":false,\"span\":24,\"formBtns\":true,\"fields\":[{\"__config__\":{\"label\":\"单行文本\",\"labelWidth\":null,\"showLabel\":true,\"changeTag\":true,\"tag\":\"el-input\",\"tagIcon\":\"input\",\"required\":true,\"layout\":\"colFormItem\",\"span\":24,\"document\":\"https://element.eleme.cn/#/zh-CN/component/input\",\"regList\":[],\"formId\":101,\"renderKey\":\"1011708216036427\"},\"__slot__\":{\"prepend\":\"\",\"append\":\"\"},\"placeholder\":\"请输入单行文本\",\"style\":{\"width\":\"100%\"},\"clearable\":true,\"prefix-icon\":\"\",\"suffix-icon\":\"\",\"maxlength\":null,\"show-word-limit\":false,\"readonly\":false,\"disabled\":false,\"__vModel__\":\"field101\"}]}');
INSERT INTO `wf_deploy_form` VALUES ('d5192b6d-ed10-11ee-82f5-a0e70b8d65c1', 'key_1773351609905590273', 'Event_0jmakry', '测试表单001', '', '{\"formRef\":\"elForm\",\"formModel\":\"formData\",\"size\":\"medium\",\"labelPosition\":\"right\",\"labelWidth\":100,\"formRules\":\"rules\",\"gutter\":15,\"disabled\":false,\"span\":24,\"formBtns\":true,\"fields\":[{\"__config__\":{\"label\":\"上传\",\"tag\":\"el-upload\",\"tagIcon\":\"upload\",\"layout\":\"colFormItem\",\"defaultValue\":null,\"showLabel\":true,\"labelWidth\":null,\"required\":true,\"span\":24,\"showTip\":false,\"buttonText\":\"点击上传\",\"regList\":[],\"changeTag\":true,\"fileSize\":2,\"sizeUnit\":\"MB\",\"document\":\"https://element.eleme.cn/#/zh-CN/component/upload\",\"formId\":101,\"renderKey\":\"1011711634878729\"},\"__slot__\":{\"list-type\":true},\"action\":\"/dev-api/system/oss/upload\",\"disabled\":false,\"accept\":\"\",\"name\":\"file\",\"auto-upload\":true,\"list-type\":\"text\",\"multiple\":false,\"__vModel__\":\"field101\"},{\"__config__\":{\"label\":\"单行文本\",\"labelWidth\":null,\"showLabel\":true,\"changeTag\":true,\"tag\":\"el-input\",\"tagIcon\":\"input\",\"required\":true,\"layout\":\"colFormItem\",\"span\":24,\"document\":\"https://element.eleme.cn/#/zh-CN/component/input\",\"regList\":[],\"formId\":102,\"renderKey\":\"1021711634891199\"},\"__slot__\":{\"prepend\":\"\",\"append\":\"\"},\"placeholder\":\"请输入单行文本\",\"style\":{\"width\":\"100%\"},\"clearable\":true,\"prefix-icon\":\"\",\"suffix-icon\":\"\",\"maxlength\":null,\"show-word-limit\":false,\"readonly\":false,\"disabled\":false,\"__vModel__\":\"field102\"},{\"__config__\":{\"label\":\"下拉选择\",\"showLabel\":true,\"labelWidth\":null,\"tag\":\"el-select\",\"tagIcon\":\"select\",\"layout\":\"colFormItem\",\"span\":24,\"required\":true,\"regList\":[],\"changeTag\":true,\"document\":\"https://element.eleme.cn/#/zh-CN/component/select\",\"formId\":104,\"renderKey\":\"1041711634902262\"},\"__slot__\":{\"options\":[{\"label\":\"选项一\",\"value\":1},{\"label\":\"选项二\",\"value\":2}]},\"placeholder\":\"请选择下拉选择\",\"style\":{\"width\":\"100%\"},\"clearable\":true,\"disabled\":false,\"filterable\":false,\"multiple\":false,\"__vModel__\":\"field104\"}]}');
INSERT INTO `wf_deploy_form` VALUES ('f5bddfdc-eea5-11ee-a7e7-a0e70b8d65c1', 'key_1773894899210076161', 'Event_1e0njhx', '330表单', '', '{\"formRef\":\"elForm\",\"formModel\":\"formData\",\"size\":\"medium\",\"labelPosition\":\"right\",\"labelWidth\":100,\"formRules\":\"rules\",\"gutter\":15,\"disabled\":false,\"span\":24,\"formBtns\":true,\"fields\":[{\"__config__\":{\"label\":\"单行文本\",\"labelWidth\":null,\"showLabel\":true,\"changeTag\":true,\"tag\":\"el-input\",\"tagIcon\":\"input\",\"required\":true,\"layout\":\"colFormItem\",\"span\":24,\"document\":\"https://element.eleme.cn/#/zh-CN/component/input\",\"regList\":[],\"formId\":101,\"renderKey\":\"1011711764344344\"},\"__slot__\":{\"prepend\":\"\",\"append\":\"\"},\"placeholder\":\"请输入单行文本\",\"style\":{\"width\":\"100%\"},\"clearable\":true,\"prefix-icon\":\"\",\"suffix-icon\":\"\",\"maxlength\":null,\"show-word-limit\":false,\"readonly\":false,\"disabled\":false,\"__vModel__\":\"field101\"},{\"__config__\":{\"label\":\"多行文本\",\"labelWidth\":null,\"showLabel\":true,\"tag\":\"el-input\",\"tagIcon\":\"textarea\",\"required\":true,\"layout\":\"colFormItem\",\"span\":24,\"regList\":[],\"changeTag\":true,\"document\":\"https://element.eleme.cn/#/zh-CN/component/input\",\"formId\":102,\"renderKey\":\"1021711764345898\"},\"type\":\"textarea\",\"placeholder\":\"请输入多行文本\",\"autosize\":{\"minRows\":4,\"maxRows\":4},\"style\":{\"width\":\"100%\"},\"maxlength\":null,\"show-word-limit\":false,\"readonly\":false,\"disabled\":false,\"__vModel__\":\"field102\"},{\"__config__\":{\"label\":\"上传\",\"tag\":\"el-upload\",\"tagIcon\":\"upload\",\"layout\":\"colFormItem\",\"defaultValue\":null,\"showLabel\":true,\"labelWidth\":null,\"required\":true,\"span\":24,\"showTip\":false,\"buttonText\":\"点击上传\",\"regList\":[],\"changeTag\":true,\"fileSize\":2,\"sizeUnit\":\"MB\",\"document\":\"https://element.eleme.cn/#/zh-CN/component/upload\",\"formId\":103,\"renderKey\":\"1031711764350141\"},\"__slot__\":{\"list-type\":true},\"action\":\"/dev-api/system/oss/upload\",\"disabled\":false,\"accept\":\"\",\"name\":\"file\",\"auto-upload\":true,\"list-type\":\"text\",\"multiple\":false,\"__vModel__\":\"field103\"},{\"__config__\":{\"label\":\"日期范围\",\"tag\":\"el-date-picker\",\"tagIcon\":\"date-range\",\"defaultValue\":null,\"span\":24,\"showLabel\":true,\"labelWidth\":null,\"required\":true,\"layout\":\"colFormItem\",\"regList\":[],\"changeTag\":true,\"document\":\"https://element.eleme.cn/#/zh-CN/component/date-picker\",\"formId\":105,\"renderKey\":\"1051711764365030\"},\"style\":{\"width\":\"100%\"},\"type\":\"daterange\",\"range-separator\":\"至\",\"start-placeholder\":\"开始日期\",\"end-placeholder\":\"结束日期\",\"disabled\":false,\"clearable\":true,\"format\":\"yyyy-MM-dd\",\"value-format\":\"yyyy-MM-dd\",\"readonly\":false,\"__vModel__\":\"field105\"}]}');

-- ----------------------------
-- Table structure for wf_form
-- ----------------------------
DROP TABLE IF EXISTS `wf_form`;
CREATE TABLE `wf_form`  (
  `form_id` bigint NOT NULL AUTO_INCREMENT COMMENT '表单主键',
  `form_name` varchar(64) CHARACTER SET utf8mb4 COLLATE utf8mb4_general_ci NULL DEFAULT '' COMMENT '表单名称',
  `content` longtext CHARACTER SET utf8mb4 COLLATE utf8mb4_general_ci NULL COMMENT '表单内容',
  `create_by` varchar(64) CHARACTER SET utf8mb4 COLLATE utf8mb4_general_ci NULL DEFAULT '' COMMENT '创建者',
  `create_time` datetime NULL DEFAULT NULL COMMENT '创建时间',
  `update_by` varchar(64) CHARACTER SET utf8mb4 COLLATE utf8mb4_general_ci NULL DEFAULT '' COMMENT '更新者',
  `update_time` datetime NULL DEFAULT NULL COMMENT '更新时间',
  `remark` varchar(255) CHARACTER SET utf8mb4 COLLATE utf8mb4_general_ci NULL DEFAULT NULL COMMENT '备注',
  `del_flag` char(1) CHARACTER SET utf8mb4 COLLATE utf8mb4_general_ci NULL DEFAULT '0' COMMENT '删除标志（0代表存在 2代表删除）',
  PRIMARY KEY (`form_id`) USING BTREE
) ENGINE = InnoDB AUTO_INCREMENT = 1773894899210076162 CHARACTER SET = utf8mb4 COLLATE = utf8mb4_general_ci COMMENT = '流程表单信息表' ROW_FORMAT = DYNAMIC;

-- ----------------------------
-- Records of wf_form
-- ----------------------------
INSERT INTO `wf_form` VALUES (1759011848135106562, '请假表单', '{\"formRef\":\"elForm\",\"formModel\":\"formData\",\"size\":\"medium\",\"labelPosition\":\"right\",\"labelWidth\":100,\"formRules\":\"rules\",\"gutter\":15,\"disabled\":false,\"span\":24,\"formBtns\":true,\"fields\":[{\"__config__\":{\"label\":\"单行文本\",\"labelWidth\":null,\"showLabel\":true,\"changeTag\":true,\"tag\":\"el-input\",\"tagIcon\":\"input\",\"required\":true,\"layout\":\"colFormItem\",\"span\":24,\"document\":\"https://element.eleme.cn/#/zh-CN/component/input\",\"regList\":[],\"formId\":101,\"renderKey\":\"1011708216036427\"},\"__slot__\":{\"prepend\":\"\",\"append\":\"\"},\"placeholder\":\"请输入单行文本\",\"style\":{\"width\":\"100%\"},\"clearable\":true,\"prefix-icon\":\"\",\"suffix-icon\":\"\",\"maxlength\":null,\"show-word-limit\":false,\"readonly\":false,\"disabled\":false,\"__vModel__\":\"field101\"}]}', 'cb', '2024-02-18 08:28:00', 'cb', '2024-02-18 08:28:00', '表单测试备注', '0');
INSERT INTO `wf_form` VALUES (1773351609905590273, '测试表单001', '{\"formRef\":\"elForm\",\"formModel\":\"formData\",\"size\":\"medium\",\"labelPosition\":\"right\",\"labelWidth\":100,\"formRules\":\"rules\",\"gutter\":15,\"disabled\":false,\"span\":24,\"formBtns\":true,\"fields\":[{\"__config__\":{\"label\":\"上传\",\"tag\":\"el-upload\",\"tagIcon\":\"upload\",\"layout\":\"colFormItem\",\"defaultValue\":null,\"showLabel\":true,\"labelWidth\":null,\"required\":true,\"span\":24,\"showTip\":false,\"buttonText\":\"点击上传\",\"regList\":[],\"changeTag\":true,\"fileSize\":2,\"sizeUnit\":\"MB\",\"document\":\"https://element.eleme.cn/#/zh-CN/component/upload\",\"formId\":101,\"renderKey\":\"1011711634878729\"},\"__slot__\":{\"list-type\":true},\"action\":\"/dev-api/system/oss/upload\",\"disabled\":false,\"accept\":\"\",\"name\":\"file\",\"auto-upload\":true,\"list-type\":\"text\",\"multiple\":false,\"__vModel__\":\"field101\"},{\"__config__\":{\"label\":\"单行文本\",\"labelWidth\":null,\"showLabel\":true,\"changeTag\":true,\"tag\":\"el-input\",\"tagIcon\":\"input\",\"required\":true,\"layout\":\"colFormItem\",\"span\":24,\"document\":\"https://element.eleme.cn/#/zh-CN/component/input\",\"regList\":[],\"formId\":102,\"renderKey\":\"1021711634891199\"},\"__slot__\":{\"prepend\":\"\",\"append\":\"\"},\"placeholder\":\"请输入单行文本\",\"style\":{\"width\":\"100%\"},\"clearable\":true,\"prefix-icon\":\"\",\"suffix-icon\":\"\",\"maxlength\":null,\"show-word-limit\":false,\"readonly\":false,\"disabled\":false,\"__vModel__\":\"field102\"},{\"__config__\":{\"label\":\"下拉选择\",\"showLabel\":true,\"labelWidth\":null,\"tag\":\"el-select\",\"tagIcon\":\"select\",\"layout\":\"colFormItem\",\"span\":24,\"required\":true,\"regList\":[],\"changeTag\":true,\"document\":\"https://element.eleme.cn/#/zh-CN/component/select\",\"formId\":104,\"renderKey\":\"1041711634902262\"},\"__slot__\":{\"options\":[{\"label\":\"选项一\",\"value\":1},{\"label\":\"选项二\",\"value\":2}]},\"placeholder\":\"请选择下拉选择\",\"style\":{\"width\":\"100%\"},\"clearable\":true,\"disabled\":false,\"filterable\":false,\"multiple\":false,\"__vModel__\":\"field104\"}]}', 'admin', '2024-03-28 22:09:06', 'admin', '2024-03-28 22:09:06', '测试', '0');
INSERT INTO `wf_form` VALUES (1773894899210076161, '330表单', '{\"formRef\":\"elForm\",\"formModel\":\"formData\",\"size\":\"medium\",\"labelPosition\":\"right\",\"labelWidth\":100,\"formRules\":\"rules\",\"gutter\":15,\"disabled\":false,\"span\":24,\"formBtns\":true,\"fields\":[{\"__config__\":{\"label\":\"单行文本\",\"labelWidth\":null,\"showLabel\":true,\"changeTag\":true,\"tag\":\"el-input\",\"tagIcon\":\"input\",\"required\":true,\"layout\":\"colFormItem\",\"span\":24,\"document\":\"https://element.eleme.cn/#/zh-CN/component/input\",\"regList\":[],\"formId\":101,\"renderKey\":\"1011711764344344\"},\"__slot__\":{\"prepend\":\"\",\"append\":\"\"},\"placeholder\":\"请输入单行文本\",\"style\":{\"width\":\"100%\"},\"clearable\":true,\"prefix-icon\":\"\",\"suffix-icon\":\"\",\"maxlength\":null,\"show-word-limit\":false,\"readonly\":false,\"disabled\":false,\"__vModel__\":\"field101\"},{\"__config__\":{\"label\":\"多行文本\",\"labelWidth\":null,\"showLabel\":true,\"tag\":\"el-input\",\"tagIcon\":\"textarea\",\"required\":true,\"layout\":\"colFormItem\",\"span\":24,\"regList\":[],\"changeTag\":true,\"document\":\"https://element.eleme.cn/#/zh-CN/component/input\",\"formId\":102,\"renderKey\":\"1021711764345898\"},\"type\":\"textarea\",\"placeholder\":\"请输入多行文本\",\"autosize\":{\"minRows\":4,\"maxRows\":4},\"style\":{\"width\":\"100%\"},\"maxlength\":null,\"show-word-limit\":false,\"readonly\":false,\"disabled\":false,\"__vModel__\":\"field102\"},{\"__config__\":{\"label\":\"上传\",\"tag\":\"el-upload\",\"tagIcon\":\"upload\",\"layout\":\"colFormItem\",\"defaultValue\":null,\"showLabel\":true,\"labelWidth\":null,\"required\":true,\"span\":24,\"showTip\":false,\"buttonText\":\"点击上传\",\"regList\":[],\"changeTag\":true,\"fileSize\":2,\"sizeUnit\":\"MB\",\"document\":\"https://element.eleme.cn/#/zh-CN/component/upload\",\"formId\":103,\"renderKey\":\"1031711764350141\"},\"__slot__\":{\"list-type\":true},\"action\":\"/dev-api/system/oss/upload\",\"disabled\":false,\"accept\":\"\",\"name\":\"file\",\"auto-upload\":true,\"list-type\":\"text\",\"multiple\":false,\"__vModel__\":\"field103\"},{\"__config__\":{\"label\":\"日期范围\",\"tag\":\"el-date-picker\",\"tagIcon\":\"date-range\",\"defaultValue\":null,\"span\":24,\"showLabel\":true,\"labelWidth\":null,\"required\":true,\"layout\":\"colFormItem\",\"regList\":[],\"changeTag\":true,\"document\":\"https://element.eleme.cn/#/zh-CN/component/date-picker\",\"formId\":105,\"renderKey\":\"1051711764365030\"},\"style\":{\"width\":\"100%\"},\"type\":\"daterange\",\"range-separator\":\"至\",\"start-placeholder\":\"开始日期\",\"end-placeholder\":\"结束日期\",\"disabled\":false,\"clearable\":true,\"format\":\"yyyy-MM-dd\",\"value-format\":\"yyyy-MM-dd\",\"readonly\":false,\"__vModel__\":\"field105\"}]}', 'admin', '2024-03-30 10:07:56', 'admin', '2024-03-30 10:07:56', '测试表单', '0');

SET FOREIGN_KEY_CHECKS = 1;
